Label,Area (µm^2),EquivalentDiameter (µm),MajorAxisLength (µm),MinorAxisLength (µm),Perimeter (µm),Orientation (deg),AspectRatio,Circularity,Solidity,Grain Class
1,236304.0,548.5176363428052,744.6666477679884,579.5783744578753,3856.057141399491,34.4110888243737,1.284842017206962,0.19970733457632608,0.6739219712525667,Coarse Sand
2,316224.0,634.5304577357434,1340.3995136954154,438.8615181105514,4301.482681718908,-78.59054929647074,3.05426531691886,0.21476738759218175,0.6009852216748769,Coarse Sand
3,3600.0,67.70275002573075,118.92199864026333,37.703302765211525,218.48528137423855,86.85560532872738,3.1541533478067474,0.9476937012743862,0.9615384615384616,Very Fine Sand
4,3744.0,69.0435287010191,101.33479735359475,47.71951735328164,218.9116882454314,86.47237786235907,2.1235503411189893,0.9817655835924427,0.9285714285714286,Very Fine Sand
5,5904.0,86.7018239261228,122.86274981903742,62.04316133239974,276.8528137423857,82.89553262122965,1.9802786831056738,0.9679620470938508,0.9761904761904762,Very Fine Sand
6,381888.0,697.3054590778863,1105.6219470082442,699.8555169292948,4939.967963093146,-72.76335539909374,1.5797859990577787,0.19665165738127008,0.6311280342693956,Coarse Sand
7,5040.0,80.10697413749455,184.8170558897627,35.10122294508164,331.45584412271575,87.59157367135057,5.265259736930595,0.5764863637836475,0.9210526315789473,Very Fine Sand
8,80064.0,319.28146032877646,459.83069744572003,224.41162784258836,1191.0580079512683,58.68870384646044,2.049050229109627,0.7092205662060008,0.934453781512605,Medium Sand
9,11520.0,121.11036105696769,153.42097693094667,113.16432228204225,454.79393923934003,75.90770673652737,1.3557362765675542,0.6998951856509569,0.8695652173913043,Very Fine Sand
10,1119024.0,1193.6438364552973,2392.6412323411864,1028.523921259859,9974.522938113194,-76.3423428545143,2.326286421622935,0.1413399711314968,0.5697631791187037,Very Coarse Sand
11,35856.0,213.66627510214147,430.5651152952525,120.0326586117487,974.1320343559643,86.61629277207714,3.587066389056129,0.47482770660957757,0.9021739130434783,Fine Sand
12,138528.0,419.9753893421288,692.27380698539,279.25161405757467,1789.352380466497,85.55796013161256,2.479032428592017,0.5436954234493152,0.93488824101069,Medium Sand
13,5760.0,85.63795757533302,95.37496501105822,78.07442634524715,256.97056274847716,-74.87180818970153,1.2215903398291732,1.096138914892818,0.975609756097561,Very Fine Sand
14,549360.0,836.3413634968133,1083.501659211629,811.612516694144,5188.349780811165,43.89383655028878,1.3349987055706614,0.2564533663970818,0.7169704942679948,Coarse Sand
15,54864.0,264.30099201923167,359.6353617882589,209.62758862818356,1005.5878784786801,85.17024161523435,1.7155917507887957,0.6818004326575865,0.9361179361179361,Medium Sand
16,983232.0,1118.8788424351599,2009.0732725462658,1003.6276070551221,7845.966229989593,-76.44238281802726,2.0018114870727364,0.2007118433211854,0.589942975635044,Very Coarse Sand
17,24336.0,176.0271500669,339.6951165592463,107.21671314335262,816.0731598529185,-87.31915112473375,3.168303770934123,0.45919893474438034,0.898936170212766,Fine Sand
18,340992.0,658.911601687459,830.8441656832587,583.2431249043492,3341.409521865988,-78.35653188159716,1.4245245768126553,0.3837908729573746,0.8835820895522388,Coarse Sand
19,26928.0,185.16423645139594,237.3260226700579,150.93461968117052,659.6467529817256,-57.638093016684095,1.5723763254008778,0.77766240589192,0.8947368421052632,Fine Sand
20,25632.0,180.65346941216404,247.30511722662993,138.79031630839376,642.6761902332486,-89.65644252659843,1.7818614713516105,0.7798443631719055,0.956989247311828,Fine Sand
21,254160.0,568.864274401099,915.4664155216334,391.5551093625347,2962.73333163274,-56.8471538803274,2.3380269944939407,0.36385800913721095,0.8205485820548583,Coarse Sand
22,21888.0,166.93911211924916,214.01314659355876,157.05454249339914,676.6173157302028,13.382453080547297,1.362667664340581,0.6007997292462778,0.8260869565217391,Fine Sand
23,1152.0,38.29845891853754,53.665631459994955,24.0,96.0,90.00003218077504,2.23606797749979,1.5707963267948966,1.0,Silt or smaller
24,12960.0,128.45693636299953,246.7695728018732,87.21465310920385,593.8233764908628,-85.25167410085791,2.8294508319936362,0.46184929543723213,0.8035714285714286,Fine Sand
25,15408.0,140.06453835742786,250.00919842105318,87.35248532403028,555.7645019878171,-88.74478650965632,2.862073099507757,0.6268657269420411,0.9304347826086956,Fine Sand
26,80208.0,319.56845495780385,464.6654129883418,234.7343459193654,1315.1757569573601,-72.25729511497791,1.9795373837110357,0.5827200504589921,0.901294498381877,Medium Sand
27,2304.0,54.162200020584606,75.8946638440411,37.46998799039039,153.9411254969543,90.00003218077504,2.025478734167333,1.2217519021653156,1.0,Silt or smaller
28,130032.0,406.89296440341985,554.119618888195,322.54415824759064,1546.940258945177,71.11731946363274,1.7179651366150084,0.6828306741734136,0.9328512396694215,Medium Sand
29,41904.0,230.98447974394784,558.7398602505425,198.36527809285622,1326.3229432149742,-80.56438364555213,2.8167220877687695,0.2993413965959408,0.563953488372093,Fine Sand
30,38592.0,221.66835703460112,289.4574772580387,183.06776017083837,805.352380466497,-44.51741418403494,1.581149389646313,0.7477135599133647,0.9241379310344827,Fine Sand
31,55872.0,266.7179031175879,458.9015432822683,176.82037974914508,1213.352380466497,-84.44635788067117,2.595297804095385,0.476903147452266,0.8527472527472527,Medium Sand
32,63792.0,284.9956088043209,822.7351124797669,125.39668055776755,1858.5138520739843,71.33201460087079,6.5610597411368525,0.23208361342451658,0.6889580093312597,Medium Sand
33,177696.0,475.65699210803103,696.7419291304802,380.32541284802403,2163.9839815465725,-84.05443289125247,1.8319625920156288,0.4768474148007335,0.8696264975334743,Medium Sand
34,1440.0,42.81897878766651,67.88225099390857,24.0,120.0,90.00003218077504,2.8284271247461903,1.2566370614359172,1.0,Silt or smaller
35,4608.0,76.59691783707508,86.53323061113574,67.34983296193094,218.9116882454314,45.00001609038752,1.284832148879242,1.2083268721137757,1.0,Very Fine Sand
36,238752.0,551.3515101862056,1038.0166634277475,365.809247779464,2671.8216433873085,-43.353325453376364,2.837590000058004,0.42028312731655015,0.8095703125,Coarse Sand
37,9936.0,112.47625578978247,170.91329222766745,77.82441119895019,395.64675298172574,46.06481945132493,2.1961398691568,0.7976387332125268,0.8961038961038961,Very Fine Sand
38,1310112.0,1291.5441945330688,2533.1187483214835,1049.3977182140534,14610.019905181973,-68.32364070644778,2.4138786509203984,0.07712881755625527,0.6021975112523167,Very Coarse Sand
39,30096.0,195.7534606037642,373.2774228316082,125.86579203411844,878.5584412271571,-73.71215456423288,2.965678098862826,0.48997884607948305,0.8007662835249042,Fine Sand
40,99648.0,356.19625791657256,440.7308018998459,322.36267144585247,1402.940258945177,-65.75249428146954,1.3671893210311599,0.6362094192096173,0.8522167487684729,Medium Sand
41,1728.0,46.905841142680316,53.665631459994955,39.191835884530846,120.0,90.00003218077504,1.3693063937629155,1.5079644737231006,1.0,Silt or smaller
42,1296.0,40.621650015438455,39.191835884530846,39.191835884530846,96.0,-45.00001609038752,1.0,1.7671458676442586,1.0,Silt or smaller
43,183456.0,483.3047009071338,703.1924387517602,408.13015381454085,2531.9393923934003,16.75611107061438,1.7229612469930342,0.3596128258711497,0.7922885572139303,Medium Sand
44,10944.0,118.04377822478244,237.55500234477472,65.35289100230473,501.58787847867995,-34.598091356731544,3.6349578220862044,0.5466280116124765,0.8351648351648352,Very Fine Sand
45,13248.0,129.87639311534423,166.18768200067296,113.07657669134556,453.58787847868,-30.059812496729418,1.4696914857468648,0.8091653985637836,0.8846153846153846,Fine Sand
46,133488.0,412.26472120181154,704.1819211136726,302.8047609351156,2345.263202160151,74.95914329927415,2.3255312067717564,0.30497828046300823,0.7264890282131662,Medium Sand
47,1296.0,40.621650015438455,39.191835884530846,39.191835884530846,96.0,-45.00001609038752,1.0,1.7671458676442586,1.0,Silt or smaller
48,2304.0,54.162200020584606,53.665631459994955,53.665631459994955,144.0,-45.00001609038752,1.0,1.3962634015954636,1.0,Silt or smaller
49,47952.0,247.0918506327971,322.09084409796327,197.67330977527234,956.3818177180201,86.60647551772442,1.6294098806972814,0.6588005723231095,0.9123287671232877,Fine Sand
50,1296.0,40.621650015438455,39.191835884530846,39.191835884530846,96.0,-45.00001609038752,1.0,1.7671458676442586,1.0,Silt or smaller
51,67680.0,293.5521289101406,552.3844726229493,171.0782551353856,1296.9991334482227,-48.663186628660895,3.2288409312206903,0.5055811136681166,0.8348134991119005,Medium Sand
52,3888.0,70.35876171402046,80.73804998157661,61.87749247744203,201.9411254969543,-66.02365383386463,1.3048048126871068,1.1980820884424095,1.0,Very Fine Sand
53,3168.0,63.51080914081473,80.53781101287771,50.05921953111047,184.97056274847716,-10.073516475086809,1.6088507125610618,1.1635627281466239,0.9565217391304348,Very Fine Sand
54,8496.0,104.00693809583063,110.548543888322,97.66075027637868,310.79393923934,8.667741527576549,1.131964925269067,1.1052977491067864,0.9516129032258065,Very Fine Sand
55,4752.0,77.78453777314289,93.56523300753196,64.1346213178584,228.8528137423857,-56.34209835551497,1.458888055856947,1.1401809566205188,0.9428571428571428,Very Fine Sand
56,3609936.0,2143.901413116535,4896.182181577047,1668.4297244863533,30346.846301849604,-28.192245179175593,2.9346049819895157,0.04925861949089629,0.49078877816715283,Very Coarse Sand
57,3600.0,67.70275002573075,77.51059143745259,58.371001490605764,187.88225099390854,-24.97244207529568,1.327895521030715,1.2815656405965272,1.0,Very Fine Sand
58,24336.0,176.0271500669,256.29263648151715,135.10866783090077,696.4995667241113,34.186689713654786,1.8969370403554549,0.6304016766262794,0.8407960199004975,Fine Sand
59,1296.0,40.621650015438455,39.191835884530846,39.191835884530846,96.0,-45.00001609038752,1.0,1.7671458676442586,1.0,Silt or smaller
60,111024.0,375.97891857746055,415.9862416019314,351.1411721528563,1347.9108216936543,-85.85206231361208,1.184669513550656,0.7678995517106969,0.927797833935018,Medium Sand
61,46656.0,243.72990009263071,338.95814900190334,194.87539925854531,1031.2935059634513,-83.32321486120311,1.739358329946,0.5512553283194005,0.7980295566502463,Fine Sand
62,1002960.0,1130.0479342875587,1884.8524404354744,937.7199754497212,9036.817310628423,-27.280878646537325,2.0100376336032704,0.15433430538144305,0.6565180507116599,Very Coarse Sand
63,8352.0,103.12175656779746,144.67008899224146,73.66712950352058,334.79393923934003,-21.474173096545808,1.9638350233984292,0.9363650062762231,0.9508196721311475,Very Fine Sand
64,7056.0,94.78385003602305,146.86649545925115,63.83249457496315,327.7645019878171,-39.939225303496286,2.3008108399519798,0.8253622543181163,0.9074074074074074,Very Fine Sand
65,1728.0,46.905841142680316,53.665631459994955,39.191835884530846,120.0,90.00003218077504,1.3693063937629155,1.5079644737231006,1.0,Silt or smaller
66,2592.0,57.4476883778063,81.97560612767678,39.191835884530846,168.0,90.00003218077504,2.091650066335189,1.1540544441758422,1.0,Silt or smaller
67,6336.0,89.81784764422932,100.09576907106252,81.46921939166597,276.8528137423857,19.4432677124469,1.2286329710592756,1.0387885383446205,0.8979591836734694,Very Fine Sand
68,87552.0,333.8782242384983,515.3525634888952,249.60102205013374,1695.5575746753802,-66.96887121600278,2.064705341572615,0.3826932945413712,0.8491620111731844,Medium Sand
69,2160.0,52.4423246684198,55.42562584220407,48.3189403857328,136.97056274847716,-45.00001609038752,1.1470786693528088,1.446802115179039,1.0,Silt or smaller
70,5184.0,81.24330003087691,130.60616187981938,57.25408700715103,290.9116882454314,5.217878675555316,2.281167488768211,0.76975499461021,0.8571428571428571,Very Fine Sand
71,27504.0,187.13412419544414,217.21121377220825,189.03835563099835,781.3523804664972,-57.933578432311144,1.1490324968558399,0.5661243618495633,0.8377192982456141,Fine Sand
72,1296.0,40.621650015438455,39.191835884530846,39.191835884530846,96.0,-45.00001609038752,1.0,1.7671458676442586,1.0,Silt or smaller
73,55296.0,265.33950679398566,325.41330826746866,226.46503742834426,973.352380466497,-72.2148476267773,1.4369251517264894,0.7334379703678922,0.897196261682243,Medium Sand
74,4608.0,76.59691783707508,91.70360914032818,63.99959430057285,225.9411254969543,-74.87180818970153,1.4328779759078465,1.1343099948086781,0.9696969696969697,Very Fine Sand
75,6336.0,89.81784764422932,124.99493303209842,69.93505090010589,307.88225099390854,-32.623978098267926,1.7873002367673854,0.8399544327386548,0.8979591836734694,Very Fine Sand
76,31104.0,199.00463009548923,341.6750115152066,135.43624562701154,870.3229432149742,-32.58726619676462,2.5227737961385324,0.5160184648703005,0.8,Fine Sand
77,835488.0,1031.3953464853773,1588.152694279212,1088.9787722482,9692.346314604056,68.93222977422475,1.4583871924339407,0.11176150303140873,0.6040603852160333,Very Coarse Sand
78,44784.0,238.79020032534737,472.16764503130264,128.64657237147992,1078.0874452027915,-48.00855952915323,3.6702699211283383,0.4841999810420382,0.8474114441416893,Fine Sand
79,26928.0,185.16423645139594,295.62505326347724,122.9578828134452,690.6761902332485,-87.43528946698468,2.4042789815436807,0.7093572194436099,0.9396984924623115,Fine Sand
80,71568.0,301.8662083400627,631.8776583199472,160.8782895185032,1501.8519471906088,-24.002514805564548,3.927675140077074,0.39872594951495066,0.839527027027027,Medium Sand
81,63072.0,283.38271747856504,704.5086428567929,149.66830902843833,1784.0285706997456,-82.94446476432557,4.707133042593071,0.24902494693695232,0.6646433990895296,Medium Sand
82,164880.0,458.1830814597301,673.7305211091472,407.0503458029613,2585.2632021601516,10.692041254477992,1.6551528037155292,0.3100047252057396,0.7679409792085848,Medium Sand
83,9936.0,112.47625578978247,178.4838035112845,84.7428710298594,464.7350647362943,57.46481734965105,2.10618074821179,0.57811010881102,0.8023255813953488,Very Fine Sand
84,47232.0,245.22979055761397,487.851207587876,138.7006155936465,1188.146319705837,-18.20799764773639,3.5172966284240714,0.4204422442341696,0.7592592592592593,Fine Sand
85,77616.0,314.36246675480265,567.8490116704916,236.2731687389805,1627.6753236814714,-65.01442176189734,2.4033580059097392,0.36815064224985705,0.6990920881971465,Medium Sand
86,25344.0,179.63569528845863,233.61039970665684,145.5792340284184,648.4995667241113,-47.388093186630115,1.6046958981873332,0.7572959660050087,0.8979591836734694,Fine Sand
87,173952.0,470.61934223507114,898.8451668919863,301.653313149495,2670.615582626648,-52.762838368337604,2.979729138418353,0.30649015795971696,0.7554721701063164,Medium Sand
88,57456.0,270.4722745168227,347.0924321524369,282.6677368097967,1355.7199128346442,-25.246903848688547,1.227916691412118,0.3928305922667811,0.7687861271676301,Medium Sand
89,348912.0,666.5197341659399,950.7543270807723,757.9568202786895,4820.467529817257,2.2550783087372825,1.2543647627990127,0.18868937526509155,0.6030363364858138,Coarse Sand
90,26640.0,184.17139156705292,216.0625944795181,160.6492039208259,610.4406922210657,-18.766592905229214,1.3449341123781855,0.8983739126360475,0.9203980099502488,Fine Sand
91,1296.0,40.621650015438455,39.191835884530846,39.191835884530846,96.0,-45.00001609038752,1.0,1.7671458676442586,1.0,Silt or smaller
92,5040.0,80.10697413749455,90.18120533635802,81.1348084539376,259.88225099390854,90.00003218077504,1.1114983452207976,0.9377501901495247,0.8536585365853658,Very Fine Sand
93,140976.0,423.6699399987971,468.4675486452211,452.95769933655754,2047.322076663197,-18.333198720278006,1.0342412753583408,0.42265178632107137,0.7965825874694874,Medium Sand
94,1728.0,46.905841142680316,53.665631459994955,39.191835884530846,120.0,90.00003218077504,1.3693063937629155,1.5079644737231006,1.0,Silt or smaller
95,9360.0,109.16740419521352,184.9707598024077,65.4659785650603,402.6761902332485,31.92478464740765,2.8254486354096606,0.7253937521547569,0.8904109589041096,Very Fine Sand
96,9360.0,109.16740419521352,195.18401141910374,74.95051641716182,447.33809511662434,-4.6095442623344915,2.6041716688480534,0.5877788361614215,0.8552631578947368,Very Fine Sand
97,2736.0,59.02188911239122,66.53637880532506,51.548342602979766,160.97056274847716,-77.17952468446995,1.2907568981951887,1.3268842295691072,1.0,Silt or smaller
98,17280.0,148.3292935769048,172.80897339282714,129.97022241620255,481.7056274847713,85.77805287931308,1.329604352291115,0.9358153450370212,0.9523809523809523,Fine Sand
99,24768.0,177.58264848796605,367.62690348000115,89.85585548362141,792.4995667241113,-72.05753642677378,4.091296015171886,0.4955674077018551,0.8686868686868687,Fine Sand
100,2859552.0,1908.112860033841,3681.07370506247,2201.672819940739,23485.379638584127,-10.827452092854571,1.6719440198937239,0.06514974087200197,0.49205837896771315,Very Coarse Sand
101,1296.0,40.621650015438455,39.191835884530846,39.191835884530846,96.0,-45.00001609038752,1.0,1.7671458676442586,1.0,Silt or smaller
102,17712.0,150.17196414893561,170.27895014410285,142.9707791219446,505.7056274847714,38.542767419375664,1.1910052612839592,0.8703258733924233,0.9389312977099237,Fine Sand
103,138960.0,420.6297268814916,821.8051568373498,282.01424422274323,2041.4987001723343,-24.01629348074695,2.914055490715794,0.4189878738252198,0.7064421669106882,Medium Sand
104,656352.0,914.1626341445015,1313.9821699398321,855.3590405389327,6411.789606480454,-77.56097668614791,1.5361761642361744,0.20062643246654854,0.7048090304623473,Coarse Sand
105,235584.0,547.6813534409298,798.3223151153197,415.68939904342534,2334.1160159025367,-56.092328538757855,1.9204779264335348,0.5433889194682363,0.8665254237288136,Coarse Sand
106,1296.0,40.621650015438455,39.191835884530846,39.191835884530846,96.0,-45.00001609038752,1.0,1.7671458676442586,1.0,Silt or smaller
107,1085040.0,1175.3790178574063,2027.2803661386406,938.6059231840613,9086.023371389081,-57.46086059699633,2.1598844798053647,0.1651611558687791,0.6083481349911191,Very Coarse Sand
108,1124928.0,1196.7885421325846,1787.7075103983836,1064.9856917998434,10258.198261794665,-62.91439946570333,1.6786211534702673,0.13433600036841992,0.7144032921810699,Very Coarse Sand
109,9792.0,111.65823580035067,189.19557904159234,74.8651035941879,437.82337649086287,-2.414215484608561,2.5271531054994814,0.6419236508104431,0.8717948717948718,Very Fine Sand
110,5904.0,86.7018239261228,141.44099902994526,58.348172470530365,317.82337649086287,51.51789140167647,2.424086188841342,0.7344877187801329,0.8541666666666666,Very Fine Sand
111,21312.0,164.72790042186475,211.98078167326025,133.1106815156205,631.5290039756342,-80.94966319821924,1.5925151855554458,0.6715022458029536,0.891566265060241,Fine Sand
112,3024.0,62.05059534991693,96.0,39.191835884530846,192.0,90.00003218077504,2.4494897427831783,1.030835089459151,1.0,Silt or smaller
113,3600.0,67.70275002573075,79.23571602817006,57.37242983788638,194.9116882454314,69.10103499970626,1.3810765249451937,1.1907938922533645,0.9259259259259259,Very Fine Sand
114,670464.0,923.9379189757914,1854.8396696390462,660.9538605682238,7549.097397793777,-68.08483539316117,2.806307338978905,0.1478411290250824,0.6531986531986532,Coarse Sand
115,47520.0,245.97630610653323,297.258776730245,231.4478449804502,979.17575695736,-62.604797319118845,1.2843445431749587,0.6228235006450964,0.8208955223880597,Fine Sand
116,3600.0,67.70275002573075,82.95891109029532,56.14445538708587,201.9411254969543,-62.83468820012574,1.4775975742989789,1.109335267076305,0.9259259259259259,Very Fine Sand
117,149184.0,435.829058510066,1280.6023372231211,228.04464684427165,3023.5861453751254,-37.35565537159431,5.615577278153018,0.20506305267174083,0.6072684642438453,Medium Sand
118,1152.0,38.29845891853754,53.665631459994955,24.0,96.0,0.0,2.23606797749979,1.5707963267948966,1.0,Silt or smaller
119,1296.0,40.621650015438455,39.191835884530846,39.191835884530846,96.0,-45.00001609038752,1.0,1.7671458676442586,1.0,Silt or smaller
120,40320.0,226.5767385318311,472.17113697327056,181.64127312713543,1209.2346314604056,-64.69524555441821,2.5994705324642036,0.3465047835077871,0.6167400881057269,Fine Sand
121,4032.0,71.64985585730216,95.76048406964752,54.41686316638648,218.9116882454314,-68.95804036928124,1.7597575181216834,1.0572860130995538,0.9333333333333333,Very Fine Sand
122,9504.0,110.00394826170097,157.1372894732068,79.5240253264449,368.73506473629425,-60.66412302425651,1.9759725294105857,0.8783900635524622,0.9295774647887324,Very Fine Sand
123,709920.0,950.7356191909435,1640.0564635140333,754.8678607927529,7510.185709548347,-79.591226657002,2.1726404695408097,0.15816774499900632,0.6784092472822347,Coarse Sand
124,136224.0,416.4682265695701,709.0461253091578,442.10700951159356,3103.8216433873085,-27.563186252930983,1.603788472144919,0.17769286026621636,0.6083601286173633,Medium Sand
125,538416.0,827.9689261790732,1361.851658151557,675.8803985281489,4983.850214087053,-40.5177270292001,2.014929950797854,0.2723942014568946,0.7050726004148595,Coarse Sand
126,6768.0,92.82933393474059,122.78255449589264,70.68273878895795,293.82337649086287,-84.4636640153527,1.7370939015604998,0.9851390257324142,0.94,Very Fine Sand
127,101232.0,359.0161355602698,538.1245791345804,336.3664943004703,1978.16060505571,-34.42949257224827,1.5998162369105737,0.32509072857104904,0.68054211035818,Medium Sand
128,25344.0,179.63569528845863,227.3107989995964,149.86056548644532,631.5290039756342,-37.79513932151006,1.5168153026898616,0.798543211225134,0.9072164948453608,Fine Sand
129,87408.0,333.60354033824507,407.3217370474113,278.1083432734268,1178.2051942088826,74.06286738960512,1.4646153087429896,0.7912599443176043,0.9367283950617284,Medium Sand
130,376992.0,692.8211330847223,873.4591351612739,570.9505319403117,2646.1160159025367,71.33126623297925,1.529833297804138,0.6765879137903404,0.9250883392226148,Coarse Sand
131,2160.0,52.4423246684198,67.88225099390857,39.191835884530846,144.0,0.0,1.7320508075688776,1.308996938995747,1.0,Silt or smaller
132,4032.0,71.64985585730216,76.07930100919188,67.47955970781771,204.8528137423857,44.38622645485115,1.1274421667629504,1.2073870691739297,0.9333333333333333,Very Fine Sand
133,3024.0,62.05059534991693,73.32121111929344,51.46665256776093,170.91168824543144,45.00001609038752,1.4246353213424716,1.3009126076835014,1.0,Silt or smaller
134,4464.0,75.39059177177062,107.5401434531137,52.742517129933304,232.97056274847716,87.36883354015546,2.0389649433716683,1.0335510974959958,1.0,Very Fine Sand
135,6048.0,87.75279349717744,110.65944781502557,70.2511302624462,269.8233764908628,-86.70671186652345,1.5751981128505808,1.0439086621127163,0.9333333333333333,Very Fine Sand
136,113472.0,380.1013517736926,450.36224015837297,351.83620708276044,1479.0580079512683,-84.56110425672946,1.2800338086080971,0.6518207164714891,0.8640350877192983,Medium Sand
137,154512.0,443.5434460524915,665.0065984567437,324.52366402672953,2027.4398256692884,15.992920007087784,2.049177524391473,0.47236328219675777,0.8674211802748585,Medium Sand
138,13968.0,133.35895155879396,167.48981474030035,107.17570936449975,430.79393923934003,-4.600702312412723,1.5627590965661355,0.9458122204681324,0.941747572815534,Fine Sand
139,3312.0,64.93819655767211,70.54834482871576,60.24264924968429,184.97056274847716,-37.89208681201085,1.171069760500041,1.2164519430623792,0.9583333333333334,Very Fine Sand
140,200304.0,505.00987492189904,733.3256387742871,389.63279348833794,2557.1454531540594,-59.5606753008884,1.882094246248901,0.3849360826849647,0.8339328537170264,Coarse Sand
141,42480.0,232.56658371388977,320.93436149804523,192.0000244914791,911.2935059634515,-18.63032710307383,1.6715329195819357,0.6428028908696266,0.8912386706948641,Fine Sand
142,2016.0,50.66409894773703,57.37097324805089,42.54745250054008,129.94112549695427,45.00001609038752,1.3483997249264839,1.5004003042392393,1.0,Silt or smaller
143,15552.0,140.71752342804092,167.01189450073477,142.68177467241753,563.6467529817256,-60.70433760624461,1.1705201654813773,0.6151515074863332,0.8181818181818182,Fine Sand
144,4608.0,76.59691783707508,122.25838357167483,50.26318380724834,259.88225099390854,-3.4646695195070527,2.432364492478573,0.8573716024224225,0.9411764705882353,Very Fine Sand
145,2880.0,60.555180528483845,81.6854560805809,44.80855124758539,177.94112549695427,16.11893816715957,1.8229881084357242,1.1430090930538366,0.9523809523809523,Silt or smaller
146,1296.0,40.621650015438455,39.191835884530846,39.191835884530846,96.0,-45.00001609038752,1.0,1.7671458676442586,1.0,Silt or smaller
147,27936.0,188.59803795830302,213.4107550182718,172.27480700360718,679.5290039756342,18.002575377073114,1.2387809844639865,0.7602529072708009,0.919431279620853,Fine Sand
148,1296.0,40.621650015438455,39.191835884530846,39.191835884530846,96.0,-45.00001609038752,1.0,1.7671458676442586,1.0,Silt or smaller
149,152352.0,440.4322775631817,606.0535061515436,379.8211688481311,2044.4103884177655,-60.2076391470211,1.5956285638041148,0.45805946932819785,0.7728268809349891,Medium Sand
150,61488.0,279.8016317441263,438.1649892104458,196.24211394745032,1414.5138520739843,-20.360932109451188,2.232777564390575,0.38617648173486613,0.8591549295774648,Medium Sand
151,26784.0,184.66848124730598,335.380845852579,128.33873458563522,836.3818177180199,-69.2121972594725,2.6132472548947643,0.48114517422512976,0.7126436781609196,Fine Sand
152,1728.0,46.905841142680316,53.665631459994955,39.191835884530846,120.0,90.00003218077504,1.3693063937629155,1.5079644737231006,1.0,Silt or smaller
153,40176.0,226.17177531531183,556.4609094710283,137.44339531714255,1237.8519471906086,-52.493247601448715,4.048655144083334,0.32948765777047084,0.6549295774647887,Fine Sand
154,1728.0,46.905841142680316,53.665631459994955,39.191835884530846,120.0,0.0,1.3693063937629155,1.5079644737231006,1.0,Silt or smaller
155,1728.0,46.905841142680316,53.665631459994955,39.191835884530846,120.0,90.00003218077504,1.3693063937629155,1.5079644737231006,1.0,Silt or smaller
156,13968.0,133.35895155879396,256.59863483260403,112.7434105424767,618.6761902332485,19.985762006115962,2.2759523913455597,0.45858229704988895,0.6598639455782312,Fine Sand
157,378000.0,693.746746233733,1063.9478419225225,586.0031690065449,3934.8796513385764,-44.99516106773115,1.8156008332279847,0.30678827390112123,0.7704725565013208,Coarse Sand
158,14976.0,138.0870574020382,283.76955413832405,81.27548246219281,618.6761902332485,65.03719929635722,3.4914533330555875,0.49167586487823145,0.7647058823529411,Fine Sand
159,1296.0,40.621650015438455,39.191835884530846,39.191835884530846,96.0,-45.00001609038752,1.0,1.7671458676442586,1.0,Silt or smaller
160,33120.0,205.3526082659497,320.505913561551,151.75573714923877,970.4406922210658,-25.829804211710883,2.111985481289323,0.44193886323893283,0.7744107744107744,Fine Sand
161,439920.0,748.4140167847559,1143.6623199905334,559.7785309617459,4380.232031805074,-66.8665430065619,2.04306213392219,0.288130569179186,0.7947450572320499,Coarse Sand
162,3024.0,62.05059534991693,96.0,39.191835884530846,192.0,0.0,2.4494897427831783,1.030835089459151,1.0,Silt or smaller
163,1296.0,40.621650015438455,39.191835884530846,39.191835884530846,96.0,-45.00001609038752,1.0,1.7671458676442586,1.0,Silt or smaller
164,150048.0,437.0892897434363,547.4764847027986,360.83591971156244,1723.6753236814711,-28.358115356605946,1.5172449714552505,0.634642491939935,0.8905982905982905,Medium Sand
165,15120.0,138.7493492467466,182.18909744397507,117.99683719861437,536.7350647362944,13.395630751342496,1.5440167869695622,0.6595408780730019,0.813953488372093,Fine Sand
166,1296.0,40.621650015438455,39.191835884530846,39.191835884530846,96.0,-45.00001609038752,1.0,1.7671458676442586,1.0,Silt or smaller
167,1296.0,40.621650015438455,39.191835884530846,39.191835884530846,96.0,-45.00001609038752,1.0,1.7671458676442586,1.0,Silt or smaller
168,1728.0,46.905841142680316,53.665631459994955,39.191835884530846,120.0,90.00003218077504,1.3693063937629155,1.5079644737231006,1.0,Silt or smaller
169,324000.0,642.2846818149976,916.8900631410287,550.5542970186361,3577.291772859897,58.279826181327834,1.6653944363093258,0.3181604166803632,0.7845188284518828,Coarse Sand
170,640224.0,902.8612929395772,1304.9826181627068,771.4563780131234,5394.554975020048,-83.62423587160625,1.6915831605717926,0.2764588950630717,0.7262332571055211,Coarse Sand
171,9936.0,112.47625578978247,165.76498496445475,76.96072210226181,389.8233764908628,-78.43974993243646,2.153890717711744,0.8216477856548215,0.9078947368421053,Very Fine Sand
172,91728.0,341.7480313907704,407.0751594929884,299.00341008136337,1281.2346314604056,-80.73784608861969,1.3614398557602305,0.7021896929390956,0.9165467625899281,Medium Sand
173,1269216.0,1271.2261805086396,2432.665820563301,1022.0962981875812,10308.96363033426,72.14418127626504,2.3800749742240472,0.15007743116217465,0.6287630189756028,Very Coarse Sand
174,83664.0,326.3806263716072,553.2641871020904,227.43500172546572,1621.8519471906084,-82.35837833418068,2.4326255101663268,0.3996925702504248,0.7894021739130435,Medium Sand
175,11376.0,120.35104096312259,148.37789395509955,101.04320122435678,402.6761902332485,5.5601010290787025,1.4684599474005244,0.8816324064650121,0.9080459770114943,Very Fine Sand
176,3168.0,63.51080914081473,78.71959892164276,49.95586434022874,177.94112549695427,12.557421933154789,1.5757829428296166,1.2573100023592203,1.0,Very Fine Sand
177,90864.0,340.1347350577648,520.4462008924352,307.634197183266,1834.9402589451772,-13.962136623616908,1.6917696590876448,0.33912347734520454,0.7066069428891377,Medium Sand
178,96048.0,349.70289074115885,481.967716964348,265.6222206665989,1289.9696961967,-51.37280632149119,1.8144856848000666,0.7253359014650614,0.9354838709677419,Medium Sand
179,1296.0,40.621650015438455,39.191835884530846,39.191835884530846,96.0,-45.00001609038752,1.0,1.7671458676442586,1.0,Silt or smaller
180,705456.0,947.7417772108017,1720.460245336605,732.0665809040051,7043.318610456088,-33.40866115217871,2.3501417633517225,0.17870023620172545,0.6931239388794567,Coarse Sand
181,502560.0,799.9245374421912,1523.4659586563423,620.8421525830613,6114.554975020048,-69.21549176333876,2.45387004139111,0.16891494457491016,0.5753379492251895,Coarse Sand
182,54720.0,263.953912431523,315.5709993374899,223.0209969876368,912.4995667241113,-10.927051512780187,1.4149833585175104,0.8258299304482953,0.9429280397022333,Medium Sand
183,6624.0,91.83647828790974,165.9479731391439,56.08978660915582,351.76450198781714,22.679953663195757,2.958613023356651,0.6727073395165497,0.8214285714285714,Very Fine Sand
184,10656.0,116.4802154389229,153.93058997680288,92.26357375120321,399.7645019878171,-59.28826992619876,1.6683787947764757,0.8379066191966114,0.9024390243902439,Very Fine Sand
185,5040.0,80.10697413749455,91.0131379648229,71.10104152226754,235.88225099390854,55.23115551038615,1.2800535128071122,1.1382820133946692,0.9722222222222222,Very Fine Sand
186,2160.0,52.4423246684198,55.42562584220407,48.3189403857328,136.97056274847716,-45.00001609038752,1.1470786693528088,1.446802115179039,1.0,Silt or smaller
187,1296.0,40.621650015438455,39.191835884530846,39.191835884530846,96.0,-45.00001609038752,1.0,1.7671458676442586,1.0,Silt or smaller
188,3168.0,63.51080914081473,80.53781101287771,50.059219531110465,184.97056274847716,10.073516475086809,1.6088507125610623,1.1635627281466239,0.9565217391304348,Very Fine Sand
189,3312.0,64.93819655767211,64.86373677044891,64.32432003098062,177.94112549695427,90.00003218077504,1.0083858910472507,1.314460457011912,1.0,Very Fine Sand
190,137088.0,417.78686277652866,575.8526573911038,317.23407350002094,1700.881384442131,-87.53799376823679,1.8152295276410961,0.5954718676194806,0.8782287822878229,Medium Sand
191,26784.0,184.66848124730598,252.37789952463595,137.66858133687577,655.5290039756342,15.678370702419098,1.8332280108782835,0.7832519352202532,0.9207920792079208,Fine Sand
192,425952.0,736.4366439545441,1569.4143531031314,572.2647214520528,5753.555841571825,63.32416864029113,2.7424621757583303,0.1616954728583215,0.576271186440678,Coarse Sand
193,1296.0,40.621650015438455,39.191835884530846,39.191835884530846,96.0,-45.00001609038752,1.0,1.7671458676442586,1.0,Silt or smaller
194,3744.0,69.0435287010191,96.89501578913641,51.736653921663574,218.9116882454314,-65.19337566774426,1.872850454067803,0.9817655835924427,0.8666666666666667,Very Fine Sand
195,1296.0,40.621650015438455,39.191835884530846,39.191835884530846,96.0,-45.00001609038752,1.0,1.7671458676442586,1.0,Silt or smaller
196,103536.0,363.07868224904064,429.12314876204255,366.84595027384523,1782.8225099390856,37.33263240392444,1.1697638980114358,0.40934079508976645,0.8115124153498872,Medium Sand
197,2448.0,55.82911790017533,68.34367819768178,44.475331873088976,153.94112549695427,-65.09828039726955,1.5366648278803514,1.2981113960506483,0.9444444444444444,Silt or smaller
198,101664.0,359.78135732129806,422.98944360815415,314.5253641368462,1284.1463197058372,11.962178765847437,1.3448500243182822,0.7747258270333013,0.9204693611473272,Medium Sand
199,3744.0,69.0435287010191,128.86424529813274,36.587179016126115,235.45584412271575,2.3048113986445915,3.5221148162675977,0.8486463652594907,0.9629629629629629,Very Fine Sand
200,269856.0,586.1666406270933,973.1243335920179,479.2466638236015,3931.967963093145,-79.7790050409101,2.0305291764121707,0.2193421021651892,0.65364492500872,Coarse Sand
201,2736.0,59.02188911239122,66.53637880532507,51.548342602979766,160.97056274847716,-12.820507496305085,1.290756898195189,1.3268842295691072,1.0,Silt or smaller
202,356832.0,674.0419966344364,1042.0984642486842,505.0159936269865,3569.056274847714,71.43655208569203,2.0634959632949683,0.3520196175164763,0.8205298013245033,Coarse Sand
203,567792.0,850.2559776821729,1417.4101654193164,708.4755611877368,5974.672724026139,-65.53637672312851,2.0006479306683116,0.19988071372739888,0.6717206132879046,Coarse Sand
204,1296.0,40.621650015438455,39.191835884530846,39.191835884530846,96.0,-45.00001609038752,1.0,1.7671458676442586,1.0,Silt or smaller
205,84528.0,328.06156775424614,531.5152355913722,217.3184787546308,1333.8519471906088,-32.32713867128529,2.445789417620089,0.5970286922468675,0.8581871345029239,Medium Sand
206,158400.0,449.0892382211466,577.5269304291312,360.17651378914735,1744.7636354360395,-74.87498056029627,1.603455273508544,0.6538706430122563,0.9212730318257957,Medium Sand
207,17568.0,149.5602631781161,238.99711654917863,102.06502027868936,594.6761902332485,83.36428500873437,2.3416163137634722,0.624268017663867,0.8591549295774648,Fine Sand
208,2304.0,54.162200020584606,53.665631459994955,53.665631459994955,144.0,-45.00001609038752,1.0,1.3962634015954636,1.0,Silt or smaller
209,7488.0,97.64229468307727,163.52131145751486,81.40133382763796,409.7056274847714,-61.02767071629086,2.0088284032760524,0.560572567830753,0.7323943661971831,Very Fine Sand
210,1296.0,40.621650015438455,39.191835884530846,39.191835884530846,96.0,-45.00001609038752,1.0,1.7671458676442586,1.0,Silt or smaller
211,537264.0,827.0826867747822,1638.3492346394419,802.226097476889,6659.318610456087,75.82668429356528,2.042253723473064,0.15224323979981896,0.5174757281553398,Coarse Sand
212,43488.0,235.30967111753557,529.4204606189611,164.22014371745203,1222.087445202791,-47.111923859279635,3.2238460436976126,0.3659103837903609,0.6696230598669624,Fine Sand
213,22608.0,169.66260527108665,288.19289039867243,106.70675277071373,679.5290039756343,-32.162073797054745,2.70079336982475,0.6152562187706995,0.8971428571428571,Fine Sand
214,1296.0,40.621650015438455,39.191835884530846,39.191835884530846,96.0,-45.00001609038752,1.0,1.7671458676442586,1.0,Silt or smaller
215,6336.0,89.81784764422932,105.2111874192498,78.37583384620345,276.8528137423857,-24.836722655779123,1.3423932130113632,1.0387885383446205,0.9361702127659575,Very Fine Sand
216,711504.0,951.7956866036152,1716.756076370695,1374.4461992079175,9890.596097966112,-82.21758896242707,1.2490529475508374,0.09139917509289816,0.52374390502438,Coarse Sand
217,15984.0,142.6585464774082,208.18086453003275,109.80077630742738,529.7056274847714,-21.153485847838628,1.895987182705834,0.7158568107915637,0.8604651162790697,Fine Sand
218,13248.0,129.87639311534423,234.59027227520238,94.68040757821667,587.6467529817256,30.81253274680606,2.477706616138132,0.4820893104647986,0.7244094488188977,Fine Sand
219,4320.0,74.1646467884524,79.09281897007634,71.7217260484348,218.9116882454314,58.34155334792583,1.1027735015281663,1.1328064426066646,0.9375,Very Fine Sand
220,109728.0,373.7780474622606,455.44811481369857,336.9683783888255,1535.7930726875625,-47.35162038013406,1.3516049102036516,0.5846041833407096,0.8619909502262444,Medium Sand
221,38160.0,220.42418430629112,433.7623683445187,135.1657336030225,1007.2935059634515,-83.63690639168199,3.2091148901574797,0.4726135424772806,0.8054711246200608,Fine Sand
222,2160.0,52.4423246684198,55.42562584220407,48.3189403857328,136.97056274847716,45.00001609038752,1.1470786693528088,1.446802115179039,1.0,Silt or smaller
223,1808352.0,1517.3876489549139,3045.7689489227023,1528.7908033064596,14292.696095415224,71.8162632188823,1.9922732020204017,0.11124090565566239,0.5106746370623398,Very Coarse Sand
224,93312.0,344.68613026683784,407.0986477690449,304.8934188911041,1229.1168824543142,-56.20908065285976,1.3352162511400236,0.7761774016118118,0.9230769230769231,Medium Sand
225,1296.0,40.621650015438455,39.191835884530846,39.191835884530846,96.0,-45.00001609038752,1.0,1.7671458676442586,1.0,Silt or smaller
226,64800.0,287.23844188903155,653.562296267778,179.468986387529,1560.9991334482227,-69.50461157238622,3.6416447734124664,0.33417930074490754,0.6446991404011462,Medium Sand
227,17712.0,150.17196414893561,163.22137138117748,149.16148693018008,515.6467529817256,47.94347964218651,1.0942594817225078,0.8370914244850156,0.9318181818181818,Fine Sand
228,704592.0,947.1612308915719,1694.671030988194,691.2680726306899,7698.774454578803,-78.26300316671453,2.45153956632042,0.1493841012879728,0.7174486803519061,Coarse Sand
229,3024.0,62.05059534991693,77.92242766912692,49.225152862260856,177.94112549695427,85.55210210552355,1.5829799023106177,1.2001595477065286,0.9545454545454546,Silt or smaller
230,11376.0,120.35104096312259,162.16200540520597,96.63406516995715,440.7350647362943,13.608852928953082,1.6781039390198498,0.7359431019655859,0.8777777777777778,Very Fine Sand
231,6048.0,87.75279349717744,122.67053517901837,63.91656713243645,283.88225099390854,-71.23945337923048,1.9192290932152611,0.9430726846731465,0.9333333333333333,Very Fine Sand
232,2016.0,50.66409894773703,57.37097324805089,42.54745250054008,129.94112549695427,-45.00001609038752,1.3483997249264839,1.5004003042392393,1.0,Silt or smaller
233,154224.0,443.1298856399055,723.7685644377925,316.2605613996165,2184.2926394116744,65.65729872870659,2.2885198243965115,0.40620024625575246,0.825115562403698,Medium Sand
234,458640.0,764.1718293664946,1836.3320938070765,501.98137836175124,5864.613849523093,-59.56868180868925,3.6581677587325356,0.16757257739689863,0.6373824294576746,Coarse Sand
235,1296.0,40.621650015438455,39.191835884530846,39.191835884530846,96.0,-45.00001609038752,1.0,1.7671458676442586,1.0,Silt or smaller
236,1296.0,40.621650015438455,39.191835884530846,39.191835884530846,96.0,-45.00001609038752,1.0,1.7671458676442586,1.0,Silt or smaller
237,244368.0,557.7983516180755,1164.0497775001318,355.33635571201387,3142.3800846144654,-39.35265276980786,3.2759095960435536,0.3109830875251174,0.6929358922008984,Coarse Sand
238,3600.0,67.70275002573075,92.14804074982786,48.82231647482601,201.9411254969543,-79.27271153704756,1.887416398960538,1.109335267076305,0.9615384615384616,Very Fine Sand
239,1296.0,40.621650015438455,39.191835884530846,39.191835884530846,96.0,-45.00001609038752,1.0,1.7671458676442586,1.0,Silt or smaller
240,630720.0,896.1348367602734,1398.836218637246,724.7088782470071,5912.613849523093,-71.85875805697714,1.930204335319971,0.22671874766098227,0.7397399087991893,Coarse Sand
241,2592.0,57.4476883778063,66.51112154271688,47.91941893564593,153.94112549695427,23.109445880672464,1.387978465098647,1.3744708899359803,1.0,Silt or smaller
242,331488.0,649.6642442101686,684.9911338086358,649.5490094616821,2640.7922061357854,45.158602097510126,1.0545642035176477,0.5973229706020995,0.9106012658227848,Coarse Sand
243,126000.0,400.53487068747273,609.6765267142521,269.58171686039987,1563.9108216936543,-83.4866163026393,2.2615648190636266,0.6473757683936185,0.9048603929679421,Medium Sand
244,1296.0,40.621650015438455,39.191835884530846,39.191835884530846,96.0,-45.00001609038752,1.0,1.7671458676442586,1.0,Silt or smaller
245,81792.0,322.7085509294392,461.4161739255527,266.22897190456973,1486.087445202791,-26.20157485662122,1.733155376083367,0.4654059823946356,0.8304093567251462,Medium Sand
246,2736.0,59.02188911239122,66.53637880532506,51.548342602979766,160.97056274847716,-77.17952468446995,1.2907568981951887,1.3268842295691072,1.0,Silt or smaller
247,2592.0,57.4476883778063,67.93592979450379,48.58713248336697,160.97056274847716,-17.29615052823642,1.398228838010981,1.2570482174865225,0.9473684210526315,Silt or smaller
248,6912.0,93.81168228536063,114.59044926354419,80.59794623673179,293.82337649086287,-67.3015712192687,1.4217539604169296,1.0060994305352315,0.9795918367346939,Very Fine Sand
249,1152.0,38.29845891853754,53.665631459994955,24.0,96.0,0.0,2.23606797749979,1.5707963267948966,1.0,Silt or smaller
250,262224.0,577.8182814506938,1199.6526939080268,356.4801883505545,2988.4389591175113,66.90892959499732,3.3652717124585774,0.36897209565832334,0.7093883911180366,Coarse Sand
251,2446848.0,1765.056269232271,2782.246165412579,2081.5632727883426,22397.131588325625,42.10584261637655,1.3366137853141702,0.061295988384960816,0.543744,Very Coarse Sand
252,42480.0,232.56658371388977,254.64980142189515,216.4111045795573,781.352380466497,82.87085832573617,1.1766947075873386,0.8743805588775981,0.9424920127795527,Fine Sand
253,16128.0,143.2997117146043,149.36765082515814,142.8047717905718,488.73506473629425,-37.00733767735075,1.045957000962202,0.8484834600550276,0.9105691056910569,Fine Sand
254,6480.0,90.83277079272577,105.98739146741303,83.86034399153031,293.82337649086287,50.670201547597294,1.2638559111815413,0.9432182161267795,0.9,Very Fine Sand
255,1296.0,40.621650015438455,39.191835884530846,39.191835884530846,96.0,-45.00001609038752,1.0,1.7671458676442586,1.0,Silt or smaller
256,14400.0,135.4055000514615,247.02557974236134,76.74019385530825,536.7350647362941,17.61540765983887,3.2189856101760963,0.6281341695933358,0.9009009009009009,Fine Sand
257,1596384.0,1425.6855324308017,2756.0444482774096,1008.1968209395951,13220.505186556209,-80.20707536216604,2.733637312711319,0.1147760114479662,0.6852939358348272,Very Coarse Sand
258,218448.0,527.3866058863334,813.1237277858427,373.1460290720255,2250.469262920811,2.9300731480849436,2.1791032583356036,0.5420155740164522,0.8678489702517163,Coarse Sand
259,3888.0,70.35876171402046,77.0580081750734,63.18492684991091,194.9116882454314,-77.50844921057913,1.2195631460983807,1.2860574036336336,1.0,Very Fine Sand
260,11232.0,119.5868996440051,201.39935647546798,96.9123488172649,567.7645019878172,27.97513166118885,2.078159893278624,0.43785517502681787,0.7358490566037735,Very Fine Sand
261,11952.0,123.36028144696601,203.40741486907228,84.42442236373442,505.7056274847714,-29.646525916096074,2.4093432821217444,0.5872930690371636,0.7757009345794392,Very Fine Sand
262,27792.0,188.11133253283717,219.9739868747754,161.92323125968218,603.4112549695428,39.00268818085056,1.3585078877409202,0.9591860460894456,0.965,Fine Sand
263,141552.0,424.5345734287748,707.1408002493964,282.77049644967974,1932.6458864299484,71.61279649656367,2.500758774794015,0.47623498975769246,0.8562717770034843,Medium Sand
264,2016.0,50.66409894773703,57.37097324805089,42.54745250054008,129.94112549695427,45.00001609038752,1.3483997249264839,1.5004003042392393,1.0,Silt or smaller
265,8784.0,105.75507628929057,119.16477591583535,94.95054335679481,327.7645019878171,10.453419399487865,1.255019420668831,1.027491785987859,0.953125,Very Fine Sand
266,2736.0,59.02188911239122,76.29306376694652,44.04782090314786,163.88225099390854,-45.00001609038752,1.7320508075688772,1.2801537005750374,1.0,Silt or smaller
267,24192.0,175.50558699435487,328.7993875612332,108.99402475932108,785.4701294725886,-65.2025176655094,3.01667351294975,0.49274507240865617,0.7887323943661971,Fine Sand
268,35280.0,211.94313184969343,381.30967465253434,152.49175731177053,935.2935059634515,-69.04767254167267,2.500526463689076,0.5068069976001466,0.7446808510638298,Fine Sand
269,16128.0,143.2997117146043,232.12135663092278,107.99538104211783,577.7056274847714,-14.538577798945225,2.1493637449216116,0.6072635060478979,0.7887323943661971,Fine Sand
270,164160.0,457.1815871879842,600.9936681900768,464.57228038704943,2457.380951166243,78.01761615481531,1.2936494353244032,0.3416113035386765,0.7261146496815286,Medium Sand
271,7920.0,100.41940646260807,146.12267822868603,71.93754130789186,344.7350647362943,-38.57994504374923,2.0312437090848383,0.837460102128033,0.9016393442622951,Very Fine Sand
272,487008.0,787.4502169676391,1177.6076691699795,758.364332111746,5442.554975020048,-13.244844377415875,1.5528257584198428,0.20660475393405578,0.6620986687548943,Coarse Sand
273,146016.0,431.17669854022665,479.56568169840637,401.57112626620733,1549.8519471906084,78.94113205381815,1.1942235144179547,0.7638883462688316,0.9260273972602739,Medium Sand
274,17568.0,149.5602631781161,259.1591872118945,92.67325901842841,601.7056274847714,-8.717229147209958,2.796482933230607,0.609767172945247,0.8970588235294118,Fine Sand
275,3600.0,67.70275002573075,77.5105914374526,58.371001490605764,187.88225099390854,65.02759010547935,1.3278955210307153,1.2815656405965272,1.0,Very Fine Sand
276,86688.0,332.2267142389392,404.15188897180747,285.3484667530265,1246.087445202791,73.23390425942341,1.4163450519662584,0.7015712872759545,0.9162861491628614,Medium Sand
277,2736.0,59.02188911239122,66.53637880532506,51.548342602979766,160.97056274847716,12.820507496305092,1.2907568981951887,1.3268842295691072,1.0,Silt or smaller
278,3456.0,66.33487669849642,83.1474210116541,52.90091094783471,194.9116882454314,57.78437230190009,1.571757830288505,1.1431621365632298,0.9230769230769231,Very Fine Sand
279,1728.0,46.905841142680316,53.665631459994955,39.191835884530846,120.0,0.0,1.3693063937629155,1.5079644737231006,1.0,Silt or smaller
280,312624.0,630.9082654659753,986.57510434606,671.2000904149692,4610.290906308119,79.74260273594261,1.4698673591299882,0.18483130066628703,0.5772400957192236,Coarse Sand
281,228384.0,539.2471976605863,697.9720339807718,427.458046675075,2256.292639411674,-10.823138125375458,1.6328433618453402,0.5637475738460335,0.8980747451868629,Coarse Sand
282,248832.0,562.8700937121637,912.2105464596007,388.5366171656079,2818.73333163274,-57.10973364320578,2.3478110071432075,0.39355742660075965,0.8116486613433537,Coarse Sand
283,1296.0,40.621650015438455,39.191835884530846,39.191835884530846,96.0,-45.00001609038752,1.0,1.7671458676442586,1.0,Silt or smaller
284,6336.0,89.81784764422932,114.73438093215012,75.3406940452748,293.82337649086287,51.470365854714004,1.5228739579064974,0.9222578113239623,0.9166666666666666,Very Fine Sand
285,80640.0,320.4278965499782,453.9268746026439,297.31918508498234,1483.6753236814714,-51.15675920977357,1.5267325398894074,0.46034415778320403,0.7526881720430108,Medium Sand
286,61920.0,280.7828210735145,337.7045618272404,268.68424983377895,1136.0285706997456,7.630307472658684,1.2568826123457582,0.6029236282721291,0.849802371541502,Medium Sand
287,35280.0,211.94313184969343,230.06097132373532,199.02481349662244,699.4112549695427,-35.270413314161324,1.1559411476481025,0.906302560635683,0.9607843137254902,Fine Sand
288,117216.0,386.3211701106695,445.4931717571977,413.86279648406344,1830.8225099390852,-53.76341920983496,1.0764272013378526,0.43944474369749187,0.7722960151802657,Medium Sand
289,1296.0,40.621650015438455,39.191835884530846,39.191835884530846,96.0,-45.00001609038752,1.0,1.7671458676442586,1.0,Silt or smaller
290,94752.0,347.335563026227,406.77016598805346,301.4883122947748,1188.1463197058372,-63.16611561838538,1.349207081667369,0.843448160689279,0.9494949494949495,Medium Sand
291,54576.0,263.6063758589049,522.2767435418903,150.9699537342574,1344.9991334482227,-32.3167980720679,3.459474753905139,0.3791120224255115,0.8239130434782609,Medium Sand
292,1728.0,46.905841142680316,53.665631459994955,39.191835884530846,120.0,0.0,1.3693063937629155,1.5079644737231006,1.0,Silt or smaller
293,1296.0,40.621650015438455,39.191835884530846,39.191835884530846,96.0,-45.00001609038752,1.0,1.7671458676442586,1.0,Silt or smaller
294,21024.0,163.61108821993716,236.57717957950496,126.48299116177385,634.4406922210658,-50.96655071786265,1.8704268250338798,0.6563615792769448,0.8588235294117647,Fine Sand
295,189072.0,490.6464584628801,586.6298174659454,487.8990048915451,3196.483548270684,2.408081793973213,1.2023591185564053,0.23253703741093276,0.7515741270749857,Medium Sand
296,1296.0,40.621650015438455,39.191835884530846,39.191835884530846,96.0,-45.00001609038752,1.0,1.7671458676442586,1.0,Silt or smaller
297,1728.0,46.905841142680316,53.665631459994955,39.191835884530846,120.0,0.0,1.3693063937629155,1.5079644737231006,1.0,Silt or smaller
298,36720.0,216.2252438608295,351.32871929375074,208.9068156930538,1083.4112549695428,76.34498700313698,1.6817484777995804,0.39312064410665215,0.6675392670157068,Fine Sand
299,6192.0,88.79132424398303,162.504713528456,49.43612401818016,331.88225099390854,-0.67934014698027,3.2871653422645917,0.7064358939985086,0.9555555555555556,Very Fine Sand
300,104256.0,364.33893831967663,427.18123154830437,323.41036333940355,1390.087445202791,-13.619120159790322,1.3208643877005213,0.677995295540522,0.8861689106487148,Medium Sand
301,605088.0,877.7368453270662,1260.2639114877306,806.0019033398862,5733.466663265481,-29.24713650180723,1.563599175467809,0.23130968693754259,0.7138973836221543,Coarse Sand
302,15840.0,142.01448654487672,150.6980761544454,139.10253281927473,464.73506473629413,-29.97555324544468,1.083359685119723,0.9216248111480034,0.9322033898305084,Fine Sand
303,38736.0,222.08153233635,278.1799398780547,185.57163422609239,810.6761902332485,0.08984138756111514,1.4990434342952028,0.7406786057604854,0.9340277777777778,Fine Sand
304,12816.0,127.74129326621774,191.95361273126105,88.5960388726213,457.7056274847714,-69.04999311175519,2.166616196094746,0.7687583722668648,0.9081632653061225,Fine Sand
305,43776.0,236.0875564495649,354.92822038804684,165.16153406103035,881.4701294725885,1.4774551203611233,2.1489762880071948,0.7079958955618297,0.9074626865671642,Fine Sand
306,702576.0,945.8052370239084,2211.7917442108765,690.9509816517959,6999.436359462178,-28.33603477403954,3.2010834385434115,0.18020923201431763,0.5382239382239382,Coarse Sand
307,22608.0,169.66260527108665,253.15014424056994,116.16798220448761,628.6173157302028,-62.41542940515505,2.1791731201369755,0.7189510609070451,0.8971428571428571,Fine Sand
308,1296.0,40.621650015438455,39.191835884530846,39.191835884530846,96.0,-45.00001609038752,1.0,1.7671458676442586,1.0,Silt or smaller
309,30384.0,196.68784997358935,319.87678518830796,137.14052728124028,795.4112549695428,21.401425674712037,2.332474517414697,0.6034917640731302,0.8791666666666667,Fine Sand
310,14832.0,137.42157373393718,249.16740316818124,95.05671273546281,601.7056274847713,88.62896591634674,2.621249946456694,0.5148034328963972,0.7744360902255639,Fine Sand
311,2671200.0,1844.2010389045354,2784.4410756790053,2023.8150226924604,22498.382238239457,-8.493827175158504,1.3758377344064858,0.0663152922804909,0.5597296400229324,Very Coarse Sand
312,1296.0,40.621650015438455,39.191835884530846,39.191835884530846,96.0,-45.00001609038752,1.0,1.7671458676442586,1.0,Silt or smaller
313,430992.0,740.7807083506543,1841.7832780134331,452.51083531606844,4966.173157302028,-22.223838469876448,4.070141827050373,0.21960152747505568,0.6011247238401285,Coarse Sand
314,91728.0,341.7480313907704,466.9002392690876,275.73887329598745,1337.9696961967,-27.737833011612025,1.693269554952816,0.6439011994947045,0.8884239888423989,Medium Sand
315,306576.0,624.7757090882513,1094.4664598114734,669.5809406985512,4351.1151493507605,5.69489255547188,1.6345543806394094,0.20349177688069417,0.5730820995962315,Coarse Sand
316,3600.0,67.70275002573075,82.97143936285683,54.930962580822964,194.9116882454314,61.981401277536385,1.5104676026890365,1.1907938922533645,0.9615384615384616,Very Fine Sand
317,59184.0,274.5093973174796,407.6551413517999,253.11277743298945,1491.9108216936543,-3.6441513150118507,1.6105672162667684,0.33413998570045966,0.6989795918367347,Medium Sand
318,2160.0,52.4423246684198,67.88225099390857,39.191835884530846,144.0,0.0,1.7320508075688776,1.308996938995747,1.0,Silt or smaller
319,10443168.0,3646.4577976322203,7814.053637646592,4970.948278352713,99931.57742883955,-49.45451107280675,1.5719442649755422,0.013141248956167908,0.35007047556525267,Very Coarse Sand
320,86976.0,332.77812825197134,368.6000670723967,332.8900128451247,1383.0580079512683,12.676314914300209,1.1072728314137976,0.5713845638169378,0.8869309838472834,Medium Sand
321,80064.0,319.28146032877646,435.25541666308294,263.0977373193705,1356.146319705837,-54.753881549312524,1.654348764446928,0.5470588500942399,0.8553846153846154,Medium Sand
322,93168.0,344.42006605870927,770.6796152413991,331.4632234866807,2207.7930726875625,-50.589450251782566,2.32508332941005,0.24019275532457723,0.5066562255285826,Medium Sand
323,22320.0,168.57848806561537,203.51465166335674,147.26483637246102,591.7645019878172,41.88862554236307,1.381963655930932,0.8009515291840534,0.8757062146892656,Fine Sand
324,103104.0,362.3204245145093,421.7522373820946,375.73324900421403,1491.9108216936543,88.06893954660889,1.1224778177066903,0.5821027488115064,0.8182857142857143,Medium Sand
325,4608.0,76.59691783707508,102.0804112388893,59.52385774879889,242.9116882454314,-2.9858620219802443,1.714949519395845,0.9813535767709065,0.8888888888888888,Very Fine Sand
326,43776.0,236.0875564495649,581.1786359648929,203.64974486296603,1515.9108216936543,-69.11233306558863,2.853814702080587,0.23938593670358616,0.5268630849220104,Fine Sand
327,184176.0,484.25217231432566,719.2410256806868,407.06195657813225,2181.380951166243,-36.71060359505009,1.7669079953499272,0.4863846583686264,0.827831715210356,Medium Sand
328,39312.0,223.72660320719285,422.13768297135505,140.1516585677725,1031.2935059634515,-9.081444440513398,3.0120063314643106,0.46448365626912425,0.7867435158501441,Fine Sand
329,11664.0,121.86495004631536,154.65207861054267,99.87927905180167,406.79393923934003,61.32627249732506,1.548390017216018,0.8857444247328139,0.9310344827586207,Very Fine Sand
330,2160.0,52.4423246684198,67.88225099390857,39.191835884530846,144.0,0.0,1.7320508075688776,1.308996938995747,1.0,Silt or smaller
331,43056.0,234.13799742484593,345.9868662239291,182.49422006589205,1007.2935059634513,30.868441916316204,1.8958784891872509,0.533250751700781,0.835195530726257,Fine Sand
332,3744.0,69.0435287010191,98.7506059451334,49.806115953924085,218.9116882454314,-67.50951962744435,1.982700398410672,0.9817655835924427,0.896551724137931,Very Fine Sand
333,1296.0,40.621650015438455,39.191835884530846,39.191835884530846,96.0,-45.00001609038752,1.0,1.7671458676442586,1.0,Silt or smaller
334,46368.0,242.97648283379203,431.2226139893876,178.54755933052712,1287.0580079512683,-19.271871333086196,2.415169468607009,0.35174828257430524,0.7453703703703703,Fine Sand
335,58032.0,271.82464432069247,409.3806487421098,200.01879517623706,1076.3818177180199,-81.4968172578085,2.0467109022499788,0.6294260255532649,0.8741865509761388,Medium Sand
336,18000.0,151.3879513212096,276.3432619549757,98.7892828402135,652.6173157302028,-22.573645491852847,2.797300010791114,0.5310864044838823,0.7861635220125787,Fine Sand
337,112032.0,377.6818405427639,510.06940524219647,361.5194244874432,2263.322076663197,-11.254004169136783,1.410904561948131,0.27482689670586413,0.7444976076555024,Medium Sand
338,2160.0,52.4423246684198,67.88225099390857,39.191835884530846,144.0,90.00003218077504,1.7320508075688776,1.308996938995747,1.0,Silt or smaller
339,1153152.0,1211.709011062657,2862.3462843839598,820.6939057889656,8756.346314604056,-52.55214659416051,3.4877148035262584,0.1889951072994017,0.6146760822843107,Very Coarse Sand
340,1296.0,40.621650015438455,39.191835884530846,39.191835884530846,96.0,-45.00001609038752,1.0,1.7671458676442586,1.0,Silt or smaller
341,1728.0,46.905841142680316,53.665631459994955,39.191835884530846,120.0,0.0,1.3693063937629155,1.5079644737231006,1.0,Silt or smaller
342,45360.0,240.32092241248364,414.1327576298946,165.66518186358687,1024.2640687119285,75.66799275067794,2.4998177225369096,0.5433241811282683,0.8224543080939948,Fine Sand
343,552528.0,838.7493661240107,1564.2294611727802,661.0607382836229,6345.113416247204,-64.63564326057065,2.36624166371481,0.172458806662092,0.6261422976501305,Coarse Sand
344,67104.0,292.30030176157595,523.8863923369519,173.8917704182109,1291.1757569573601,-83.34260584833301,3.0127152715565635,0.5058101575369534,0.8759398496240601,Medium Sand
345,189936.0,491.76623122050364,773.3172430930053,350.78997056779104,2082.469262920811,-63.00019729519706,2.204502146516073,0.5503765882240871,0.824375,Medium Sand
346,1296.0,40.621650015438455,39.191835884530846,39.191835884530846,96.0,-45.00001609038752,1.0,1.7671458676442586,1.0,Silt or smaller
347,173664.0,470.2295953009416,545.2706497783557,425.28562769657987,1702.5870119269025,2.832975671466685,1.2821280905532486,0.7528371323645868,0.9122541603630863,Medium Sand
348,97344.0,352.0543001338,426.1373577774332,297.1318981480506,1385.9696961967,-51.32404404459348,1.4341690018252553,0.6368125046144278,0.9349930843706777,Medium Sand
349,5040.0,80.10697413749455,105.57862828754419,63.046938975867015,252.8528137423857,68.4032762842374,1.6746035573266669,0.9906148152434087,0.8974358974358975,Very Fine Sand
350,1296.0,40.621650015438455,39.191835884530846,39.191835884530846,96.0,-45.00001609038752,1.0,1.7671458676442586,1.0,Silt or smaller
351,3888.0,70.35876171402046,92.96357795160242,53.379103870258945,211.88225099390854,70.88980932022154,1.7415724733325586,1.0882958272169045,0.9310344827586207,Very Fine Sand
352,2880.0,60.555180528483845,81.6854560805809,44.80855124758539,177.94112549695427,16.11893816715957,1.8229881084357242,1.1430090930538366,0.9523809523809523,Silt or smaller
353,262368.0,577.9769137890155,1001.6799841445361,499.88655118636467,4561.791339584008,-69.73357880531297,2.0038146290738994,0.15843455048679828,0.6055167829843802,Coarse Sand
354,1296.0,40.621650015438455,39.191835884530846,39.191835884530846,96.0,-45.00001609038752,1.0,1.7671458676442586,1.0,Silt or smaller
355,1728.0,46.905841142680316,53.665631459994955,39.191835884530846,120.0,90.00003218077504,1.3693063937629155,1.5079644737231006,1.0,Silt or smaller
356,1296.0,40.621650015438455,39.191835884530846,39.191835884530846,96.0,-45.00001609038752,1.0,1.7671458676442586,1.0,Silt or smaller
357,19440.0,157.3269740052594,229.05038950265316,125.82393364761495,608.7350647362944,-14.922428682530835,1.8204039792948796,0.6592490105779032,0.8333333333333334,Fine Sand
358,1296.0,40.621650015438455,39.191835884530846,39.191835884530846,96.0,-45.00001609038752,1.0,1.7671458676442586,1.0,Silt or smaller
359,13680.0,131.9769562157615,169.66045475890124,135.12700830533953,577.7056274847714,-16.945638112015445,1.2555628729345376,0.5150895810227706,0.753968253968254,Fine Sand
360,52704.0,259.0459746178698,396.2024550444727,190.13226841271882,1055.2935059634515,-79.98500776377746,2.08382542506903,0.5947122856595585,0.8571428571428571,Medium Sand
361,13968.0,133.35895155879396,149.12166772294336,123.38247946835963,437.8233764908628,-42.80956072830707,1.2086129924239715,0.9156852077737206,0.9150943396226415,Fine Sand
362,2160.0,52.4423246684198,67.88225099390857,39.191835884530846,144.0,90.00003218077504,1.7320508075688776,1.308996938995747,1.0,Silt or smaller
363,242784.0,555.9875804628929,676.3733224340247,484.5747464119391,2317.14545315406,-28.930820286663153,1.3958080305304164,0.5682289202647949,0.8690721649484536,Coarse Sand
364,14112.0,134.04460621488136,226.84447346881018,93.47482659703358,543.7645019878172,-63.95378293071414,2.4267974782850152,0.599758934985435,0.7967479674796748,Fine Sand
365,162432.0,454.76900260508296,685.8195599143065,311.8579412366692,1787.4398256692884,-68.21887782781127,2.1991409203648837,0.6388789740809042,0.9148418491484185,Medium Sand
366,3168.0,63.51080914081473,78.71959892164276,49.95586434022874,177.94112549695427,-77.44261024762024,1.5757829428296166,1.2573100023592203,1.0,Very Fine Sand
367,8784.0,105.75507628929057,127.41469787738504,91.53945407717944,341.82337649086287,57.35730828994315,1.3919101786422954,0.944710346055876,0.9384615384615385,Very Fine Sand
368,188064.0,489.33681829704335,931.0661754600487,316.74101894518003,2665.9982668964453,82.22658668344036,2.93951878591763,0.3325031833515238,0.7664319248826291,Medium Sand
369,200592.0,505.3727997800394,865.8953187529034,344.63854703176804,2490.9688296449226,-40.8699206647316,2.512473796708199,0.4062439313506071,0.7696132596685082,Coarse Sand
370,55152.0,264.9937874200708,311.117384165782,228.7046239048629,873.2346314604056,-48.88866894998931,1.3603458419590213,0.9088856113240658,0.9623115577889447,Medium Sand
371,15984.0,142.6585464774082,196.14741590407874,132.28990620536268,638.5584412271571,53.3986697947952,1.4827088591293252,0.4925995767131435,0.7449664429530202,Fine Sand
372,2592.0,57.4476883778063,66.51112154271688,47.91941893564593,153.94112549695427,66.89058630010258,1.387978465098647,1.3744708899359803,1.0,Silt or smaller
373,212976.0,520.7393448545213,568.6155630494333,495.3221742435627,1904.528137423857,12.413575519222055,1.1479711440696179,0.7378460276858517,0.925531914893617,Coarse Sand
374,261216.0,576.7066333219519,735.9622900079679,463.00607961599997,2098.233764908628,-69.18210333924063,1.5895305103085204,0.7455931269810111,0.9542346133613887,Coarse Sand
375,37728.0,219.17294893249993,308.2023103403835,199.03515760471677,997.352380466497,0.5545268967604962,1.548481755934157,0.47662453028646456,0.7401129943502824,Fine Sand
376,71712.0,302.1697440711892,430.5090090378007,231.3643963960264,1158.322943214974,-72.90862320498118,1.8607400954678373,0.6716490141761327,0.8924731182795699,Medium Sand
377,691920.0,938.6052981914996,1567.6901926184978,801.0401718436701,6720.877918235023,0.14758199362460017,1.9570681318145502,0.19249246532143213,0.6489735278227985,Coarse Sand
378,50400.0,253.3204947386851,483.2199281525827,175.95894903760066,1272.999133448223,86.61459920047847,2.7462083104924857,0.39082666291139984,0.7494646680942184,Medium Sand
379,2160.0,52.4423246684198,55.42562584220407,48.3189403857328,136.97056274847716,-45.00001609038752,1.1470786693528088,1.446802115179039,1.0,Silt or smaller
380,16416.0,144.57351198048843,261.2987795570525,84.09650432819451,600.4995667241114,49.40952034083263,3.107130095887333,0.5720734738587943,0.8507462686567164,Fine Sand
381,119808.0,390.56917873230907,635.2695701838392,290.95601062964346,2249.263202160151,-58.99304562731168,2.1833869965741,0.29758780212094726,0.7266375545851529,Medium Sand
382,35280.0,211.94313184969343,228.07113018619566,204.75885722741225,710.5584412271571,-26.012853822235165,1.1138523298793956,0.8780896016648788,0.9423076923076923,Fine Sand
383,30960.0,198.54343682177114,329.3577632374346,178.495558854462,921.2346314604056,-24.27197984931993,1.8451874396829084,0.4584271225252724,0.7119205298013245,Fine Sand
384,2880.0,60.555180528483845,75.13188404399293,49.65158607738529,177.9411254969543,45.000016090387525,1.5131819540849087,1.1430090930538361,0.9523809523809523,Silt or smaller
385,44928.0,239.1737992880102,402.89829796953165,220.1938695592575,1199.2935059634513,-66.58597587266597,1.8297434836672672,0.3925328306146288,0.6473029045643154,Fine Sand
386,1728.0,46.905841142680316,53.665631459994955,39.191835884530846,120.0,90.00003218077504,1.3693063937629155,1.5079644737231006,1.0,Silt or smaller
387,8352.0,103.12175656779746,133.2491761736359,82.38106822685879,331.88225099390854,-78.44089763818533,1.6174732744020492,0.9528670198119417,0.9206349206349206,Very Fine Sand
388,4608.0,76.59691783707508,90.8994661680361,67.17728076043315,235.88225099390854,-32.809331060064395,1.3531280983551677,1.0407149836751262,0.9142857142857143,Very Fine Sand
389,46368.0,242.97648283379203,862.4250893629003,130.4434841697437,1696.7636354360397,-8.723479840473823,6.611484619964938,0.20238836033888197,0.5411764705882353,Fine Sand
390,256896.0,571.9179539796635,712.297377996427,497.7146871825363,2531.9393923934,-27.12070613810905,1.4311359426192556,0.5035708644851894,0.8762278978388998,Coarse Sand
391,41184.0,228.99147890341453,304.17940264846226,222.03827894687856,1046.5584412271571,50.470327474068746,1.3699412736001053,0.47251045174014017,0.7688172043010753,Fine Sand
392,755568.0,980.8257013029672,1618.7446228094395,857.4814603106711,8952.037656738956,-63.81313799753204,1.8877896464641437,0.11847851975034451,0.7208407748317076,Coarse Sand
393,3600.0,67.70275002573075,76.74243388091006,59.933460120655056,194.9116882454314,-10.729984201899342,1.2804605929044646,1.1907938922533645,0.9259259259259259,Very Fine Sand
394,67104.0,292.30030176157595,421.49383572242584,215.23725337450614,1140.1463197058372,89.21615612288409,1.9582754802628877,0.6486898361774088,0.9066147859922179,Medium Sand
395,106128.0,367.59538408915495,433.40644538834897,320.96333904700225,1411.1757569573601,29.54487689110233,1.3503300616051992,0.6696958844680386,0.8976857490864799,Medium Sand
396,2736.0,59.02188911239122,83.13843876330611,41.74158730574731,177.94112549695427,-71.5650767661759,1.9917411897716444,1.0858586384011448,0.9047619047619048,Silt or smaller
397,2592.0,57.4476883778063,66.51112154271688,47.91941893564593,153.94112549695427,23.109445880672464,1.387978465098647,1.3744708899359803,1.0,Silt or smaller
398,689760.0,937.1391083379915,1461.365883181576,1011.8561725887178,8489.361466505707,-10.023410721545876,1.4442426925586067,0.12027014045089669,0.5406930804831245,Coarse Sand
399,1296.0,40.621650015438455,39.191835884530846,39.191835884530846,96.0,-45.00001609038752,1.0,1.7671458676442586,1.0,Silt or smaller
400,2160.0,52.4423246684198,55.42562584220407,48.3189403857328,136.97056274847716,-45.00001609038752,1.1470786693528088,1.446802115179039,1.0,Silt or smaller
401,206928.0,513.2922291569957,669.6127292234928,450.9837171361909,2657.263202160151,-17.39801813611301,1.4847824960857268,0.3682646031519269,0.8077571669477235,Coarse Sand
402,39168.0,223.31647160070133,353.41866503919834,193.7962530245104,1110.322943214974,-85.81603936994789,1.8236609816934886,0.39924789239615277,0.7331536388140162,Fine Sand
403,98496.0,354.13133467434733,886.8015758945273,249.0280801222047,2376.792206135786,-38.134464400511064,3.5610505267492334,0.2191018418819928,0.561115668580804,Medium Sand
404,128880.0,405.086549425512,609.6286968297836,318.5080130709964,2089.498700172334,-54.08072019080699,1.9140136882330039,0.37094641721270233,0.8136363636363636,Medium Sand
405,18576.0,153.79108486190086,189.97094716625207,127.10985343864601,515.6467529817256,-10.547876322785582,1.4945414696583545,0.8779251525086749,0.9280575539568345,Fine Sand
406,60768.0,278.1586249866547,530.153715761759,156.6030917042364,1334.704760932994,-50.378504095436305,3.3853336482208,0.42866140970213035,0.7977315689981096,Medium Sand
407,48960.0,249.67540549728477,454.6376732402936,208.114166951404,1318.087445202791,-29.402747054690362,2.184558984619507,0.35413008721252665,0.6746031746031746,Fine Sand
408,3168.0,63.51080914081473,65.92557787522092,61.5566660930875,177.94112549695427,56.30995260843437,1.0709738206992343,1.2573100023592203,0.9565217391304348,Very Fine Sand
409,762048.0,985.0226639962866,1236.0483332399835,948.0465435338126,5948.260602504819,-71.0408306257829,1.3037844414607047,0.2706526083596458,0.7618773394759574,Coarse Sand
410,8556192.0,3300.618427923264,7001.620051703374,3597.1447373472124,83618.38523290733,78.23344816516642,1.9464382344722835,0.015377538832546596,0.4202121640735502,Very Coarse Sand
411,10224.0,114.09470235454539,137.04103234583044,99.01874775301175,358.79393923934003,-39.82227792486943,1.3839907639274525,0.9980229040410323,0.9861111111111112,Very Fine Sand
412,28512.0,190.5324274224442,256.3481555236264,158.05871100846832,700.6173157302028,-72.97548658154223,1.6218540179660963,0.7299209233966136,0.8839285714285714,Fine Sand
413,2736.0,59.02188911239122,66.53637880532506,51.548342602979766,160.97056274847716,77.17952468446995,1.2907568981951887,1.3268842295691072,1.0,Silt or smaller
414,2592.0,57.4476883778063,85.41662601625049,39.191835884530846,177.9411254969543,-71.5650767661759,2.179449471770337,1.0287081837484526,0.9,Silt or smaller
415,2160.0,52.4423246684198,67.88225099390857,39.191835884530846,144.0,90.00003218077504,1.7320508075688776,1.308996938995747,1.0,Silt or smaller
416,142560.0,426.04345963463027,496.41197499279156,395.17434848769284,1751.793072687563,31.676685486324452,1.2561847116153382,0.5837702267183846,0.8926961226330027,Medium Sand
417,3600.0,67.70275002573075,98.45008123601285,47.75990687409758,211.88225099390854,26.319969222292997,2.0613541290091355,1.0076813214971339,0.8928571428571429,Very Fine Sand
418,76608.0,312.3144810012359,435.21927176129896,234.32012751804507,1209.2346314604056,83.31709337126426,1.8573704118856909,0.6583590886647954,0.8926174496644296,Medium Sand
419,13968.0,133.35895155879396,184.92527548519945,102.37194960149867,481.7056274847714,5.168615650148959,1.8064057215385125,0.7564507372382585,0.8981481481481481,Fine Sand
420,53712.0,261.5114575440531,317.71736710296835,278.8529982609926,1254.3229432149742,-60.639174823197855,1.1393722466114589,0.42900510050532875,0.7328094302554028,Medium Sand
421,104256.0,364.33893831967663,462.8509715016504,293.8691800192398,1374.8225099390854,-22.687415843752905,1.5750238642628234,0.6931347201984541,0.9016189290161893,Medium Sand
422,2592.0,57.4476883778063,66.51112154271688,47.91941893564593,153.94112549695427,23.109445880672464,1.387978465098647,1.3744708899359803,1.0,Silt or smaller
423,1293264.0,1283.212712913325,2539.4570804343457,1117.2757899918051,13062.726399218522,-81.23762874611847,2.2729008389709864,0.09524219401873077,0.5229112081513828,Very Coarse Sand
424,48384.0,248.20238139966773,518.3034035195847,180.86083911257373,1416.5727265770297,-85.77196088093349,2.8657580384052936,0.3029938973932601,0.6774193548387096,Fine Sand
425,2157120.0,1657.2659674111196,3103.9492195008634,1324.7825306359323,16726.722933011413,-55.60886383938527,2.3429877340025627,0.0968863161152511,0.5752688172043011,Very Coarse Sand
426,1296.0,40.621650015438455,39.191835884530846,39.191835884530846,96.0,-45.00001609038752,1.0,1.7671458676442586,1.0,Silt or smaller
427,4464.0,75.39059177177062,100.59438088421871,69.0945489512051,266.4852813742385,-57.63888172736783,1.455894602557706,0.789928159971464,0.8611111111111112,Very Fine Sand
428,54288.0,262.9099245075821,396.09497302672617,195.55372558572634,1034.2051942088829,-7.974620155832251,2.0255046117906206,0.6378231484894312,0.8666666666666667,Medium Sand
429,29520.0,193.8711720720283,240.7205940867141,170.1789039631645,726.3229432149742,4.088424904027207,1.414514892743806,0.7031802936068412,0.8613445378151261,Fine Sand
430,20880.0,163.04981353583386,199.3851216111998,173.6601979790771,693.5878784786801,-80.05419961638472,1.14813367675201,0.5454279248637466,0.8100558659217877,Fine Sand
431,7776.0,99.50231504774462,110.6381558704316,91.2821616390153,307.88225099390854,42.145871055400484,1.2120457478643152,1.0308531674519854,0.9642857142857143,Very Fine Sand
432,14976.0,138.0870574020382,161.78482583140686,130.3092873412626,502.7939392393399,29.6615641108391,1.2415448594060225,0.744433018334793,0.9043478260869565,Fine Sand
433,26928.0,185.16423645139594,467.14778860498757,105.26663965214813,1021.3523804664972,81.14333675861943,4.437757205404007,0.3243864849795668,0.656140350877193,Fine Sand
434,16560.0,145.2062218391977,223.4806478277983,124.42382919449284,631.5290039756342,74.33549727475165,1.796124177133827,0.521775393698241,0.7666666666666667,Fine Sand
435,62208.0,281.43504685608184,390.43930268309384,216.86066029150572,1251.9108216936543,-68.20115877516189,1.8004155394448325,0.4987803272559225,0.9,Medium Sand
436,2736.0,59.02188911239122,66.53637880532506,51.548342602979766,160.97056274847716,-77.17952468446995,1.2907568981951887,1.3268842295691072,1.0,Silt or smaller
437,91728.0,341.7480313907704,660.8939426636803,238.8352699258516,2212.4103884177657,-37.82064494666934,2.767153875007072,0.235494305758804,0.6886486486486486,Medium Sand
438,68832.0,296.0399032955029,475.70855760845166,198.9492250261382,1304.0285706997456,-49.19341193883236,2.3911053563840343,0.5086581873951435,0.831304347826087,Medium Sand
439,4320.0,74.1646467884524,104.97999809487519,51.99384578967014,225.9411254969543,0.0,2.019085076329015,1.0634156201331357,1.0,Very Fine Sand
440,9072.0,107.47478378595324,141.9199413604589,90.18685613632462,389.8233764908628,10.558135345508274,1.5736211177595059,0.7502001521196197,0.8513513513513513,Very Fine Sand
441,8640.0,104.8846493368396,133.9007884895533,83.62690262036443,334.79393923934003,31.269102198997714,1.601168814028829,0.9686534547685067,0.9375,Very Fine Sand
442,4320.0,74.1646467884524,102.87835439360617,55.78569885968598,235.88225099390854,-57.009169298751296,1.8441707551673627,0.9756702971954307,0.9090909090909091,Very Fine Sand
443,37296.0,217.914529255033,333.0042144872446,155.7013898105157,895.5290039756342,63.63929353705732,2.1387363008930205,0.5844034995337698,0.8491803278688524,Fine Sand
444,1296.0,40.621650015438455,39.191835884530846,39.191835884530846,96.0,-45.00001609038752,1.0,1.7671458676442586,1.0,Silt or smaller
445,4896.0,78.95429570975449,84.23075914586437,75.03993844947045,232.97056274847716,39.30679965649347,1.122479054304965,1.1335721714472213,0.9714285714285714,Very Fine Sand
446,1728.0,46.905841142680316,53.665631459994955,39.191835884530846,120.0,0.0,1.3693063937629155,1.5079644737231006,1.0,Silt or smaller
447,223344.0,533.2639242245159,871.6824112032225,471.56007707814126,2695.8216433873085,-78.4917378848055,1.8485076527349404,0.38619072785450415,0.7424605074198181,Coarse Sand
448,23760.0,173.93151405914762,374.08066164738494,88.91799027574694,815.2935059634515,-41.10287794493659,4.207030101414902,0.4491881950495187,0.7971014492753623,Fine Sand
449,123840.0,397.0868736435423,698.2512302362429,277.06107595418325,2040.2926394116744,-4.8527487948777175,2.520206881574771,0.3738400979081203,0.7846715328467153,Medium Sand
450,1296.0,40.621650015438455,39.191835884530846,39.191835884530846,96.0,-45.00001609038752,1.0,1.7671458676442586,1.0,Silt or smaller
451,20160.0,160.2139482749891,231.7216070776642,112.69284096685709,559.5290039756342,44.07924844530697,2.056222960479037,0.8091987148532885,0.9395973154362416,Fine Sand
452,2160.0,52.4423246684198,55.42562584220407,48.3189403857328,136.97056274847716,45.00001609038752,1.1470786693528088,1.446802115179039,1.0,Silt or smaller
453,98640.0,354.3901080626778,618.9696275695711,229.7284989160272,1652.881384442131,-87.81402629125456,2.6943528142575963,0.4537112528630342,0.8135391923990499,Medium Sand
454,3600.0,67.70275002573075,67.88225099390857,67.88225099390857,192.0,-45.00001609038752,1.0,1.227184630308513,1.0,Very Fine Sand
455,172944.0,469.25381173164476,1025.6519324690044,296.33500284382603,2719.322076663197,-83.94468037412007,3.46112312965452,0.2938962647820346,0.6219575349559814,Medium Sand
456,15408.0,140.06453835742786,159.68082163746988,131.5516757553388,481.7056274847714,-37.96243413568133,1.2138258271559075,0.8344353493246769,0.9145299145299145,Fine Sand
457,16992.0,147.08802243602258,205.19273028423157,113.1331887123743,539.6467529817256,-63.17764064861649,1.813727100063502,0.7332215602934554,0.8872180451127819,Fine Sand
458,58608.0,273.1703191011762,391.00196612445586,192.4345320330648,966.3229432149743,-72.50697946156326,2.0318700702703008,0.7887187826302372,0.9553990610328639,Medium Sand
459,84384.0,327.7820094863841,921.4567051898784,309.1893467597839,2289.0277041479685,-57.76497204669227,2.9802343284025845,0.20238013169099783,0.44393939393939397,Medium Sand
460,598176.0,872.7091943548553,1126.2225505015858,1062.317483018597,7028.053675192383,-26.719960432829975,1.0601562795534545,0.1521838998129577,0.5886353974776818,Coarse Sand
461,2160.0,52.4423246684198,55.42562584220407,48.3189403857328,136.97056274847716,45.00001609038753,1.1470786693528088,1.446802115179039,1.0,Silt or smaller
462,15120.0,138.7493492467466,187.04172133279806,128.20489416955655,533.8233764908628,-65.01645782836323,1.4589280896361667,0.6667553042814048,0.84,Fine Sand
463,475488.0,778.0810527490263,1328.7119061864933,588.3104139397183,4566.4086553142115,-59.71932346639239,2.2585218189298293,0.2865496457036064,0.6840687797804019,Coarse Sand
464,48816.0,249.3079654078299,445.9563195513042,147.85615327387617,1013.116882454314,-62.036902688881284,3.0161498840379855,0.5976582921133152,0.8828125,Fine Sand
465,12960.0,128.45693636299953,169.44493943003656,106.19338361580469,481.7056274847713,14.568663863425465,1.595626146004243,0.7018615087777659,0.8571428571428571,Fine Sand
466,58176.0,272.1616867865733,293.73351453169,266.06349524784935,1038.3229432149742,35.13673646046037,1.1039978042010794,0.6780923116515953,0.8650963597430407,Medium Sand
467,3312.0,64.93819655767211,70.77213895435062,58.36020085193556,177.94112549695427,-45.00001609038752,1.212678125181665,1.314460457011912,1.0,Very Fine Sand
468,10800.0,117.26460285670078,170.64296685033565,88.86242099175135,447.7645019878171,-82.44627748590536,1.920305174514383,0.676915250425216,0.8620689655172413,Very Fine Sand
469,276912.0,593.7805224253347,934.5842897380699,457.8214339689802,3444.9385258416223,18.318542224458902,2.0413729467314385,0.2932166904285073,0.781072298943948,Coarse Sand
470,39168.0,223.31647160070133,415.65816961511996,129.86500394718053,984.4995667241113,-86.46513337864884,3.2006942361791246,0.5078204680986336,0.8318042813455657,Fine Sand
471,16848.0,146.46344202461592,194.77709510611822,122.68535033912615,546.6761902332485,10.038788078546728,1.5876149399069774,0.7084315585790746,0.8478260869565217,Fine Sand
472,297216.0,615.1643394476034,647.9688606676973,591.7311932263938,2101.1454531540594,31.82777471536494,1.0950392138948593,0.8459989295954992,0.961789375582479,Coarse Sand
473,436464.0,745.4684598648612,1736.2140213073367,442.43728646947176,5115.996533792891,-38.88753615082843,3.9242036654773123,0.20955489469734054,0.6244334569427277,Coarse Sand
474,46080.0,242.22072211393538,288.845500208959,214.49692773798955,901.352380466497,24.55884784717793,1.346618356053039,0.7127432521687899,0.898876404494382,Fine Sand
475,24192.0,175.50558699435487,221.00889924251382,142.49770899160893,587.6467529817257,-42.609089288523194,1.550964579055289,0.8803370017183276,0.9545454545454546,Fine Sand
476,39456.0,224.13598434225278,268.430806021223,193.4081750807252,778.4406922210658,14.90242061159495,1.3878979309389827,0.8182233304156525,0.9351535836177475,Fine Sand
477,39600.0,224.5446191105733,339.5116734943541,185.26190910713882,1078.0874452027913,-77.7643527922205,1.8326037723060011,0.42815110863845834,0.7638888888888888,Fine Sand
478,17568.0,149.5602631781161,183.27922108895274,143.5796306839561,587.6467529817256,43.608201795849126,1.2764987638976615,0.6392923464859286,0.8133333333333334,Fine Sand
479,1296.0,40.621650015438455,39.191835884530846,39.191835884530846,96.0,-45.00001609038752,1.0,1.7671458676442586,1.0,Silt or smaller
480,3168.0,63.51080914081473,65.92557787522092,61.55666609308751,177.94112549695427,56.30995260843428,1.070973820699234,1.2573100023592203,0.9565217391304348,Very Fine Sand
481,493056.0,792.3246790104045,1147.0879123811953,595.290107343739,4152.585278823349,-41.533883982612714,1.926939316192653,0.3593097417005171,0.8515294702810247,Coarse Sand
482,1296.0,40.621650015438455,39.191835884530846,39.191835884530846,96.0,-45.00001609038752,1.0,1.7671458676442586,1.0,Silt or smaller
483,3888.0,70.35876171402046,105.21579162622965,51.37956222748542,247.88225099390854,-51.830595386209794,2.0478140930898125,0.7951430324171355,0.8709677419354839,Very Fine Sand
484,8352.0,103.12175656779746,172.01184333677153,71.63931952126424,399.7645019878171,28.77807457305649,2.401081479922689,0.656737620451398,0.7837837837837838,Very Fine Sand
485,47808.0,246.72056289393203,291.3152221387089,240.23517033957717,1093.3523804664972,81.67600807777634,1.212625202741668,0.5025625586501125,0.836272040302267,Fine Sand
486,65088.0,287.876041878657,317.5321766531519,268.65814582459444,973.352380466497,0.09576181939016183,1.1819190357267897,0.8633176109538732,0.9456066945606695,Medium Sand
487,89424.0,337.42876736934744,433.8651754764178,267.6549651845652,1232.0285706997456,32.993799818060815,1.6209868372037861,0.7403249702638299,0.9241071428571429,Medium Sand
488,2160.0,52.4423246684198,55.42562584220407,48.3189403857328,136.97056274847716,-45.00001609038752,1.1470786693528088,1.446802115179039,1.0,Silt or smaller
489,49680.0,251.50455380060794,450.06376569862954,152.45314877287566,1049.0437226013958,-0.014361891531969246,2.9521447692046916,0.5672888825234128,0.9583333333333334,Medium Sand
490,328032.0,646.268763239076,816.806504080485,623.4099736698263,4873.084845547461,-39.90193488738808,1.310223670744617,0.17358737265785837,0.7774744027303754,Coarse Sand
491,288144.0,605.7031743173951,727.85073188273,597.8941076235224,3232.556708123602,40.38250249421879,1.2173572587556554,0.34651906989730175,0.8107779578606159,Coarse Sand
492,4320.0,74.1646467884524,74.10263153222023,73.8084006058931,211.88225099390854,-75.96378369399112,1.003986415149384,1.2092175857965606,0.9375,Very Fine Sand
493,2160.0,52.4423246684198,67.88225099390857,39.191835884530846,144.0,0.0,1.7320508075688776,1.308996938995747,1.0,Silt or smaller
494,1296.0,40.621650015438455,39.191835884530846,39.191835884530846,96.0,-45.00001609038752,1.0,1.7671458676442586,1.0,Silt or smaller
495,530928.0,822.1912946554169,1416.74813813343,756.3220707247407,7129.377484959134,7.778686005115752,1.8732074508626204,0.1312629841049887,0.5998047828208882,Coarse Sand
496,87984.0,334.7009233688765,702.5545784100149,194.65428697699102,2113.4987001723343,-33.832051521461985,3.6092427725111436,0.24751960096956016,0.6974885844748858,Medium Sand
497,10368.0,114.8953767556126,130.28827026252978,104.99772467798317,362.91168824543144,17.313886418247183,1.2408675584362425,0.9892428982841992,0.96,Very Fine Sand
498,3024.0,62.05059534991693,67.41347587225688,56.55189783174089,170.91168824543144,-38.9526353895556,1.192063899832902,1.3009126076835014,0.9545454545454546,Silt or smaller
499,137952.0,419.1013501234578,706.4743854033744,276.5371808397954,1867.6753236814714,-78.87053298434333,2.554717536563924,0.49697564224027496,0.8740875912408759,Medium Sand
500,2592.0,57.4476883778063,66.51112154271688,47.91941893564593,153.94112549695427,23.109445880672464,1.387978465098647,1.3744708899359803,1.0,Silt or smaller
501,15840.0,142.01448654487672,238.6604642970159,88.13284097069533,549.5878784786801,58.13565295629218,2.70796290767901,0.6590080964097865,0.873015873015873,Fine Sand
502,1296.0,40.621650015438455,39.191835884530846,39.191835884530846,96.0,-45.00001609038752,1.0,1.7671458676442586,1.0,Silt or smaller
503,101808.0,360.0360698185634,542.1832421579879,258.05818236302514,1480.7636354360397,-25.6080536427284,2.101011629211849,0.5834723617393517,0.8717632552404438,Medium Sand
504,3312.0,64.93819655767211,64.86373677044892,64.32432003098063,177.94112549695427,0.0,1.0083858910472507,1.314460457011912,1.0,Very Fine Sand
505,6768.0,92.82933393474059,121.92310493917057,73.45875580425927,307.88225099390854,48.6259317225289,1.659749115055135,0.8972240531526539,0.8867924528301887,Very Fine Sand
506,64944.0,287.55741860240784,479.6863643199957,243.10814331435353,1784.528137423857,-46.23847179831812,1.9731398454215177,0.2562725544793072,0.6622613803230544,Medium Sand
507,25632.0,180.65346941216404,226.93717190569132,152.8662921220245,638.558441227157,45.145970540403894,1.4845468464986395,0.789934456350807,0.8944723618090452,Fine Sand
508,49536.0,251.13978993381556,308.06809300277075,214.579789320755,963.411254969543,-73.03524502408649,1.4356808438387874,0.670667663943198,0.9052631578947369,Medium Sand
509,269280.0,585.5407283923848,823.59963371994,518.9680658516886,2673.0277041479685,-67.02192284468568,1.586994822828481,0.47359492812918114,0.7638888888888888,Coarse Sand
510,9216.0,108.32440004116921,249.29660487382694,60.00585636738304,503.64675298172574,-48.32792236596309,4.154537906225689,0.45656251650635404,0.735632183908046,Very Fine Sand
511,244368.0,557.7983516180755,836.9193453326039,579.9976967929235,5035.261469056597,-54.143748050886714,1.4429701186061936,0.12111840520715715,0.6161946259985476,Coarse Sand
512,27216.0,186.15178604975077,334.911741338912,113.47658476135,795.4112549695426,-73.01265724284298,2.9513731140504205,0.5405684521792496,0.8289473684210527,Fine Sand
513,1296.0,40.621650015438455,39.191835884530846,39.191835884530846,96.0,-45.00001609038752,1.0,1.7671458676442586,1.0,Silt or smaller
514,3405168.0,2082.2090562829526,4161.023424844739,2019.3860524915267,30131.053229162044,-12.247230448661542,2.060538855218323,0.04713242467561502,0.5117290629733824,Very Coarse Sand
515,8208.0,102.22891070135796,124.2653888510764,84.74996369903158,317.8233764908628,-78.74761465022844,1.4662589035716171,1.021117072450429,0.9661016949152542,Very Fine Sand
516,1728.0,46.905841142680316,53.665631459994955,39.191835884530846,120.0,90.00003218077504,1.3693063937629155,1.5079644737231006,1.0,Silt or smaller
517,1296.0,40.621650015438455,39.191835884530846,39.191835884530846,96.0,-45.00001609038752,1.0,1.7671458676442586,1.0,Silt or smaller
518,31968.0,201.7496512167832,370.0047826484976,130.934894406588,959.2935059634515,-4.71435911709847,2.8258684159436784,0.43653826859930644,0.8191881918819188,Fine Sand
519,3168.0,63.51080914081473,66.03380051093043,59.671829808773865,170.9116882454314,45.00001609038752,1.106615981486479,1.362860827097002,1.0,Very Fine Sand
520,1728.0,46.905841142680316,53.665631459994955,39.191835884530846,120.0,0.0,1.3693063937629155,1.5079644737231006,1.0,Silt or smaller
521,25488.0,180.14530112164965,201.72248228001558,165.13199454103267,625.7056274847714,89.44250366592867,1.221583272464445,0.8180983195007374,0.917098445595855,Fine Sand
522,1296.0,40.621650015438455,39.191835884530846,39.191835884530846,96.0,-45.00001609038752,1.0,1.7671458676442586,1.0,Silt or smaller
523,1296.0,40.621650015438455,39.191835884530846,39.191835884530846,96.0,-45.00001609038752,1.0,1.7671458676442586,1.0,Silt or smaller
524,3024.0,62.05059534991693,98.62729183158459,39.86103616223032,201.9411254969543,-14.516589736063723,2.474278175564269,0.9318416243440962,0.875,Silt or smaller
525,9216.0,108.32440004116921,164.9992619632917,75.71075585125962,385.7056274847714,-41.874795496787804,2.179337137875722,0.7784673089538364,0.8767123287671232,Very Fine Sand
526,3340080.0,2062.212874215226,5123.818866597905,1561.0184002075323,31581.9203282543,76.06428926198157,3.282356483380792,0.04208135018482427,0.4286242261849764,Very Coarse Sand
527,4896.0,78.95429570975449,106.3682775952182,58.43498654842398,242.9116882454314,-15.742199397645372,1.8202841119347706,1.0426881753190882,0.9714285714285714,Very Fine Sand
528,3744.0,69.0435287010191,79.61632322217237,61.34651516375175,201.9411254969543,79.775254719366,1.2978132989242042,1.1537086777593573,0.9629629629629629,Very Fine Sand
529,1296.0,40.621650015438455,39.191835884530846,39.191835884530846,96.0,-45.00001609038752,1.0,1.7671458676442586,1.0,Silt or smaller
530,180000.0,478.7307364817192,627.0193142747944,377.56706499244154,1765.8519471906088,-51.49145214161273,1.66068328625895,0.7253937208934642,0.9314456035767511,Medium Sand
531,15552.0,140.71752342804092,159.13562651673513,128.4924959245817,447.7645019878171,29.631655226220133,1.2384818690901553,0.974757960612311,0.9557522123893806,Fine Sand
532,83664.0,326.3806263716072,429.4198013761194,304.5137662318044,2214.469262920811,-23.951438427718955,1.4101818997871938,0.21439229599291734,0.7401273885350318,Medium Sand
533,408672.0,721.3441281566021,1171.0559022852838,489.5572150652952,4098.761902332486,-30.713703098857945,2.392071582744609,0.30568868633026103,0.7987616099071208,Coarse Sand
534,6912.0,93.81168228536063,100.74362783579048,87.09604727244367,276.8528137423857,15.809613593299462,1.1566957513083922,1.133223860012313,0.96,Very Fine Sand
535,135072.0,414.70352275627937,463.99985274145473,383.93598584433835,1517.116882454314,-60.64405801036645,1.2085344168013914,0.7374576957923156,0.9446122860020141,Medium Sand
536,1296.0,40.621650015438455,39.191835884530846,39.191835884530846,96.0,-45.00001609038752,1.0,1.7671458676442586,1.0,Silt or smaller
537,11808.0,122.61489527880698,154.9356873348728,99.71951747497744,399.7645019878171,68.14132105310708,1.5537147717722433,0.9284911185692181,0.9425287356321839,Very Fine Sand
538,2736.0,59.02188911239122,66.53637880532507,51.548342602979766,160.97056274847716,12.820507496305085,1.290756898195189,1.3268842295691072,1.0,Silt or smaller
539,4464.0,75.39059177177062,92.53802472610766,62.556514590980484,225.9411254969543,-83.38315293346608,1.4792707894798534,1.0988628074709068,0.96875,Very Fine Sand
540,129888.0,406.6676013485225,744.9844660403752,237.8928875236614,1784.528137423857,-65.29659449201567,3.1315962145622254,0.5125451089586144,0.9038076152304609,Medium Sand
541,1296.0,40.621650015438455,39.191835884530846,39.191835884530846,96.0,-45.00001609038752,1.0,1.7671458676442586,1.0,Silt or smaller
542,517536.0,811.7556904783958,1505.4178375097217,688.0871753628194,6009.113416247205,17.656993713718034,2.1878301055617473,0.18010659963054934,0.6106014271151886,Coarse Sand
543,4032.0,71.64985585730216,78.0894306783797,65.4129738114477,201.9411254969543,0.0,1.1937911721223953,1.2424554991254617,1.0,Very Fine Sand
544,76320.0,311.72687092098363,431.01623210928733,298.70616078692046,1431.0580079512683,-78.78202671892932,1.4429438983575205,0.46831034256991927,0.7340720221606648,Medium Sand
545,2304.0,54.162200020584606,53.665631459994955,53.665631459994955,144.0,-45.00001609038752,1.0,1.3962634015954636,1.0,Silt or smaller
546,5904.0,86.7018239261228,112.41151736027828,70.75434850227758,283.88225099390854,80.95830625625466,1.588757719345826,0.9206185731333097,0.8723404255319149,Very Fine Sand
547,2160.0,52.4423246684198,55.42562584220407,48.3189403857328,136.97056274847716,45.00001609038753,1.1470786693528088,1.446802115179039,1.0,Silt or smaller
548,8208.0,102.22891070135796,124.94932823599316,88.79387565583258,334.79393923934003,16.196084293756734,1.4071840801307072,0.9202207820300815,0.9047619047619048,Very Fine Sand
549,1296.0,40.621650015438455,39.191835884530846,39.191835884530846,96.0,-45.00001609038752,1.0,1.7671458676442586,1.0,Silt or smaller
550,20592.0,161.92142756654067,270.8338519613077,117.60245973057204,707.6467529817257,-16.216835580290514,2.3029607763459174,0.5167438981442465,0.7900552486187845,Fine Sand
551,239904.0,552.6800699682815,792.0815007810033,448.0868315059548,3149.4095218659886,-30.935162288432252,1.7676964487417146,0.30394085498573353,0.7734447539461468,Coarse Sand
552,6048.0,87.75279349717744,115.31881369009517,69.92371780125775,293.8233764908628,-81.38061827521929,1.6492088423825324,0.880337001718328,0.9130434782608695,Very Fine Sand
553,125424.0,399.6183137180566,545.2980446425026,332.8605012714985,1794.8225099390856,2.5986338407857614,1.6382179398261765,0.48926877021638066,0.804247460757156,Medium Sand
554,49824.0,251.86878940608096,399.7585928684192,180.6349686960313,1086.3229432149742,-82.36417361261162,2.2130742223070023,0.5305551701304643,0.8046511627906977,Medium Sand
555,6480.0,90.83277079272577,117.02177372066383,69.84975962531438,276.8528137423857,-73.54265690876764,1.6753353819453054,1.0623973687615433,0.9574468085106383,Very Fine Sand
556,395712.0,709.8141776030122,1653.598896523648,397.96274326719424,4311.850214087054,-88.24571745544857,4.155160060833667,0.2674617937103594,0.7220178665265371,Coarse Sand
557,1728.0,46.905841142680316,53.665631459994955,39.191835884530846,120.0,90.00003218077504,1.3693063937629155,1.5079644737231006,1.0,Silt or smaller
558,1386288.0,1328.5618924204546,1726.380815391315,1483.6282170647944,13215.814710973089,35.24635723348828,1.1636209095610097,0.09974139676569221,0.6291334466082865,Very Coarse Sand
559,214560.0,522.6722459805728,771.2667710290301,367.8005736998331,2154.4692629208116,-83.97944793304521,2.096970005431452,0.5808687591504537,0.9019370460048426,Coarse Sand
560,4320.0,74.1646467884524,108.57664364611892,52.968598759488586,242.9116882454314,-18.789280386333335,2.049830393647499,0.9200189782227248,0.9090909090909091,Very Fine Sand
561,27216.0,186.15178604975077,210.2593084982384,194.54335744001287,857.4701294725886,-61.73276102729367,1.0807837968102896,0.4651533576389599,0.8253275109170306,Fine Sand
562,4464.0,75.39059177177062,79.01326960829775,72.29492147568774,218.9116882454314,60.94541769281253,1.0929297382924654,1.17056665736022,0.9393939393939394,Very Fine Sand
563,5616.0,84.56070767935114,127.58820544318573,61.65504445172064,293.82337649086287,32.19656539269734,2.069387940237306,0.8174557873098757,0.8478260869565217,Very Fine Sand
564,16272.0,143.9380209393285,175.7755283387284,121.97994809078506,488.7350647362943,-72.48508663925871,1.4410198650675383,0.8560592052340901,0.9186991869918699,Fine Sand
565,3228480.0,2027.4684721066758,3961.3615075029975,1885.4016663395328,26529.76145630214,-17.66256090318603,2.1010703333013896,0.05764229641063091,0.5373663774507454,Very Coarse Sand
566,1728.0,46.905841142680316,53.665631459994955,39.191835884530846,120.0,0.0,1.3693063937629155,1.5079644737231006,1.0,Silt or smaller
567,7488.0,97.64229468307727,113.82686089874069,84.96342163569715,300.8528137423857,-12.163535421558615,1.339716064953258,1.0396030489558308,0.9454545454545454,Very Fine Sand
568,125424.0,399.6183137180566,1029.8199844224473,269.3683998366373,2392.0571413994912,-54.98242479819387,3.8230912944762556,0.2754529395632538,0.5674267100977198,Medium Sand
569,39744.0,224.95251157956494,412.8145257765403,156.09037483161325,1161.2346314604056,77.06850694608333,2.6447148084683327,0.37037484230524,0.7520435967302452,Fine Sand
570,4752.0,77.78453777314289,93.16204817963737,64.55523397463898,225.9411254969543,-79.09932353989771,1.4431370230373077,1.1697571821464494,1.0,Very Fine Sand
571,60480.0,277.4986984934932,417.9655577101597,206.91718721255012,1147.17575695736,-38.83237163161795,2.019965394565391,0.5775129476278362,0.8467741935483871,Medium Sand
572,241776.0,554.8321946029166,714.9266490087845,473.0084545825498,2609.7627688842626,-50.88137757119987,1.51144581472595,0.44608846150280007,0.8130750605326876,Coarse Sand
573,328320.0,646.5524010685048,950.430933639231,472.0913158116364,2674.233764908628,-85.38608377632555,2.013235367410256,0.5769105317908625,0.9260763606823721,Coarse Sand
574,50688.0,254.04323656325892,427.81853497235244,208.73198813226304,1229.1168824543142,-45.17900956233188,2.049606956750995,0.4216272305051818,0.6998011928429424,Medium Sand
575,1728.0,46.905841142680316,53.665631459994955,39.191835884530846,120.0,0.0,1.3693063937629155,1.5079644737231006,1.0,Silt or smaller
576,5616.0,84.56070767935114,98.20585156015824,75.74178384442686,259.88225099390854,46.889324702256914,1.2965875184808484,1.0449216404523274,0.9285714285714286,Very Fine Sand
577,582336.0,861.076781432931,1303.4756465135838,865.3226916820067,5208.378351510911,-36.5695234146142,1.5063463133965656,0.2697605589637562,0.6354494028912634,Coarse Sand
578,70848.0,300.34392829787123,333.57083808501386,273.6763045198553,993.2346314604056,-50.278046100811885,1.2188517331459845,0.902472030719407,0.9628180039138943,Medium Sand
579,76608.0,312.3144810012359,645.3011045729525,211.2176997388151,1794.4692629208112,-40.40175983002703,3.0551469188941587,0.2989592124788825,0.6472019464720195,Medium Sand
580,293328.0,611.1274901181224,1002.795028986321,429.95252710127136,3170.497833620557,-67.53966857131037,2.332338957854577,0.3666979343783406,0.8226978998384491,Coarse Sand
581,1019520.0,1139.3389226425968,1457.9373121291037,1079.7330676504162,7101.259735953042,-67.98329966261909,1.3502756892513161,0.25405913691895965,0.7571382739813923,Very Coarse Sand
582,25632.0,180.65346941216404,259.9648350102568,132.8083955882447,669.5878784786801,27.18774448231084,1.9574427795682756,0.7184179789533092,0.8640776699029126,Fine Sand
583,4032.0,71.64985585730216,104.74635959818818,54.8716140502361,254.9116882454314,-54.478347690311594,1.9089352739340002,0.7797419304681347,0.8235294117647058,Very Fine Sand
584,5760.0,85.63795757533302,132.96185776289798,55.99021682614642,290.9116882454314,77.11835852420192,2.374733753501151,0.8552833273446778,0.9302325581395349,Very Fine Sand
585,2736.0,59.02188911239122,66.53637880532506,51.548342602979766,160.97056274847716,12.820507496305092,1.2907568981951887,1.3268842295691072,1.0,Silt or smaller
586,106992.0,369.0886687102498,560.0065704238309,303.2748553636249,2007.5575746753802,-88.34905836030626,1.8465314895703637,0.33359931590863534,0.7284313725490196,Medium Sand
587,167184.0,461.3732545857025,946.7114210496485,286.8205713252433,2245.8519471906084,-14.60916716232124,3.300709627190983,0.41652620543873276,0.8045738045738046,Medium Sand
588,1296.0,40.621650015438455,39.191835884530846,39.191835884530846,96.0,-45.00001609038752,1.0,1.7671458676442586,1.0,Silt or smaller
589,2160.0,52.4423246684198,67.88225099390857,39.191835884530846,144.0,90.00003218077504,1.7320508075688776,1.308996938995747,1.0,Silt or smaller
590,518112.0,812.2072931227744,1606.9405533406602,493.7796768198734,4961.202594553551,-9.751107128968712,3.254367542402638,0.26452065585473544,0.7117705242334322,Coarse Sand
591,110448.0,375.0023483085263,583.4997573965484,281.78437087102907,2165.6164491784252,-6.601351869613933,2.0707314447315905,0.2959406593378865,0.7731854838709677,Medium Sand
592,9504.0,110.00394826170097,189.87572502898786,70.1797158429028,433.7056274847714,-42.43021343958845,2.705564175466661,0.6349304815284006,0.825,Very Fine Sand
593,56160.0,267.4044368224408,289.1997668585912,259.4883293595081,1028.3818177180199,-82.99492995572024,1.1145000916704788,0.6673108467835721,0.9006928406466512,Medium Sand
594,2592.0,57.4476883778063,66.51112154271688,47.91941893564593,153.94112549695427,66.89058630010258,1.387978465098647,1.3744708899359803,1.0,Silt or smaller
595,3600.0,67.70275002573075,83.05465507593505,54.39998042478928,194.9116882454314,-59.74608486396283,1.5267405323934318,1.1907938922533645,0.9615384615384616,Very Fine Sand
596,2016.0,50.66409894773703,57.37097324805089,42.54745250054008,129.94112549695427,45.00001609038752,1.3483997249264839,1.5004003042392393,1.0,Silt or smaller
597,10944.0,118.04377822478244,189.30588895221086,81.10402040259615,440.73506473629425,4.179773749474889,2.3341122673389836,0.7079958955618297,0.8837209302325582,Very Fine Sand
598,40032.0,225.76608570562152,356.34820558330745,191.47945156641242,1161.2346314604058,-12.680053620764491,1.8610258315875332,0.3730587179741183,0.7258485639686684,Fine Sand
599,8928.0,106.61839735897146,151.75656566695267,102.47934199924038,447.33809511662434,-7.576954051101265,1.4808503129155295,0.5606505821847405,0.7209302325581395,Very Fine Sand
600,7488.0,97.64229468307727,111.42531877582267,86.82769847969175,300.8528137423857,55.02963439168161,1.2832923217685437,1.0396030489558308,0.9454545454545454,Very Fine Sand
601,1728.0,46.905841142680316,53.665631459994955,39.191835884530846,120.0,0.0,1.3693063937629155,1.5079644737231006,1.0,Silt or smaller
602,1728.0,46.905841142680316,53.665631459994955,39.191835884530846,120.0,90.00003218077504,1.3693063937629155,1.5079644737231006,1.0,Silt or smaller
603,32976.0,204.905703256856,261.11079706886693,174.8561299875155,816.4995667241113,77.24601561023866,1.493289352152023,0.6215784100362436,0.8576779026217228,Fine Sand
604,32256.0,202.65639579094812,266.5838362960148,161.80244965851264,727.5290039756342,-43.800250504116335,1.647588382367791,0.7658077390775202,0.875,Fine Sand
605,6768.0,92.82933393474059,146.8002014724196,60.611510217781216,320.73506473629425,52.3132684526947,2.421985542761707,0.8267559507064747,0.9038461538461539,Very Fine Sand
606,6624.0,91.83647828790974,156.28067670732193,63.86779226976465,358.79393923934003,-28.370577810614975,2.4469403302250363,0.6466063885336266,0.7666666666666667,Very Fine Sand
607,3600.0,67.70275002573075,110.00212889644756,41.95706899021117,225.9411254969543,12.259173631346558,2.6217782019547577,0.8861796834442798,0.8928571428571429,Very Fine Sand
608,31824.0,201.29474725300665,337.6881144336823,124.30493405111982,774.3229432149743,-66.56094467552381,2.7166107042445287,0.6669916154616051,0.9132231404958677,Fine Sand
609,135360.0,415.145401968216,479.93442915310476,366.9753681451913,1503.0580079512686,-68.5963408661028,1.307811016251156,0.7529198138504596,0.9371884346959123,Medium Sand
610,1296.0,40.621650015438455,39.191835884530846,39.191835884530846,96.0,-45.00001609038752,1.0,1.7671458676442586,1.0,Silt or smaller
611,31680.0,200.83881292521613,415.019068595984,109.01004491240563,900.1463197058372,-37.17789063492139,3.807163541024775,0.4913249476600455,0.8270676691729323,Fine Sand
612,34848.0,210.64152405195648,314.30908441144334,157.2131870814879,863.2935059634515,23.001198473597597,1.9992539445722728,0.5875850996160092,0.8373702422145328,Fine Sand
613,1296.0,40.621650015438455,39.191835884530846,39.191835884530846,96.0,-45.00001609038752,1.0,1.7671458676442586,1.0,Silt or smaller
614,375264.0,691.2314840308535,1083.1042502689068,557.6321335102948,3842.9974003446678,-13.705967966612594,1.9423275402921358,0.3193056373846369,0.777910447761194,Coarse Sand
615,3600.0,67.70275002573075,74.88946717884127,62.764191269140525,194.9116882454314,78.69982991311814,1.1931877980822867,1.1907938922533645,0.9615384615384616,Very Fine Sand
616,418608.0,730.060449101646,851.8011939576427,766.9431274284073,3738.262335608374,71.84939121933833,1.1106445360737087,0.376424461445404,0.7664118112312154,Coarse Sand
617,454752.0,760.9259027312743,1205.8059086731441,514.9050310551389,3241.291772859897,-38.50031100357064,2.341802538231598,0.5439365320542902,0.8659171922127776,Coarse Sand
618,125568.0,399.8476499284508,447.48410954552605,373.62061789399735,1405.8519471906086,-31.498769705330513,1.197696508473965,0.7983800340403264,0.9447453954496208,Medium Sand
619,2304.0,54.162200020584606,70.38361039434363,40.86743676641883,153.9411254969543,63.93751468730511,1.7222418620631117,1.2217519021653156,0.8888888888888888,Silt or smaller
620,1728.0,46.905841142680316,53.665631459994955,39.191835884530846,120.0,0.0,1.3693063937629155,1.5079644737231006,1.0,Silt or smaller
621,3024.0,62.05059534991693,61.07606498691378,61.07606498691378,163.88225099390854,-45.00001609038752,1.0,1.4149067216881994,1.0,Silt or smaller
622,40608.0,227.38450130254148,283.5469033338239,188.41588839711383,789.5878784786801,-70.85198380442885,1.5048991130525449,0.8185034594736966,0.9306930693069307,Fine Sand
623,76176.0,311.4326501183615,480.39322378480654,228.91009872419386,1455.0580079512686,14.598369776688859,2.0986108802635934,0.45213425666518753,0.8214285714285714,Medium Sand
624,1296.0,40.621650015438455,39.191835884530846,39.191835884530846,96.0,-45.00001609038752,1.0,1.7671458676442586,1.0,Silt or smaller
625,6336.0,89.81784764422932,99.82809049671147,83.88011092587686,283.88225099390854,-30.520180269854354,1.1901282603801933,0.9879809077528202,0.9361702127659575,Very Fine Sand
626,1728.0,46.905841142680316,53.665631459994955,39.191835884530846,120.0,90.00003218077504,1.3693063937629155,1.5079644737231006,1.0,Silt or smaller
627,950400.0,1100.0394826170098,1866.6055603216823,1182.0960488143335,9323.611249867763,59.150907120797704,1.5790642073407875,0.1373877392688898,0.5296525158494503,Very Coarse Sand
628,11952.0,123.36028144696601,158.55872136345596,104.45619398007173,423.7645019878171,-71.34422580365874,1.5179446552849318,0.836375496842621,0.8924731182795699,Very Fine Sand
629,4896.0,78.95429570975449,99.07408788243453,62.64675384808925,235.88225099390854,-33.23527085772648,1.5814720124633612,1.1057596701548216,0.9714285714285714,Very Fine Sand
630,1296.0,40.621650015438455,39.191835884530846,39.191835884530846,96.0,-45.00001609038752,1.0,1.7671458676442586,1.0,Silt or smaller
631,4320.0,74.1646467884524,92.7002521055766,60.042179004117926,225.9411254969543,-21.241683898628533,1.5439188524323684,1.0634156201331357,0.967741935483871,Very Fine Sand
632,1296.0,40.621650015438455,39.191835884530846,39.191835884530846,96.0,-45.00001609038752,1.0,1.7671458676442586,1.0,Silt or smaller
633,22320.0,168.57848806561537,246.2654332255014,143.85503209418164,720.4995667241114,-49.313853623027406,1.7119000263005875,0.5403020387863376,0.7524271844660194,Fine Sand
634,91440.0,341.21111349219456,622.0848745705828,268.91213419233503,1809.734198184517,89.91283211538432,2.31333880279886,0.3508459720662487,0.6947483588621444,Medium Sand
635,1296.0,40.621650015438455,39.191835884530846,39.191835884530846,96.0,-45.00001609038752,1.0,1.7671458676442586,1.0,Silt or smaller
636,3024.0,62.05059534991693,77.92242766912692,49.225152862260856,177.94112549695427,-4.447930075251495,1.5829799023106177,1.2001595477065286,0.9545454545454546,Silt or smaller
637,1728.0,46.905841142680316,53.665631459994955,39.191835884530846,120.0,90.00003218077504,1.3693063937629155,1.5079644737231006,1.0,Silt or smaller
638,1296.0,40.621650015438455,39.191835884530846,39.191835884530846,96.0,-45.00001609038752,1.0,1.7671458676442586,1.0,Silt or smaller
639,5184.0,81.24330003087691,135.42692279561538,50.90288928603148,293.82337649086287,-53.695936683980705,2.6604957929721795,0.7545745729014236,0.8780487804878049,Very Fine Sand
640,14400.0,135.4055000514615,364.9034795642177,58.7176924097546,700.6173157302028,-72.09486798271948,6.214540534355151,0.3686469310083907,0.7518796992481203,Fine Sand
641,788544.0,1002.0007003808151,1736.9460516889396,797.3732186988486,7770.847614431723,-59.792132637529335,2.1783350769207965,0.16409638374234636,0.6871627556782532,Very Coarse Sand
642,1296.0,40.621650015438455,39.191835884530846,39.191835884530846,96.0,-45.00001609038752,1.0,1.7671458676442586,1.0,Silt or smaller
643,25632.0,180.65346941216404,219.07459746756413,156.26322668081238,604.6173157302028,3.816580883294523,1.4019587469229213,0.8811121637769442,0.9621621621621622,Fine Sand
644,16128.0,143.2997117146043,209.25930479505604,103.14756859815084,525.58787847868,49.46485128437903,2.028737154341489,0.7336682034546015,0.875,Fine Sand
645,4320.0,74.1646467884524,78.38367176906169,69.5586083817093,211.88225099390854,-30.963767603603337,1.126872339638022,1.2092175857965606,0.9375,Very Fine Sand
646,5760.0,85.63795757533302,121.56708668905878,62.998439932548095,283.88225099390854,-19.57785088768682,1.9296840813712157,0.8981644615934729,0.9090909090909091,Very Fine Sand
647,9504.0,110.00394826170097,137.0694364688153,88.6642995566619,341.82337649086287,-8.129661499862095,1.545937171490534,1.022145620322751,0.9705882352941176,Very Fine Sand
648,525744.0,818.1674958144228,1188.2260124875884,792.8586175278692,7168.64242022284,-61.276437403086604,1.4986606517470586,0.12856132902957537,0.6901701323251418,Coarse Sand
649,193104.0,495.85043011631933,670.2255462300334,376.72354155176015,1809.7341981845168,-86.74984754799978,1.7790912228880376,0.7409203914028971,0.9456981664315938,Medium Sand
650,33408.0,206.24351313559492,256.47369917578703,177.62742143686006,714.6761902332485,30.436409373106454,1.4438857305990556,0.8219430238099257,0.9206349206349206,Fine Sand
651,28224.0,189.5677000720461,193.00819320356163,188.23063725085194,624.4995667241114,4.428593611007015,1.0253813939244265,0.909419253865266,0.9607843137254902,Fine Sand
652,1296.0,40.621650015438455,39.191835884530846,39.191835884530846,96.0,-45.00001609038752,1.0,1.7671458676442586,1.0,Silt or smaller
653,23328.0,172.34306513341892,265.32326359602877,118.3782935765181,679.5290039756342,61.2820260011459,2.241316846018966,0.6348503658653079,0.8901098901098901,Fine Sand
654,7056.0,94.78385003602305,132.9481761229979,85.7388757240532,382.79393923934003,-46.012076435553965,1.550617208358152,0.6051155733680812,0.8032786885245902,Very Fine Sand
655,80208.0,319.56845495780385,417.89182619204746,268.4118668829898,1385.9696961967,-35.78933762607827,1.5569051810001429,0.524710895074314,0.8883572567783095,Medium Sand
656,5040.0,80.10697413749455,103.647291929533,62.27925014098309,242.9116882454314,88.7436621809839,1.664234744235103,1.073355474593179,0.9722222222222222,Very Fine Sand
657,134640.0,414.0398197071657,591.7843731123473,393.26526254430416,2321.2632021601516,0.6673737473584551,1.5047969639720684,0.31400400935426237,0.7159264931087289,Medium Sand
658,2160.0,52.4423246684198,67.88225099390857,39.191835884530846,144.0,0.0,1.7320508075688776,1.308996938995747,1.0,Silt or smaller
659,164160.0,457.1815871879842,633.7213722770723,463.6536221981189,2985.52727087208,-34.23594106404801,1.3667991404287652,0.2314382423301451,0.6846846846846847,Medium Sand
660,1296.0,40.621650015438455,39.191835884530846,39.191835884530846,96.0,-45.00001609038752,1.0,1.7671458676442586,1.0,Silt or smaller
661,114048.0,381.0648548448884,535.130997918124,287.5714365804463,1522.940258945177,-32.27349104958988,1.8608628321416214,0.617919360862239,0.8809788654060067,Medium Sand
662,27072.0,185.65866786948118,318.8532979874285,119.73337054142075,816.4995667241113,14.695208726258345,2.663027830467062,0.5102914457939467,0.8355555555555556,Fine Sand
663,115200.0,382.9845891853754,510.3331736880707,308.86843774244943,1544.0285706997456,78.80679940922585,1.6522671510826659,0.6072278453783205,0.8629989212513485,Medium Sand
664,232128.0,543.6492886413849,677.4048928129403,489.4979010374695,3202.7333316327395,-66.217027612381,1.3838770122960897,0.2843778944481116,0.8224489795918367,Coarse Sand
665,17712.0,150.17196414893561,238.62561380472985,111.63601257505022,635.6467529817257,-72.14295660676008,2.137532578425869,0.5508657890850996,0.7935483870967742,Fine Sand
666,6192.0,88.79132424398303,117.02278765207302,70.67078205473324,290.9116882454314,-60.2806430852385,1.6558864108995002,0.9194295768955287,0.9148936170212766,Very Fine Sand
667,38304.0,220.83968737873107,306.097236096046,175.28151090424933,902.5584412271571,25.78344930397913,1.7463178775498867,0.5908854936372885,0.86084142394822,Fine Sand
668,1728.0,46.905841142680316,53.665631459994955,39.191835884530846,120.0,90.00003218077504,1.3693063937629155,1.5079644737231006,1.0,Silt or smaller
669,5760.0,85.63795757533302,117.15753144836404,62.9415031988083,269.8233764908628,-50.59118435944277,1.8613716783710725,0.9941987258216345,0.9302325581395349,Very Fine Sand
670,5184.0,81.24330003087691,96.62013994047138,67.47257633945608,235.88225099390854,-57.25372308693734,1.4319912649307065,1.1708043566345168,1.0,Very Fine Sand
671,94464.0,346.8072957044912,443.2674600785723,301.9257838320046,1658.7047609329943,-72.69655386446722,1.4681338388947003,0.43145749044343684,0.830379746835443,Medium Sand
672,11088.0,118.81784408085969,211.25486795650073,78.96710989327978,488.73506473629425,-38.82241487695264,2.6752260307107787,0.5833323787878314,0.7857142857142857,Very Fine Sand
673,1296.0,40.621650015438455,39.191835884530846,39.191835884530846,96.0,-45.00001609038752,1.0,1.7671458676442586,1.0,Silt or smaller
674,5040.0,80.10697413749455,132.81829341498306,48.22911005586191,272.73506473629425,45.71782303569418,2.75390305276512,0.8514486191682589,0.9210526315789473,Very Fine Sand
675,1728.0,46.905841142680316,53.665631459994955,39.191835884530846,120.0,90.00003218077504,1.3693063937629155,1.5079644737231006,1.0,Silt or smaller
676,1296.0,40.621650015438455,39.191835884530846,39.191835884530846,96.0,-45.00001609038752,1.0,1.7671458676442586,1.0,Silt or smaller
677,3024.0,62.05059534991693,77.92242766912692,49.225152862260856,177.94112549695427,-85.55210210552355,1.5829799023106177,1.2001595477065286,0.9545454545454546,Silt or smaller
678,1296.0,40.621650015438455,39.191835884530846,39.191835884530846,96.0,-45.00001609038752,1.0,1.7671458676442586,1.0,Silt or smaller
679,23328.0,172.34306513341892,294.3728258985766,113.01491278159827,714.6761902332485,-77.28361095289364,2.6047255061591135,0.5739429735224482,0.8393782383419689,Fine Sand
680,171072.0,466.7072266388573,652.1112814604433,374.4696290204397,1877.6164491784257,75.86665997145826,1.7414263559004115,0.6097826089990462,0.8571428571428571,Medium Sand
681,29376.0,193.3977374897135,229.19084250990826,174.81830585650806,744.4995667241114,-22.863674923519387,1.3110231299119757,0.6659990732758847,0.8607594936708861,Fine Sand
682,2304.0,54.162200020584606,70.38361039434363,40.86743676641883,153.9411254969543,-26.062517493469926,1.7222418620631117,1.2217519021653156,0.8888888888888888,Silt or smaller
683,38304.0,220.83968737873107,310.552366203434,202.91019379074785,986.2051942088827,70.59369051270373,1.5304916938953432,0.49490224240439934,0.7869822485207101,Fine Sand
684,320832.0,639.1369099156077,1487.7949626403815,429.0774789718872,4820.041122946064,-82.889359172305,3.467427295893711,0.17353459062205426,0.6146206896551724,Coarse Sand
685,1728.0,46.905841142680316,53.665631459994955,39.191835884530846,120.0,0.0,1.3693063937629155,1.5079644737231006,1.0,Silt or smaller
686,82800.0,324.6909827883606,453.2012545931816,271.7334493173197,1336.2640687119285,-10.790292081527133,1.667815485107801,0.5827142242316266,0.8167613636363636,Medium Sand
687,9072.0,107.47478378595324,132.32449612953846,90.06178814151673,348.8528137423857,-8.734014748608448,1.469263478553336,0.9367602312470612,0.9545454545454546,Very Fine Sand
688,2736.0,59.02188911239122,66.53637880532506,51.548342602979766,160.97056274847716,77.17952468446995,1.2907568981951887,1.3268842295691072,1.0,Silt or smaller
689,17280.0,148.3292935769048,202.2060303303372,110.12611542248621,505.7056274847713,-84.9632463618235,1.836131507541122,0.8490984130657792,0.9448818897637795,Fine Sand
690,1296.0,40.621650015438455,39.191835884530846,39.191835884530846,96.0,-45.00001609038752,1.0,1.7671458676442586,1.0,Silt or smaller
691,1728.0,46.905841142680316,53.665631459994955,39.191835884530846,120.0,90.00003218077504,1.3693063937629155,1.5079644737231006,1.0,Silt or smaller
692,173232.0,469.64436844655313,759.7303224322744,335.71897763516137,2221.14545315406,55.002550529493504,2.2629948648833977,0.4412492542338143,0.7816764132553606,Medium Sand
693,1296.0,40.621650015438455,39.191835884530846,39.191835884530846,96.0,-45.00001609038752,1.0,1.7671458676442586,1.0,Silt or smaller
694,2160.0,52.4423246684198,55.42562584220407,48.3189403857328,136.97056274847716,-45.00001609038752,1.1470786693528088,1.446802115179039,1.0,Silt or smaller
695,1681632.0,1463.2567656061192,2440.2559796472287,1295.3005204530502,13455.814710973089,55.83477084539607,1.8839303629660502,0.11671342953837097,0.6307318390494194,Very Coarse Sand
696,87264.0,333.32863008113964,388.02611798681926,323.8008581733611,1560.9991334482227,57.15992138971401,1.198348022225044,0.4500281250031422,0.851123595505618,Medium Sand
697,5616.0,84.56070767935114,100.10879722390676,72.60563222511561,259.88225099390854,-13.217161597949998,1.3788020867791204,1.0449216404523274,0.9512195121951219,Very Fine Sand
698,3024.0,62.05059534991693,98.62729183158459,39.86103616223032,201.9411254969543,-14.516589736063723,2.474278175564269,0.9318416243440962,0.875,Silt or smaller
699,231264.0,542.6365911672679,661.5936608138882,467.59276705480806,1989.3809511662428,-29.59489991843535,1.4148928457149137,0.7343143017788514,0.9358974358974359,Coarse Sand
700,126288.0,400.9923635501233,552.7887099023835,498.1663718864548,2790.116015902537,-70.32690797944215,1.1096467788644284,0.2038578433226629,0.6669201520912548,Medium Sand
701,5297328.0,2597.0690193048067,3839.896060753201,2913.6470936639034,41988.52897846673,-37.88586150256337,1.3179001908307784,0.03775768932196788,0.5850908165537424,Very Coarse Sand
702,503712.0,800.8408315999119,1324.4905442018362,697.2515322801352,5668.496100517003,-81.63716076662243,1.899587857298096,0.19699556859318232,0.6932223543400713,Coarse Sand
703,6480.0,90.83277079272577,172.27431415038174,55.747332926876666,379.88225099390854,-42.89305485555846,3.0902700650514094,0.5642698742545474,0.7627118644067796,Very Fine Sand
704,5472.0,83.46955605962458,90.94962647364086,76.59303045389507,242.9116882454314,-87.3357177617267,1.1874399789989731,1.1653573724154516,0.9743589743589743,Very Fine Sand
705,1728.0,46.905841142680316,53.665631459994955,39.191835884530846,120.0,0.0,1.3693063937629155,1.5079644737231006,1.0,Silt or smaller
706,1296.0,40.621650015438455,39.191835884530846,39.191835884530846,96.0,-45.00001609038752,1.0,1.7671458676442586,1.0,Silt or smaller
707,8064.0,101.32819789547406,142.20529748038422,73.17981977004764,331.88225099390854,-6.531903207665412,1.943231042755158,0.9200095363701507,0.9333333333333333,Very Fine Sand
708,7920.0,100.41940646260807,119.43885302679249,87.54353471438591,317.82337649086287,-55.40724640628727,1.364336651660985,0.9852884032416417,0.9482758620689655,Very Fine Sand
709,19872.0,159.06544638285573,203.95432123085868,131.5747420064256,583.5290039756342,-76.97305763124453,1.5501023837910954,0.7333757543923386,0.9019607843137255,Fine Sand
710,1728.0,46.905841142680316,53.665631459994955,39.191835884530846,120.0,90.00003218077504,1.3693063937629155,1.5079644737231006,1.0,Silt or smaller
711,280944.0,598.0877951071026,1058.1636657014533,409.55952572929,3988.2034611053286,-53.42347625500136,2.5836626893666166,0.22196015192490456,0.7186003683241252,Coarse Sand
712,3312.0,64.93819655767211,80.54985365051247,52.890521620221264,187.88225099390854,64.09762341149784,1.5229544194874496,1.1790403893488048,0.9583333333333334,Very Fine Sand
713,17136.0,147.70996187996852,290.0442060135279,99.44907755668524,721.7056274847713,-51.25637252382996,2.9165097670031668,0.4134272837356701,0.7,Fine Sand
714,1728.0,46.905841142680316,53.665631459994955,39.191835884530846,120.0,90.00003218077504,1.3693063937629155,1.5079644737231006,1.0,Silt or smaller
715,434736.0,743.9913082287895,1066.468100901637,551.5196291564944,3220.2034611053286,-47.475653323034386,1.933690197994794,0.5268279943285686,0.8655389908256881,Coarse Sand
716,5616.0,84.56070767935114,118.95376080364935,62.95948127003936,280.97056274847716,-10.592168209901494,1.8893700901607662,0.8939543057843559,0.9512195121951219,Very Fine Sand
717,32400.0,203.10825007719225,272.6748485699733,163.139118074823,775.5290039756342,-75.82779198631641,1.6714252950963744,0.6769534174183752,0.8555133079847909,Fine Sand
718,18144.0,151.99229684321108,181.46841296801472,133.63085730689326,515.6467529817257,21.626720717815743,1.357982853849833,0.8575082884968448,0.9333333333333333,Fine Sand
719,1296.0,40.621650015438455,39.191835884530846,39.191835884530846,96.0,-45.00001609038752,1.0,1.7671458676442586,1.0,Silt or smaller
720,20304.0,160.78512280774845,237.38684819696402,125.12174754684992,632.7350647362941,61.10226097516279,1.897246904324751,0.6373054953107066,0.8493975903614458,Fine Sand
721,1296.0,40.621650015438455,39.191835884530846,39.191835884530846,96.0,-45.00001609038752,1.0,1.7671458676442586,1.0,Silt or smaller
722,497088.0,795.5577281463065,1799.5018041786225,571.0788901062533,4755.996533792891,-30.859104369923234,3.151056422071235,0.2761595614111272,0.6584016784283807,Coarse Sand
723,6048.0,87.75279349717744,148.42194277044388,62.62805955019357,324.8528137423857,-24.09211215112076,2.369895280748566,0.7201921460348347,0.7924528301886793,Very Fine Sand
724,16272.0,143.9380209393285,226.9445902459417,120.24652709630271,719.6467529817256,10.566285929274303,1.8873276070932754,0.39483174128714915,0.7635135135135135,Fine Sand
725,18576.0,153.79108486190086,253.26424941352127,101.69020421165276,614.5584412271571,-73.77507150206998,2.490547161124685,0.6180671901723687,0.8269230769230769,Fine Sand
726,8496.0,104.00693809583063,175.55799935759924,77.33803887566042,409.7056274847714,-77.517129386584,2.2700084190116474,0.6360342596541236,0.7972972972972973,Very Fine Sand
727,20592.0,161.92142756654067,223.02175395748668,138.62466686784234,686.5584412271571,82.21968947800714,1.6088172400811191,0.5489760161506201,0.7988826815642458,Fine Sand
728,120960.0,392.44242295038043,657.9851453162332,278.82457503817045,2073.380951166243,-84.1494930644805,2.359853485748724,0.35358467509510916,0.7894736842105263,Medium Sand
729,3744.0,69.0435287010191,81.47134156302216,57.749974520997114,194.9116882454314,60.53260408703174,1.4107597836844115,1.2384256479434992,1.0,Very Fine Sand
730,5616.0,84.56070767935114,105.0965808866982,69.01512431453384,259.88225099390854,21.307848978978086,1.5228050652741636,1.0449216404523274,0.9285714285714286,Very Fine Sand
731,7920.0,100.41940646260807,132.26918320215628,84.7940647862119,365.82337649086287,-74.43680790901924,1.5598872814464269,0.743690335675285,0.9016393442622951,Very Fine Sand
732,13392.0,130.58033536139084,174.5442378979484,120.03817882501147,594.6761902332486,24.053459191015435,1.4540726925921996,0.4758764396945869,0.808695652173913,Fine Sand
733,2160.0,52.4423246684198,67.88225099390857,39.191835884530846,144.0,0.0,1.7320508075688776,1.308996938995747,1.0,Silt or smaller
734,12384.0,125.56989496690778,182.6288878931311,99.48288287500814,488.7350647362943,-77.4083759222203,1.8357820221453462,0.651514085399396,0.8269230769230769,Fine Sand
735,76032.0,311.13815109257155,510.64302794862385,268.78555246529226,1897.4987001723339,-65.68102655180631,1.8998157574505876,0.26536479406310415,0.707774798927614,Medium Sand
736,6912.0,93.81168228536063,119.10798785633739,74.49353816818332,300.8528137423857,42.981782831694055,1.598903620169423,0.9596335836515362,0.9411764705882353,Very Fine Sand
737,172224.0,468.27599484969187,622.4804845045946,470.1134203257928,3061.218613006978,-88.22418670261035,1.3241070294764403,0.23094834010634002,0.7235329703569268,Medium Sand
738,47520.0,245.97630610653323,565.822786530102,119.82203482012255,1287.0580079512683,-64.15783269438623,4.722193103960537,0.3604873703401265,0.7857142857142857,Fine Sand
739,1296.0,40.621650015438455,39.191835884530846,39.191835884530846,96.0,-45.00001609038752,1.0,1.7671458676442586,1.0,Silt or smaller
740,185904.0,486.5185755183924,590.8509548882312,425.2962436408908,1794.4692629208112,1.0180934834254125,1.3892691593747781,0.7254818483275138,0.9485672299779574,Medium Sand
741,1296.0,40.621650015438455,39.191835884530846,39.191835884530846,96.0,-45.00001609038752,1.0,1.7671458676442586,1.0,Silt or smaller
742,3456.0,66.33487669849642,84.5436229273259,52.157222149210895,194.9116882454314,-61.32097983543114,1.6209379917792457,1.1431621365632298,0.96,Very Fine Sand
743,1296.0,40.621650015438455,39.191835884530846,39.191835884530846,96.0,-45.00001609038752,1.0,1.7671458676442586,1.0,Silt or smaller
744,210960.0,518.2688630019461,1016.9797854459264,388.27817064404803,3201.0277041479685,16.986267486109966,2.6192041230621674,0.25872066273846,0.6502441189525078,Coarse Sand
745,50256.0,252.95834945739654,323.13770830808323,229.06274398847165,1359.4844148224613,86.38661077381029,1.4106951775813277,0.34170341305436946,0.8329355608591885,Medium Sand
746,1728.0,46.905841142680316,53.665631459994955,39.191835884530846,120.0,90.00003218077504,1.3693063937629155,1.5079644737231006,1.0,Silt or smaller
747,6048.0,87.75279349717744,129.47328853327096,61.242360666893326,293.82337649086287,-60.194888014800306,2.1141132889618053,0.8803370017183276,0.875,Very Fine Sand
748,149328.0,436.0393499859989,716.7151567101971,282.71512544907125,2281.4987001723343,4.7421505549395535,2.535114297729031,0.3605044759047345,0.8714285714285714,Medium Sand
749,49536.0,251.13978993381556,445.67061360968967,190.30144741256038,1368.9991334482227,37.89119999188876,2.3419192006643366,0.33214250152477764,0.7397849462365591,Medium Sand
750,1728.0,46.905841142680316,53.665631459994955,39.191835884530846,120.0,90.00003218077504,1.3693063937629155,1.5079644737231006,1.0,Silt or smaller
751,4039632.0,2267.9107585126876,3945.671356742019,2351.0834483246745,41059.26577630658,-67.74832587030451,1.6782353512605472,0.03011128640991585,0.5066461983023298,Very Coarse Sand
752,16272.0,143.9380209393285,245.80264705214626,86.74658704071365,563.6467529817257,79.1570684458054,2.83357138807987,0.6436307439440334,0.9186991869918699,Fine Sand
753,1728.0,46.905841142680316,53.665631459994955,39.191835884530846,120.0,90.00003218077504,1.3693063937629155,1.5079644737231006,1.0,Silt or smaller
754,3744.0,69.0435287010191,77.9095785425973,60.560424593427044,194.9116882454314,-71.91462233039924,1.2864767554990566,1.2384256479434992,0.9629629629629629,Very Fine Sand
755,1728.0,46.905841142680316,53.665631459994955,39.191835884530846,120.0,0.0,1.3693063937629155,1.5079644737231006,1.0,Silt or smaller
756,10080.0,113.28836926591555,125.62739612494354,121.04233277022695,423.7645019878171,-20.848427865206812,1.0378798330285022,0.7053769250479938,0.8433734939759037,Very Fine Sand
757,52992.0,259.75278623068846,575.6894003462762,136.42964825329412,1313.9696961966997,-43.851847971287086,4.219679576373723,0.38569985553041913,0.7619047619047619,Medium Sand
758,143568.0,427.5470207574108,479.1847852464965,390.0178286786088,1483.6753236814714,-9.248042613218628,1.2286227705794575,0.819577009481883,0.9477186311787072,Medium Sand
759,1296.0,40.621650015438455,39.191835884530846,39.191835884530846,96.0,-45.00001609038752,1.0,1.7671458676442586,1.0,Silt or smaller
760,297360.0,615.3133437708368,945.7977253987458,475.7315690671611,3546.2623356083745,-75.62825246781681,1.9880911566438917,0.2971328667917996,0.7957610789980732,Coarse Sand
761,5472.0,83.46955605962458,106.05261851900141,65.87825588415308,249.9411254969543,90.00003218077504,1.6098273564724446,1.1007292580871468,1.0,Very Fine Sand
762,27072.0,185.65866786948118,472.89196671842126,115.21248871172013,1023.0580079512686,-53.75292289829303,4.104520022145097,0.32503466953738536,0.5911949685534591,Fine Sand
763,3024.0,62.05059534991693,73.59700630695625,51.98401490372773,177.9411254969543,52.01814033377961,1.4157622577489424,1.200159547706528,0.9130434782608695,Silt or smaller
764,554400.0,840.1690327554177,1564.9746032761336,493.6490297207012,4022.1445866022823,-57.91325768799354,3.170217115916487,0.43064333373527636,0.8224738303781244,Coarse Sand
765,466128.0,770.3847107181657,1086.358149537961,602.3719247568547,3653.409521865988,-6.184715322330623,1.8034674341379135,0.43885226365203744,0.8314924222964295,Coarse Sand
766,16128.0,143.2997117146043,168.66053313869335,126.05777777226564,481.7056274847714,72.85627278652362,1.337962132280273,0.8734276553678861,0.9256198347107438,Fine Sand
767,56880.0,269.1131087564039,390.038363756723,205.24544727787224,1066.940258945177,36.825078947113546,1.9003508673625693,0.6278982119468812,0.9122401847575058,Medium Sand
768,25776.0,181.16021225725464,339.21645466992504,100.96024224885944,731.6467529817256,-88.8917979684672,3.3599013543745455,0.6050935003903458,0.895,Fine Sand
769,103824.0,363.58330887512363,628.3313803519674,260.96256587393003,2097.734198184517,3.3199349047733087,2.4077452574386156,0.29648771579120375,0.7471502590673575,Medium Sand
770,2736.0,59.02188911239122,76.29306376694652,44.04782090314786,163.88225099390854,45.00001609038752,1.7320508075688772,1.2801537005750374,1.0,Silt or smaller
771,1296.0,40.621650015438455,39.191835884530846,39.191835884530846,96.0,-45.00001609038752,1.0,1.7671458676442586,1.0,Silt or smaller
772,64224.0,285.95897698983174,376.4494703516732,251.81822109100204,1387.1757569573601,58.66026915174591,1.4949254613931686,0.4194152663607431,0.8138686131386861,Medium Sand
773,560160.0,844.5222693208561,1579.7952020389337,669.2135608777069,5791.407788762434,-55.15126310077322,2.3606742217939423,0.20987159625319302,0.6488740617180984,Coarse Sand
774,2160.0,52.4423246684198,55.42562584220407,48.3189403857328,136.97056274847716,-45.00001609038752,1.1470786693528088,1.446802115179039,1.0,Silt or smaller
775,30960.0,198.54343682177114,216.69287220909845,190.53557676498525,700.6173157302028,23.906085874118094,1.1372829992604307,0.79259090166804,0.9110169491525424,Fine Sand
776,1823616.0,1523.7782009241892,4262.718211084621,902.0780423595311,13904.785273721569,-60.439927641221765,4.725442823034237,0.11852628836903596,0.5518804200984878,Very Coarse Sand
777,5040.0,80.10697413749455,88.63458800673583,77.10603097655742,252.8528137423857,-6.484629046684516,1.149515633007792,0.9906148152434087,0.9459459459459459,Very Fine Sand
778,3744.0,69.0435287010191,81.47134156302216,57.749974520997114,194.9116882454314,29.467428093743294,1.4107597836844115,1.2384256479434992,1.0,Very Fine Sand
779,1169136.0,1220.0779435648728,1885.60711223668,1368.9652953820857,10574.242850947838,-75.32281959901933,1.3773958467737466,0.13139424292383844,0.5792252265106657,Very Coarse Sand
780,2160.0,52.4423246684198,67.88225099390857,39.191835884530846,144.0,90.00003218077504,1.7320508075688776,1.308996938995747,1.0,Silt or smaller
781,11232.0,119.5868996440051,135.56099308363747,110.9243491620223,385.7056274847714,23.775074977037992,1.22210311899716,0.9487570327874882,0.9397590361445783,Very Fine Sand
782,2164032.0,1659.9190096123134,2104.7488845186435,1657.6806529794444,15022.430293599737,62.92318812494442,1.2696950288559246,0.12050169269493934,0.7341475329750855,Very Coarse Sand
783,14832.0,137.42157373393718,278.6503574460774,72.9838699716492,591.7645019878171,81.90509568645307,3.817971800540585,0.532245209715855,0.8728813559322034,Fine Sand
784,1728.0,46.905841142680316,53.665631459994955,39.191835884530846,120.0,0.0,1.3693063937629155,1.5079644737231006,1.0,Silt or smaller
785,1728.0,46.905841142680316,53.665631459994955,39.191835884530846,120.0,90.00003218077504,1.3693063937629155,1.5079644737231006,1.0,Silt or smaller
786,1728.0,46.905841142680316,53.665631459994955,39.191835884530846,120.0,90.00003218077504,1.3693063937629155,1.5079644737231006,1.0,Silt or smaller
787,58176.0,272.1616867865733,334.8760766463187,239.70238907241634,1117.3523804664972,-18.76105847120077,1.3970493908809125,0.5855626992589078,0.8688172043010752,Medium Sand
788,37152.0,217.49343798377174,339.9336281324303,141.23767702798665,795.4112549695428,-25.147651082405034,2.406819733130215,0.7379188394827848,0.945054945054945,Fine Sand
789,30528.0,197.15338399752372,237.25516590446193,170.46888970431473,734.5584412271571,-21.500833321708058,1.3917798509510488,0.7109769309115637,0.9098712446351931,Fine Sand
790,636624.0,900.3193055396948,1792.4462802069875,644.7374232928373,6943.200861449996,-28.43971507144793,2.780118255044837,0.16594853108108606,0.5951002826759995,Coarse Sand
791,216000.0,524.423246684198,582.4562016231642,495.28066193494374,1966.587011926903,-50.803975239971635,1.1760124034474644,0.701838651631051,0.9101941747572816,Coarse Sand
792,3024.0,62.05059534991693,82.33754731408911,47.74718429837077,184.97056274847716,11.048950008551552,1.7244482271365817,1.110673513230868,0.9545454545454546,Silt or smaller
793,39312.0,223.72660320719285,377.3851112475484,166.50171181665047,1038.3229432149742,27.015934939673386,2.2665539418785077,0.4582158442596176,0.7690140845070422,Fine Sand
794,4320.0,74.1646467884524,105.92062224666083,57.63351267171018,252.8528137423857,-8.442129177448264,1.8378304104072547,0.8490984130657788,0.8571428571428571,Very Fine Sand
795,2736.0,59.02188911239122,66.53637880532506,51.548342602979766,160.97056274847716,77.17952468446995,1.2907568981951887,1.3268842295691072,1.0,Silt or smaller
796,29376.0,193.3977374897135,517.4170394060031,127.90554634422125,1158.3229432149742,-84.86579218783879,4.045305729069191,0.2751333311082952,0.6071428571428571,Fine Sand
797,29664.0,194.34345333718827,349.3478564740816,110.121639679606,779.6467529817256,7.268363501012232,3.172381536367362,0.6132588545104827,0.9196428571428571,Fine Sand
798,297360.0,615.3133437708368,769.4061626599814,519.117109352552,2897.263202160151,-82.23984108833864,1.4821437182442174,0.445160386768031,0.8858858858858859,Coarse Sand
799,39024.0,222.90558538032417,399.3542829523507,135.42569789770744,1054.0874452027913,-33.86440763799716,2.948881114528199,0.44135531982002185,0.8442367601246106,Fine Sand
800,51120.0,255.12351033736877,377.77601446464365,200.75237022489307,1079.2935059634515,-9.331483845192768,1.881801017051204,0.5514696057291877,0.7995495495495496,Medium Sand
801,2592.0,57.4476883778063,66.51112154271688,47.91941893564593,153.94112549695427,-23.109445880672464,1.387978465098647,1.3744708899359803,1.0,Silt or smaller
802,1296.0,40.621650015438455,39.191835884530846,39.191835884530846,96.0,-45.00001609038752,1.0,1.7671458676442586,1.0,Silt or smaller
803,1296.0,40.621650015438455,39.191835884530846,39.191835884530846,96.0,-45.00001609038752,1.0,1.7671458676442586,1.0,Silt or smaller
804,1728.0,46.905841142680316,53.665631459994955,39.191835884530846,120.0,0.0,1.3693063937629155,1.5079644737231006,1.0,Silt or smaller
805,437904.0,746.6971873508743,1304.7285752507223,549.7569182054849,4704.585278823348,76.95255073761005,2.373282685572405,0.24862573824729245,0.7471744471744471,Coarse Sand
806,2016.0,50.66409894773703,57.37097324805089,42.54745250054008,129.94112549695427,-45.00001609038752,1.3483997249264839,1.5004003042392393,1.0,Silt or smaller
807,11088.0,118.81784408085969,147.53956020286304,99.0001827179207,402.6761902332485,-23.768672196645497,1.4902958373647113,0.8593125987064042,0.9390243902439024,Very Fine Sand
808,31680.0,200.83881292521613,321.7587406202978,129.6610729022998,768.4995667241113,-13.805000569125783,2.48153692868749,0.6740743210890819,0.9166666666666666,Fine Sand
809,9216.0,108.32440004116921,159.16403838404938,80.67370318313681,389.82337649086287,80.26035324711376,1.9729358155622558,0.7621080910421532,0.9014084507042254,Very Fine Sand
810,3168.0,63.51080914081473,72.07152646335487,55.275202087409184,177.94112549695427,-49.41672499525329,1.303867263106246,1.2573100023592203,0.9565217391304348,Very Fine Sand
811,2160.0,52.4423246684198,55.42562584220407,48.3189403857328,136.97056274847716,45.00001609038753,1.1470786693528088,1.446802115179039,1.0,Silt or smaller
812,19008.0,155.56907554628577,286.51844259338316,93.74490745473557,672.4995667241113,22.715346233910513,3.0563627440960213,0.5281560629041427,0.8407643312101911,Fine Sand
813,36432.0,215.37563254414704,345.5753867065938,160.85293858171693,1195.1757569573601,89.11938283194647,2.1483933694567456,0.32050095409433793,0.790625,Fine Sand
814,88848.0,336.3402846383849,361.4914941748939,322.23412876395753,1305.734198184517,66.8238030017313,1.1218287012661317,0.6548592443225657,0.9278195488721804,Medium Sand
815,1728.0,46.905841142680316,53.665631459994955,39.191835884530846,120.0,0.0,1.3693063937629155,1.5079644737231006,1.0,Silt or smaller
816,1296.0,40.621650015438455,39.191835884530846,39.191835884530846,96.0,-45.00001609038752,1.0,1.7671458676442586,1.0,Silt or smaller
817,1296.0,40.621650015438455,39.191835884530846,39.191835884530846,96.0,-45.00001609038752,1.0,1.7671458676442586,1.0,Silt or smaller
818,48672.0,248.93998297049401,391.89464862499426,216.3798040852098,1138.4406922210658,-31.58786657347611,1.8111424505711595,0.4719198390013972,0.8144578313253013,Fine Sand
819,45792.0,241.4625959284638,272.3529358265105,222.33366170952502,928.2640687119285,-15.547928434979047,1.224973914127024,0.6678153479430048,0.905982905982906,Fine Sand
820,34560.0,209.7692986736792,321.1184416034829,141.90033989441514,785.4701294725886,26.7605027400715,2.2629857112563645,0.703921532012366,0.9302325581395349,Fine Sand
821,34992.0,211.0762851420614,315.02985106077995,176.76835763464118,1180.6904755831215,-38.87939269820346,1.7821620072519346,0.315432552248683,0.7641509433962265,Fine Sand
822,1296.0,40.621650015438455,39.191835884530846,39.191835884530846,96.0,-45.00001609038752,1.0,1.7671458676442586,1.0,Silt or smaller
823,2448.0,55.82911790017533,68.34367819768178,44.475331873088955,153.94112549695427,24.901751783505492,1.5366648278803523,1.2981113960506483,0.9444444444444444,Silt or smaller
824,1728.0,46.905841142680316,53.665631459994955,39.191835884530846,120.0,90.00003218077504,1.3693063937629155,1.5079644737231006,1.0,Silt or smaller
825,1296.0,40.621650015438455,39.191835884530846,39.191835884530846,96.0,-45.00001609038752,1.0,1.7671458676442586,1.0,Silt or smaller
826,37008.0,217.0715298503212,484.4200402960205,128.9041525056399,1183.17575695736,-68.1944218310485,3.7579863090510277,0.3322056041430052,0.6606683804627249,Fine Sand
827,10944.0,118.04377822478244,132.1592264617161,112.26403297257761,399.7645019878172,17.769391600207143,1.1772178761295544,0.8605527440397626,0.9156626506024096,Very Fine Sand
828,1296.0,40.621650015438455,39.191835884530846,39.191835884530846,96.0,-45.00001609038752,1.0,1.7671458676442586,1.0,Silt or smaller
829,143712.0,427.76138377953157,611.0184077304192,407.6669818588032,2716.909955141877,-61.40755608451936,1.4988175028166677,0.24465404872425903,0.756633813495072,Medium Sand
830,452448.0,758.9958402628666,1245.88945108072,512.3258311945071,3838.879651338577,-87.3908375496602,2.4318302439989825,0.3858065018552368,0.8100025779840165,Coarse Sand
831,2592.0,57.4476883778063,67.93592979450379,48.58713248336697,160.97056274847716,-17.29615052823642,1.398228838010981,1.2570482174865225,0.9473684210526315,Silt or smaller
832,9216.0,108.32440004116921,202.93841430345316,62.623877235444304,437.8233764908628,90.00003218077504,3.240591660277985,0.6041634360568878,0.8888888888888888,Very Fine Sand
833,1296.0,40.621650015438455,39.191835884530846,39.191835884530846,96.0,-45.00001609038752,1.0,1.7671458676442586,1.0,Silt or smaller
834,15552.0,140.71752342804092,154.23092514746997,142.19750479572707,607.5290039756342,-14.018331245180063,1.0846246941465636,0.5294952626485401,0.8503937007874016,Fine Sand
835,1728.0,46.905841142680316,53.665631459994955,39.191835884530846,120.0,90.00003218077504,1.3693063937629155,1.5079644737231006,1.0,Silt or smaller
836,3600.0,67.70275002573075,82.97143936285683,54.930962580822964,194.9116882454314,-61.981401277536385,1.5104676026890365,1.1907938922533645,0.9615384615384616,Very Fine Sand
837,11376.0,120.35104096312259,234.9884086805389,76.46789096214123,553.7056274847714,-60.85721178944094,3.0730337364329845,0.46627440073423293,0.7669902912621359,Very Fine Sand
838,3168.0,63.51080914081473,86.53619131002311,46.22635637065878,187.88225099390854,-55.7493001751818,1.8720097819552606,1.127777763724944,0.9565217391304348,Very Fine Sand
839,108288.0,371.31733573896236,625.5454686852471,243.58433705831473,1764.6458864299484,-32.93541464340728,2.5680857654467735,0.4369935838998252,0.8051391862955032,Medium Sand
840,1296.0,40.621650015438455,39.191835884530846,39.191835884530846,96.0,-45.00001609038752,1.0,1.7671458676442586,1.0,Silt or smaller
841,863712.0,1048.6716710497603,1930.1063856697224,805.3570774343939,9056.19999489822,-67.2176959190045,2.396584620350534,0.13233868287545505,0.6350449973530968,Very Coarse Sand
842,3744.0,69.0435287010191,76.17832294501144,62.205893390073115,194.9116882454314,68.28567972943422,1.2246158489730503,1.2384256479434992,0.9629629629629629,Very Fine Sand
843,2448.0,55.82911790017533,68.34367819768178,44.47533187308896,153.94112549695427,-24.90175178350549,1.536664827880352,1.2981113960506483,0.9444444444444444,Silt or smaller
844,28368.0,190.0506758868463,246.47860830195054,150.92702537536485,669.58787847868,67.77923632128561,1.6330979007168729,0.7951030441224829,0.9516908212560387,Fine Sand
845,1296.0,40.621650015438455,39.191835884530846,39.191835884530846,96.0,-45.00001609038752,1.0,1.7671458676442586,1.0,Silt or smaller
846,49392.0,250.77449550055755,359.5857647007374,183.15157057108823,929.4701294725886,-68.79269331642651,1.9633234024666375,0.7184484323267385,0.9295392953929539,Medium Sand
847,114048.0,381.0648548448884,551.7334391460458,302.5246098823343,2443.74848353439,77.16523041534788,1.823763823249422,0.2399852374852603,0.8319327731092437,Medium Sand
848,184032.0,484.0628263941588,735.3389417511225,437.6115882587639,2804.1748904055826,65.7580940909873,1.6803461368036479,0.29409864095904575,0.6934346174715138,Medium Sand
849,2016.0,50.66409894773703,57.37097324805089,42.54745250054008,129.94112549695427,-45.00001609038752,1.3483997249264839,1.5004003042392393,1.0,Silt or smaller
850,107136.0,369.33696249461195,678.2536108534885,325.12548098550644,2958.968829644923,60.953340400902086,2.086128742655282,0.15376748500639575,0.5971107544141252,Medium Sand
851,4464.0,75.39059177177062,90.73601232918882,63.351553689224616,225.9411254969543,90.00003218077504,1.432261831719243,1.0988628074709068,0.9393939393939394,Very Fine Sand
852,114624.0,382.02592788412056,730.3313440366903,222.2361327646298,1852.4103884177655,48.55356187115259,3.286285335113278,0.41976962379689947,0.8396624472573839,Medium Sand
853,4608.0,76.59691783707508,81.01953804464019,72.89433760610697,218.9116882454314,48.3579468248184,1.1114654540444373,1.2083268721137757,1.0,Very Fine Sand
854,34848.0,210.64152405195648,327.0261015121739,149.6203490613887,846.3229432149743,-45.891075037668216,2.1857060457598334,0.6113860049441034,0.8373702422145328,Fine Sand
855,60768.0,278.1586249866547,410.8378599971402,206.478730509846,1196.3818177180196,-76.77172797415645,1.989734530925689,0.5335132365815723,0.86652977412731,Medium Sand
856,9648.0,110.83417851730056,166.94857516348605,82.50293975767552,413.8233764908628,-54.754341745349016,2.0235469869781735,0.7079736907157975,0.8271604938271605,Very Fine Sand
857,4396032.0,2365.840607970285,4479.382041634179,2551.7604560236455,39553.44239981572,-48.16580167477033,1.7554085184838648,0.035310359197973165,0.4904017606142873,Very Coarse Sand
858,171504.0,467.2961318909663,521.1765380625011,449.5989333937856,1699.6753236814714,-69.1411558965744,1.1592032350442067,0.7460229347872936,0.9341176470588235,Medium Sand
859,2304.0,54.162200020584606,70.38361039434363,40.86743676641883,153.9411254969543,-63.93751468730511,1.7222418620631117,1.2217519021653156,0.8888888888888888,Silt or smaller
860,1296.0,40.621650015438455,39.191835884530846,39.191835884530846,96.0,-45.00001609038752,1.0,1.7671458676442586,1.0,Silt or smaller
861,1296.0,40.621650015438455,39.191835884530846,39.191835884530846,96.0,-45.00001609038752,1.0,1.7671458676442586,1.0,Silt or smaller
862,4464.0,75.39059177177062,126.12999450869407,51.22420906659264,261.9411254969543,-53.72699550023759,2.4623121919700544,0.8175732463020335,0.7948717948717948,Very Fine Sand
863,6336.0,89.81784764422932,113.52550968798704,76.31269928111811,300.8528137423857,-80.15526161571835,1.4876358818050144,0.8796641183472416,0.9361702127659575,Very Fine Sand
864,3600.0,67.70275002573075,83.05465507593505,54.39998042478928,194.9116882454314,-59.74608486396283,1.5267405323934318,1.1907938922533645,0.9615384615384616,Very Fine Sand
865,18432.0,153.19383567415017,181.12755774877226,150.99393100043844,577.7056274847714,-44.93601248593965,1.199568463107609,0.6940154354833119,0.8590604026845637,Fine Sand
866,4896.0,78.95429570975449,100.29149271591197,68.16566338916365,259.88225099390854,-40.508216227683974,1.4712904962626006,0.9109573275738239,0.85,Very Fine Sand
867,74160.0,307.2839804440831,390.1039795899899,261.7915138910005,1438.513852073984,-84.06118605031352,1.4901322575047775,0.4503513704251408,0.8773424190800682,Medium Sand
868,20736.0,162.48660006175382,328.922043054745,100.94696425694278,754.4406922210657,-60.70870715516584,3.2583648797752023,0.45780932921696643,0.7272727272727273,Fine Sand
869,280512.0,597.6277864798037,1048.2684289491474,394.910222054855,2958.6155826266486,-56.54395223767982,2.6544474424962785,0.402702409441842,0.7970540098199672,Coarse Sand
870,10224.0,114.09470235454539,206.21582459677734,81.43092044608606,520.1909088590099,-57.16934676240238,2.532401985230034,0.4747939637128095,0.7171717171717171,Very Fine Sand
871,37440.0,218.33480839042704,262.84232400991243,187.8496699701247,734.5584412271571,-67.77584036614144,1.3992163204317285,0.8719528397972007,0.9454545454545454,Fine Sand
872,4320.0,74.1646467884524,81.97560612767678,67.88225099390857,216.0,90.00003218077504,1.2076147288491197,1.1635528346628863,1.0,Very Fine Sand
873,1296.0,40.621650015438455,39.191835884530846,39.191835884530846,96.0,-45.00001609038752,1.0,1.7671458676442586,1.0,Silt or smaller
874,2160.0,52.4423246684198,55.42562584220407,48.3189403857328,136.97056274847716,45.00001609038752,1.1470786693528088,1.446802115179039,1.0,Silt or smaller
875,20592.0,161.92142756654067,195.00569404839567,142.75007881074626,577.7056274847714,44.79079891673631,1.3660636524546395,0.7753453693290125,0.9166666666666666,Fine Sand
876,75600.0,310.2529767495846,488.60875400740235,222.86915261867534,1301.8965363437815,3.185762156890479,2.1923570322152304,0.5605040001527566,0.9459459459459459,Medium Sand
877,2592.0,57.4476883778063,66.51112154271688,47.91941893564593,153.94112549695427,-23.109445880672464,1.387978465098647,1.3744708899359803,1.0,Silt or smaller
878,9360.0,109.16740419521352,156.81482159370236,78.55520359950046,369.9411254969543,-7.016067239015645,1.996237224375287,0.8594497423810289,0.9848484848484849,Very Fine Sand
879,687600.0,935.6706209772207,1958.2546385016487,771.7470245093944,7906.612116419539,-32.459661406177986,2.5374307594467584,0.13821808283061762,0.5454649303175692,Coarse Sand
880,1728.0,46.905841142680316,53.665631459994955,39.191835884530846,120.0,90.00003218077504,1.3693063937629155,1.5079644737231006,1.0,Silt or smaller
881,93024.0,344.1537961572468,528.3384214874515,284.1366643216136,1992.6458864299484,88.13180435322339,1.859451763287495,0.2944046194442201,0.7708830548926014,Medium Sand
882,115344.0,383.22387979865323,432.02626596625146,403.17992759788007,1536.9991334482227,38.29719340781249,1.0715470597463421,0.6135608309004029,0.8773274917853231,Medium Sand
883,299952.0,617.9892781613622,1138.8650197534334,589.4298454515617,4440.085712099237,-74.59747590107739,1.932146850964002,0.19119605111787058,0.6064046579330422,Coarse Sand
884,128448.0,404.4070635413558,505.0172958851471,340.4650615890745,1438.0874452027913,5.921623511353679,1.4833160663477405,0.7804887021098723,0.9560557341907824,Medium Sand
885,5616.0,84.56070767935114,133.97040704097984,53.78150934413566,283.88225099390854,77.40590916765257,2.491012406954473,0.8757103500536361,0.9285714285714286,Very Fine Sand
886,100656.0,357.993295488704,603.2742335631918,267.3285612009403,1997.6164491784252,87.88184617059632,2.2566770675496,0.31697522649226956,0.7467948717948718,Medium Sand
887,43488.0,235.30967111753557,276.7742569406613,208.1203436629948,826.4406922210655,-38.28764479290759,1.3298760326325256,0.8001214503044456,0.9151515151515152,Fine Sand
888,2160.0,52.4423246684198,67.88225099390857,39.191835884530846,144.0,90.00003218077504,1.7320508075688776,1.308996938995747,1.0,Silt or smaller
889,1296.0,40.621650015438455,39.191835884530846,39.191835884530846,96.0,-45.00001609038752,1.0,1.7671458676442586,1.0,Silt or smaller
890,22464.0,169.12141535870228,249.31933096895287,119.38447248399808,631.5290039756342,11.114312333275622,2.0883731843969144,0.7077996644950052,0.9017341040462428,Fine Sand
891,1296.0,40.621650015438455,39.191835884530846,39.191835884530846,96.0,-45.00001609038752,1.0,1.7671458676442586,1.0,Silt or smaller
892,3024.0,62.05059534991693,64.81118573146433,61.076064986913764,177.9411254969543,0.0,1.0611552290631503,1.200159547706528,0.9130434782608695,Silt or smaller
893,2016.0,50.66409894773703,57.37097324805089,42.54745250054008,129.94112549695427,-45.00001609038752,1.3483997249264839,1.5004003042392393,1.0,Silt or smaller
894,6336.0,89.81784764422932,105.65950416406392,83.35428572304605,300.8528137423857,-27.529174212413384,1.2675953401499889,0.8796641183472416,0.9166666666666666,Very Fine Sand
895,49536.0,251.13978993381556,322.8687199900386,197.02609835353257,849.2346314604056,45.80816137245349,1.6387104180010765,0.8631283991553741,0.9529085872576177,Medium Sand
896,2736.0,59.02188911239122,66.53637880532506,51.548342602979766,160.97056274847716,77.17952468446995,1.2907568981951887,1.3268842295691072,1.0,Silt or smaller
897,57312.0,270.1331241959446,443.64782143000036,172.2472117108049,1114.940258945177,-57.21694744127796,2.57564588142573,0.5793649701883559,0.9191685912240185,Medium Sand
898,1728.0,46.905841142680316,53.665631459994955,39.191835884530846,120.0,0.0,1.3693063937629155,1.5079644737231006,1.0,Silt or smaller
899,15094368.0,4383.919050391443,10427.261540116177,4684.304572450709,118903.94538172914,-56.884087591433364,2.2259999064622944,0.013416284751542341,0.40323287966332505,Very Coarse Sand
900,1296.0,40.621650015438455,39.191835884530846,39.191835884530846,96.0,-45.00001609038752,1.0,1.7671458676442586,1.0,Silt or smaller
901,3312.0,64.93819655767211,84.90908356678061,48.61675950520647,187.88225099390854,-57.1538089881412,1.7464982123641442,1.1790403893488048,0.9583333333333334,Very Fine Sand
902,2160.0,52.4423246684198,55.42562584220407,48.3189403857328,136.97056274847716,45.00001609038753,1.1470786693528088,1.446802115179039,1.0,Silt or smaller
903,86544.0,331.9506637432134,638.1816197659573,179.3033140774002,1437.3809511662428,-38.750751334024315,3.5592293597566873,0.526384458125992,0.9231950844854071,Medium Sand
904,191664.0,493.99816204326135,957.020903404732,400.1653780861635,3209.762768884262,80.51420619114897,2.3915634780344903,0.233778485696258,0.6476885644768856,Medium Sand
905,1142640.0,1206.1734673736553,1807.3501963625772,1332.801343513165,11860.021638285527,84.5746669436789,1.35605370234587,0.10208180120108928,0.5655737704918032,Very Coarse Sand
906,2160.0,52.4423246684198,67.88225099390857,39.191835884530846,144.0,90.00003218077504,1.7320508075688776,1.308996938995747,1.0,Silt or smaller
907,1296.0,40.621650015438455,39.191835884530846,39.191835884530846,96.0,-45.00001609038752,1.0,1.7671458676442586,1.0,Silt or smaller
908,1296.0,40.621650015438455,39.191835884530846,39.191835884530846,96.0,-45.00001609038752,1.0,1.7671458676442586,1.0,Silt or smaller
909,2736.0,59.02188911239122,66.53637880532506,51.548342602979766,160.97056274847716,12.820507496305092,1.2907568981951887,1.3268842295691072,1.0,Silt or smaller
910,2160.0,52.4423246684198,55.42562584220407,48.3189403857328,136.97056274847716,-45.00001609038752,1.1470786693528088,1.446802115179039,1.0,Silt or smaller
911,7344.0,96.69886874485675,128.1890360089302,79.62446531165489,346.79393923934,44.30596223864811,1.6099202111711608,0.7673606667048576,0.8947368421052632,Very Fine Sand
912,10080.0,113.28836926591555,155.3345236129537,92.17535450443556,413.8233764908628,38.9024428020576,1.6852066851066883,0.7396740052254601,0.8235294117647058,Very Fine Sand
913,32400.0,203.10825007719225,378.08105314114675,139.75082877954685,941.1168824543142,-63.617630161488,2.705393996178437,0.45969284683931677,0.7731958762886598,Fine Sand
914,128016.0,403.7264340600162,442.3459527538091,402.99441366546387,1949.6164491784257,-36.531212061621076,1.0976478525605866,0.42322932942495073,0.872423945044161,Medium Sand
915,2592.0,57.4476883778063,67.93592979450378,48.58713248336697,160.97056274847716,-17.296150528236417,1.3982288380109806,1.2570482174865225,0.9473684210526315,Silt or smaller
916,3456.0,66.33487669849642,69.28203230275508,63.24555320336758,184.97056274847716,45.00001609038748,1.0954451150103321,1.2693411579781348,1.0,Very Fine Sand
917,1728.0,46.905841142680316,53.665631459994955,39.191835884530846,120.0,90.00003218077504,1.3693063937629155,1.5079644737231006,1.0,Silt or smaller
918,27504.0,187.13412419544414,330.0663909335037,114.48240642018013,864.4995667241113,62.59625885296971,2.883118911058477,0.46246211759770367,0.8377192982456141,Fine Sand
919,691344.0,938.2145382669075,1421.3056809362251,775.9317838188274,5629.231165253296,-42.95680715916891,1.8317405093797348,0.27416113874416087,0.733873433200856,Coarse Sand
920,209952.0,517.0291954002568,877.880898561161,358.69578445097824,2370.968829644923,-75.11303508695448,2.447424632839916,0.4693298654849447,0.8172645739910314,Coarse Sand
921,11088.0,118.81784408085969,159.19949738125658,99.07132474758052,447.7645019878171,-30.52966506173875,1.6069180238265108,0.6949663237698883,0.8461538461538461,Very Fine Sand
922,3744.0,69.0435287010191,92.73030413184065,50.863335137373845,204.8528137423857,42.65865750205649,1.8231266959075871,1.121145135661506,0.9629629629629629,Very Fine Sand
923,5184.0,81.24330003087691,103.8604473103519,72.8629362878934,283.8822509939086,19.774231521197724,1.4254222050561105,0.8083480154341253,0.8780487804878049,Very Fine Sand
924,5904.0,86.7018239261228,116.23347261750598,66.91562835831257,283.88225099390854,86.75888683817091,1.7370153351188984,0.9206185731333097,0.8913043478260869,Very Fine Sand
925,3744.0,69.0435287010191,83.25681018203434,57.65266850312862,201.9411254969543,-22.32777825649566,1.444110261392606,1.1537086777593573,0.9629629629629629,Very Fine Sand
926,2304.0,54.162200020584606,70.38361039434363,40.86743676641883,153.9411254969543,26.062517493469926,1.7222418620631117,1.2217519021653156,0.8888888888888888,Silt or smaller
927,2160.0,52.4423246684198,55.42562584220407,48.3189403857328,136.97056274847716,-45.00001609038752,1.1470786693528088,1.446802115179039,1.0,Silt or smaller
928,3888.0,70.35876171402046,86.20616336314228,59.51245219370867,211.8822509939086,47.517150748744086,1.448539930476189,1.088295827216904,0.9310344827586207,Very Fine Sand
929,2160.0,52.4423246684198,67.88225099390857,39.191835884530846,144.0,90.00003218077504,1.7320508075688776,1.308996938995747,1.0,Silt or smaller
930,289440.0,607.0637971648,719.8777681841303,543.9194671437145,2854.73333163274,-49.86460762688102,1.3235006497642492,0.4463107235811062,0.9013452914798207,Coarse Sand
931,1296.0,40.621650015438455,39.191835884530846,39.191835884530846,96.0,-45.00001609038752,1.0,1.7671458676442586,1.0,Silt or smaller
932,30672.0,197.617821352521,270.6861119269364,150.828345774357,727.5290039756342,-22.02037691000014,1.7946634005513105,0.7282011090335349,0.9260869565217391,Fine Sand
933,115344.0,383.22387979865323,451.44943026585213,355.270727973362,1381.8519471906086,-28.13343062074943,1.2707194674921305,0.7590700261348694,0.9123006833712984,Medium Sand
934,1800576.0,1514.121714559652,3781.9167152823193,887.5418023479938,12756.622935562304,-47.7725013902,4.261113905032135,0.13904324145175798,0.5834266517357223,Very Coarse Sand
935,93024.0,344.1537961572468,549.4115854180059,219.9187882328941,1378.940258945177,-66.58157587937279,2.498247602365737,0.6147718476985334,0.9241773962804005,Medium Sand
936,2160.0,52.4423246684198,55.42562584220407,48.3189403857328,136.97056274847716,45.00001609038752,1.1470786693528088,1.446802115179039,1.0,Silt or smaller
937,2160.0,52.4423246684198,55.42562584220407,48.3189403857328,136.97056274847716,-45.00001609038752,1.1470786693528088,1.446802115179039,1.0,Silt or smaller
938,355248.0,672.5442749649105,812.5576275070166,717.5347099092756,4068.9385258416223,35.20106163238799,1.1324297156436594,0.26963685228202455,0.7444176222088111,Coarse Sand
939,205920.0,512.0405130962439,992.6938754654291,410.1824704187479,2915.9393923934,-67.7194435287298,2.4201274970429765,0.3043346541527819,0.650887573964497,Coarse Sand
940,3600.0,67.70275002573075,74.88946717884127,62.764191269140525,194.9116882454314,-78.69982991311814,1.1931877980822867,1.1907938922533645,0.9615384615384616,Very Fine Sand
941,3681648.0,2165.09118131203,4363.194217615736,1627.625563973826,29035.77574165202,-63.5320496325813,2.6807112853174018,0.054876355468292635,0.5865470646263966,Very Coarse Sand
942,155520.0,444.98788073071444,626.5025754852055,326.4094443785902,1859.0134187980952,56.365863298918704,1.9193763730639744,0.5654979857615655,0.9,Medium Sand
943,2736.0,59.02188911239122,66.53637880532507,51.548342602979766,160.97056274847716,12.820507496305085,1.290756898195189,1.3268842295691072,1.0,Silt or smaller
944,1296.0,40.621650015438455,39.191835884530846,39.191835884530846,96.0,-45.00001609038752,1.0,1.7671458676442586,1.0,Silt or smaller
945,42480.0,232.56658371388977,384.76632945029286,146.92114430366206,904.2640687119285,58.812268056323404,2.6188628687443622,0.652835591581472,0.9161490683229814,Fine Sand
946,2880.0,60.555180528483845,81.03332647744384,44.253813395005864,177.9411254969543,18.43495541459913,1.831103813679221,1.1430090930538361,0.9090909090909091,Silt or smaller
947,150336.0,437.5085601417479,709.8048916018726,283.7446616826023,1785.7341981845168,-34.43656436545905,2.501562099504316,0.5924329746504283,0.893071000855432,Medium Sand
948,2016.0,50.66409894773703,57.37097324805089,42.54745250054008,129.94112549695427,45.00001609038752,1.3483997249264839,1.5004003042392393,1.0,Silt or smaller
949,135360.0,415.145401968216,504.20017673730075,359.47681787971095,1545.7341981845168,-80.54784336239163,1.4025944140465199,0.7119189919003472,0.8969465648854962,Medium Sand
950,2160.0,52.4423246684198,55.42562584220407,48.3189403857328,136.97056274847716,45.00001609038753,1.1470786693528088,1.446802115179039,1.0,Silt or smaller
951,18144.0,151.99229684321108,241.83499497457132,99.93271348157052,553.7056274847714,-76.52581071400687,2.4199782688695857,0.7436781581330805,0.9064748201438849,Fine Sand
952,1112400.0,1190.1057388162596,1780.668439574356,1187.864824834269,10334.596097966112,-66.22213406305048,1.4990497254793238,0.13088317698237725,0.6821192052980133,Very Coarse Sand
953,75888.0,310.8433730528319,520.0258487349164,219.36716656265543,1333.352380466497,-68.19106227202366,2.370572847720979,0.5364053368298647,0.8145285935085008,Medium Sand
954,44640.0,238.40598414674423,302.22724188143206,193.98724715482453,849.2346314604056,-40.87636559465734,1.557974796354625,0.7778191969132731,0.9365558912386707,Fine Sand
955,81792.0,322.7085509294392,456.61627574468395,268.33231072047965,1412.8813844421313,-22.62389921216512,1.7016820468569613,0.5148838687839656,0.8279883381924198,Medium Sand
956,3456.0,66.33487669849642,96.00461823545311,47.823773141241205,211.88225099390854,-42.94778176879166,2.0074664111490352,0.9673740686372485,0.8888888888888888,Very Fine Sand
957,5184.0,81.24330003087691,104.00310763963196,66.92797323465823,259.8822509939086,16.524068343400234,1.5539557320073547,0.9645430527252248,0.9,Very Fine Sand
958,1296.0,40.621650015438455,39.191835884530846,39.191835884530846,96.0,-45.00001609038752,1.0,1.7671458676442586,1.0,Silt or smaller
959,459072.0,764.5316372006201,1117.9679513474994,717.0332978262088,5518.672724026139,-51.5442579087015,1.5591576496332633,0.18941806224597263,0.6939486286460601,Coarse Sand
960,102096.0,360.54495497688106,434.45672706159814,333.73081989397764,2329.998266896446,-28.527958331815817,1.3018178159260807,0.23632376408769232,0.8370720188902007,Medium Sand
961,1296.0,40.621650015438455,39.191835884530846,39.191835884530846,96.0,-45.00001609038752,1.0,1.7671458676442586,1.0,Silt or smaller
962,151200.0,438.7639674858871,532.5950166560456,364.35271449472833,1498.9402589451772,-37.577743310107046,1.4617566864971208,0.8456545830299119,0.9668508287292817,Medium Sand
963,44928.0,239.1737992880102,366.591568795677,181.61483180542095,1110.3229432149742,-82.40763676280069,2.0185111818864936,0.45796081774852804,0.78,Fine Sand
964,43056.0,234.13799742484593,284.912729738318,239.58796910111874,1079.2935059634513,-68.81845288955105,1.1891779491568284,0.46447721721979485,0.8059299191374663,Fine Sand
965,49824.0,251.86878940608096,340.9594728392164,240.84967964047132,1233.2346314604056,3.785531799296516,1.4156525902304877,0.4116774046207965,0.7104722792607803,Medium Sand
966,5760.0,85.63795757533302,154.11126139547292,48.146018642211885,306.6761902332485,-43.87371258030842,3.2009139227216665,0.76961270488291,0.9302325581395349,Very Fine Sand
967,2947968.0,1937.3872700660104,3792.6061767665637,2008.6155973010675,27277.379638584127,-10.298208256151176,1.8881692354986215,0.049788304013862,0.46809191722876414,Very Coarse Sand
968,38736.0,222.08153233635,378.9491252363025,148.03609024841262,918.3229432149742,-52.74169586202147,2.5598428369758026,0.577209893712246,0.840625,Fine Sand
969,538560.0,828.0796394143314,1283.6430861642164,764.0711732510294,5619.290039756343,-82.2049213360033,1.6800046004909097,0.21432906073564892,0.6506610995128741,Coarse Sand
970,4176.0,72.91809335695798,75.34335052650846,70.72710686568125,211.88225099390854,-30.676202740302536,1.065268379626979,1.1689103329366752,0.90625,Very Fine Sand
971,2592.0,57.4476883778063,64.0,50.59644256269407,153.94112549695427,90.00003218077504,1.2649110640673518,1.3744708899359803,1.0,Silt or smaller
972,4752.0,77.78453777314289,145.15660674537693,42.62896831563725,293.8233764908628,-66.00345759747336,3.405116578721664,0.691693358492972,0.8461538461538461,Very Fine Sand
973,5808672.0,2719.5276966407027,6325.8064423592805,2092.235431629222,46227.38005910556,-52.41858756556583,3.023467792739453,0.034157663580529116,0.5113390038916424,Very Coarse Sand
974,25776.0,181.16021225725464,207.1972321563153,182.51751754542227,686.5584412271571,-38.071136381722,1.1352183337950075,0.6871797684682588,0.8689320388349514,Fine Sand
975,7776.0,99.50231504774462,149.95567870409116,67.28168613072141,338.9116882454314,-78.66072027132618,2.228774088876766,0.850732496106509,0.9310344827586207,Very Fine Sand
976,9792.0,111.65823580035067,175.84902355147455,72.71444706649913,399.7645019878172,-27.36787935091039,2.4183505568110326,0.7699682446671561,0.8947368421052632,Very Fine Sand
977,1296.0,40.621650015438455,39.191835884530846,39.191835884530846,96.0,-45.00001609038752,1.0,1.7671458676442586,1.0,Silt or smaller
978,3456.0,66.33487669849642,84.36118456042192,52.793849448230546,201.9411254969543,32.19096164517801,1.5979358474919731,1.0649618563932528,0.9230769230769231,Very Fine Sand
979,18288.0,152.59424888938855,161.91325862715144,158.40202382212834,587.6467529817256,-12.00637072405896,1.0221666031803098,0.6654928524894503,0.8881118881118881,Fine Sand
980,4464.0,75.39059177177062,90.17858711603903,63.46617697911172,218.9116882454314,-8.561210489747474,1.4208920626449426,1.17056665736022,1.0,Very Fine Sand
981,67680.0,293.5521289101406,457.654475676558,257.5124157243701,1562.704760932994,-7.306567129366616,1.7772132438321384,0.3482702226037891,0.7057057057057057,Medium Sand
982,9072.0,107.47478378595324,138.9790420320312,85.09011111548597,351.76450198781714,20.29886197749457,1.6333160247423595,0.9213165736857095,0.9402985074626866,Very Fine Sand
983,1296.0,40.621650015438455,39.191835884530846,39.191835884530846,96.0,-45.00001609038752,1.0,1.7671458676442586,1.0,Silt or smaller
984,60624.0,277.8288576804514,639.3034794521741,125.5328502140795,1482.4692629208114,-43.65424028148502,5.092718586106565,0.3466434965797942,0.8698347107438017,Medium Sand
985,102384.0,361.0531228893677,502.9317900402027,263.8378442626274,1349.1168824543145,-71.72390239162686,1.9062155068989204,0.7068752940591816,0.9379947229551451,Medium Sand
986,62496.0,282.08576459610424,705.6301975363249,150.6000913328245,1703.7930726875625,-82.97831200515233,4.685456637452432,0.2705380711564107,0.6944,Medium Sand
987,2448.0,55.82911790017533,68.34367819768178,44.475331873088976,153.94112549695427,65.09828039726953,1.5366648278803514,1.2981113960506483,0.9444444444444444,Silt or smaller
988,3600.0,67.70275002573075,77.5105914374526,58.37100149060575,187.88225099390854,-24.972442075295685,1.3278955210307157,1.2815656405965272,1.0,Very Fine Sand
989,1296.0,40.621650015438455,39.191835884530846,39.191835884530846,96.0,-45.00001609038752,1.0,1.7671458676442586,1.0,Silt or smaller
990,5061600.0,2538.6274401005558,4233.577437646285,2639.244788209823,37784.17919765557,-20.52087236059739,1.6040866904649205,0.0445530767447248,0.5113991823432703,Very Coarse Sand
991,65376.0,288.5122328023649,388.87883808576225,270.9689266031555,1397.116882454314,7.829097746312444,1.4351418185129778,0.4208843018892864,0.8284671532846716,Medium Sand
992,2016.0,50.66409894773703,57.37097324805089,42.54745250054008,129.94112549695427,-45.00001609038752,1.3483997249264839,1.5004003042392393,1.0,Silt or smaller
993,6336.0,89.81784764422932,154.34079580128832,55.095497027863715,324.8528137423857,-72.910241712365,2.8013323071254406,0.7544870101317317,0.88,Very Fine Sand
994,47376.0,245.60333196309261,395.73487160562286,165.33113732186607,1065.2346314604056,86.6578244878334,2.393589483602279,0.5246596916713637,0.8392857142857143,Fine Sand
995,3888.0,70.35876171402046,81.74650185573506,60.01463444802902,201.9411254969543,-23.289808030658957,1.3621094689250373,1.1980820884424095,0.9642857142857143,Very Fine Sand
996,136944.0,417.56737925059724,537.7949870648515,331.8086164976967,1490.704760932994,67.6925386407729,1.620798738566166,0.7744075814554258,0.9406528189910979,Medium Sand
997,85680.0,330.28951571751224,592.1219499276245,251.6115601601498,1845.3809511662428,-43.08433536179193,2.353317747208201,0.3161675218512996,0.7177322074788902,Medium Sand
998,2160.0,52.4423246684198,67.88225099390857,39.191835884530846,144.0,90.00003218077504,1.7320508075688776,1.308996938995747,1.0,Silt or smaller
999,86976.0,332.77812825197134,383.2353880297188,296.64941781173036,1347.9108216936543,85.94285312335258,1.2918797914949578,0.6015711144400271,0.9320987654320988,Medium Sand
1000,1296.0,40.621650015438455,39.191835884530846,39.191835884530846,96.0,-45.00001609038752,1.0,1.7671458676442586,1.0,Silt or smaller
1001,1728.0,46.905841142680316,53.665631459994955,39.191835884530846,120.0,0.0,1.3693063937629155,1.5079644737231006,1.0,Silt or smaller
1002,49680.0,251.50455380060794,385.5224058651519,197.10264591286068,1193.9696961967002,-40.65484453432824,1.9559473901511795,0.4379301467874553,0.777027027027027,Medium Sand
1003,2160.0,52.4423246684198,55.42562584220407,48.3189403857328,136.97056274847716,-45.00001609038752,1.1470786693528088,1.446802115179039,1.0,Silt or smaller
1004,4752.0,77.78453777314289,106.18204906711267,57.72505845180798,242.9116882454314,-78.98595689779191,1.8394446348765368,1.0120208760449974,0.9166666666666666,Very Fine Sand
1005,66816.0,291.67237342783193,370.11922332294785,251.16570462704738,1195.17575695736,37.829251718718034,1.473605737186663,0.5877962162046358,0.8592592592592593,Medium Sand
1006,88128.0,334.974707401052,469.87357612336365,247.2525953626369,1335.0580079512686,-51.4651062113566,1.900378741967162,0.6213316920113261,0.9039881831610044,Medium Sand
1007,1728.0,46.905841142680316,53.665631459994955,39.191835884530846,120.0,90.00003218077504,1.3693063937629155,1.5079644737231006,1.0,Silt or smaller
1008,165456.0,458.9827035016691,514.7289525637374,429.31272541898056,1798.087445202791,38.172165494196555,1.1989603896818952,0.6430885356381884,0.9111816019032514,Medium Sand
1009,476496.0,778.9053537549515,1599.6047753756523,626.2889075482376,6100.995667241114,-50.06905753331401,2.554100441659904,0.1608672694298647,0.5504907669272999,Coarse Sand
1010,5040.0,80.10697413749455,127.30115954617827,51.38282174068674,269.82337649086287,-65.79700190981532,2.477504255967646,0.8699238850939299,0.875,Very Fine Sand
1011,35136.0,211.51015257858114,399.71432230483856,159.4604360333433,1048.2640687119283,-5.042417978543583,2.5066676866558795,0.40181003879083055,0.7113702623906706,Fine Sand
1012,5328.0,82.36395021093237,93.702231073268,73.60376018596818,249.9411254969543,35.53769049897454,1.2730630994465333,1.071762698663801,0.9487179487179487,Very Fine Sand
1013,1728.0,46.905841142680316,53.665631459994955,39.191835884530846,120.0,0.0,1.3693063937629155,1.5079644737231006,1.0,Silt or smaller
1014,1296.0,40.621650015438455,39.191835884530846,39.191835884530846,96.0,-45.00001609038752,1.0,1.7671458676442586,1.0,Silt or smaller
1015,290448.0,608.1199546875916,817.3154810097549,560.5113708575809,3037.6450198781713,-62.76462932259287,1.458160393355204,0.39555257213411293,0.7829968944099379,Coarse Sand
1016,874080.0,1054.9470229647131,1491.1388545958257,1155.4170783710097,8517.759302677154,-35.01073559173786,1.290563280143081,0.1513945774631444,0.6550830995035614,Very Coarse Sand
1017,1296.0,40.621650015438455,39.191835884530846,39.191835884530846,96.0,-45.00001609038752,1.0,1.7671458676442586,1.0,Silt or smaller
1018,2736.0,59.02188911239122,66.53637880532506,51.548342602979766,160.97056274847716,-12.82050749630509,1.2907568981951887,1.3268842295691072,1.0,Silt or smaller
1019,1728.0,46.905841142680316,53.665631459994955,39.191835884530846,120.0,90.00003218077504,1.3693063937629155,1.5079644737231006,1.0,Silt or smaller
1020,2304.0,54.162200020584606,70.38361039434363,40.86743676641883,153.9411254969543,-26.062517493469926,1.7222418620631117,1.2217519021653156,0.8888888888888888,Silt or smaller
1021,1101312.0,1184.1596131820115,2596.523148037278,738.0262510830622,10558.758436125376,-70.4992358058892,3.5181989044791426,0.124135079591397,0.614149200995744,Very Coarse Sand
1022,4176.0,72.91809335695798,89.1337623249849,60.13540013655708,211.88225099390854,-45.00001609038751,1.4822178304721938,1.1689103329366752,1.0,Very Fine Sand
1023,3024.0,62.05059534991693,82.33754731408911,47.74718429837078,184.97056274847716,-78.95108217222348,1.7244482271365813,1.110673513230868,0.9545454545454546,Silt or smaller
1024,362880.0,679.7302155954934,1169.656778238023,493.8948335979308,3180.438959117511,-18.043300710592508,2.368230438284389,0.45081542504169236,0.7374890254609306,Coarse Sand
1025,5760.0,85.63795757533302,127.03048182672231,59.0922726493978,286.79393923934003,-43.01159767938466,2.149697009969659,0.8800197297186073,0.8888888888888888,Very Fine Sand
1026,20592.0,161.92142756654067,213.8279289979599,137.7794788017379,604.6173157302028,52.67043536959966,1.551957743327323,0.7078597720230507,0.9166666666666666,Fine Sand
1027,95904.0,349.4406463167687,659.3719887101632,287.2439231274564,2342.3515139147203,2.0688871362345265,2.2955124046874458,0.2196556839958879,0.6189591078066915,Medium Sand
1028,76608.0,312.3144810012359,352.7505050202485,283.73667180184,1052.3818177180199,-35.764622783724924,1.2432319825990183,0.8692352227756023,0.95,Medium Sand
1029,2592.0,57.4476883778063,67.93592979450378,48.58713248336697,160.97056274847716,72.70388165253861,1.3982288380109806,1.2570482174865225,0.9473684210526315,Silt or smaller
1030,103968.0,363.8353597261066,478.0854058595427,293.4536372402721,1408.76363543604,33.43371392709024,1.629168444990508,0.6583142991729227,0.8891625615763546,Medium Sand
1031,9360.0,109.16740419521352,154.39748177351916,79.53332144220404,382.79393923934,54.20846692808154,1.9412930200044274,0.8027043320188834,0.8904109589041096,Very Fine Sand
1032,10368.0,114.8953767556126,139.1153595962322,105.9026022761266,399.7645019878171,-51.587040673626724,1.313616064254095,0.8152604943534597,0.8674698795180723,Very Fine Sand
1033,6192.0,88.79132424398303,154.71625335167653,51.59149603521807,327.7645019878171,-28.900565729438252,2.9988712334696026,0.7242974884832449,0.8775510204081632,Very Fine Sand
1034,304992.0,623.1595904965811,759.4121834545762,623.6117198078005,3456.085712099237,-68.50606991029103,1.217764450752513,0.32087013921547475,0.7460373370905249,Coarse Sand
1035,3312.0,64.93819655767211,86.01193515736605,49.36002470461747,194.9116882454314,30.795130668883555,1.7425423846945505,1.0955303808730954,0.92,Very Fine Sand
1036,10080.0,113.28836926591555,188.56425320351178,85.00023988877226,449.8233764908628,-56.11377049983287,2.218396718059373,0.6260173269281261,0.7368421052631579,Very Fine Sand
1037,108864.0,372.30357209950154,762.8964040890708,230.24363903766735,2143.3220766631966,-30.697136563281568,3.3134309693752826,0.29779628593564955,0.7514910536779325,Medium Sand
1038,1728.0,46.905841142680316,53.665631459994955,39.191835884530846,120.0,90.00003218077504,1.3693063937629155,1.5079644737231006,1.0,Silt or smaller
1039,3888.0,70.35876171402046,76.72374503205351,65.06433879495236,201.9411254969543,8.905723267005428,1.1791981053376306,1.1980820884424095,0.9642857142857143,Very Fine Sand
1040,1296.0,40.621650015438455,39.191835884530846,39.191835884530846,96.0,-45.00001609038752,1.0,1.7671458676442586,1.0,Silt or smaller
1041,126576.0,401.44933505287804,491.2514287323387,353.1066173029131,1457.9696961967,-67.434575586454,1.3912269118166025,0.7482801706301966,0.9512987012987013,Medium Sand
1042,21168.0,164.1704439993811,220.2678696241823,129.4803369481462,598.7939392393399,17.607166272110973,1.7011684925750106,0.7418821108876354,0.9130434782608695,Fine Sand
1043,12384.0,125.56989496690778,131.29688615013006,125.64342372893185,416.73506473629425,51.374375203952056,1.044996086969066,0.8960881185491776,0.8958333333333334,Fine Sand
1044,3024.0,62.05059534991693,67.41347587225688,56.55189783174089,170.91168824543144,51.047396791219434,1.192063899832902,1.3009126076835014,0.9545454545454546,Silt or smaller
1045,1638576.0,1444.4029078667643,2248.0681808931427,1453.9520413728424,12241.40258945177,79.93091814617559,1.546177670874539,0.13740865589701579,0.5545321637426901,Very Coarse Sand
1046,1054512.0,1158.726188017586,2102.4930960201937,1358.9312682048949,11004.610383315985,-21.801419429148144,1.5471666192489046,0.10942386439935478,0.521469771416364,Very Coarse Sand
1047,962784.0,1107.1832106017046,1874.7968830433238,873.4367667556161,6199.4077887624335,-41.10341226852006,2.1464597717900786,0.31480260621014594,0.6776122428296342,Very Coarse Sand
1048,3168.0,63.51080914081473,65.92557787522092,61.55666609308751,177.94112549695427,56.30995260843428,1.070973820699234,1.2573100023592203,0.9565217391304348,Very Fine Sand
1049,24192.0,175.50558699435487,246.70919901925276,127.51742456722666,624.4995667241113,48.518538692133355,1.9347097061953968,0.7795022175987999,0.9281767955801105,Fine Sand
1050,2016.0,50.66409894773703,57.37097324805089,42.54745250054008,129.94112549695427,-45.00001609038752,1.3483997249264839,1.5004003042392393,1.0,Silt or smaller
1051,6480.0,90.83277079272577,113.21951226875115,74.54162027174631,283.88225099390854,31.195577557454232,1.5188764592988733,1.010435019292657,0.9375,Very Fine Sand
1052,5472.0,83.46955605962458,110.11456816921915,64.76302973881559,266.9116882454314,63.7070100202925,1.7002689437678085,0.9652076785787955,0.95,Very Fine Sand
1053,13824.0,132.66975339699283,242.1818197115973,87.26234125428553,553.7056274847714,-16.61533124555922,2.7753302997666656,0.5666119300061565,0.8067226890756303,Fine Sand
1054,3888.0,70.35876171402046,125.48900367763373,40.74935528317996,249.9411254969543,80.45328276695795,3.0795334749610532,0.7820971044303413,0.8709677419354839,Very Fine Sand
1055,3456.0,66.33487669849642,81.97560612767678,53.665631459994955,192.0,90.00003218077504,1.5275252316519465,1.1780972450961724,1.0,Very Fine Sand
1056,53280.0,260.4576797552521,453.7072248353159,199.80135461341376,1380.146319705837,86.09566447590855,2.270791535488699,0.35149877583627787,0.6954887218045113,Medium Sand
1057,1728.0,46.905841142680316,53.665631459994955,39.191835884530846,120.0,0.0,1.3693063937629155,1.5079644737231006,1.0,Silt or smaller
1058,6912.0,93.81168228536063,108.47322799898534,86.02650061161472,300.85281374238565,-17.05251094452901,1.2609280538878505,0.9596335836515366,0.9230769230769231,Very Fine Sand
1059,5184.0,81.24330003087691,113.4976233833331,59.02975274009965,259.88225099390854,23.059556012376667,1.9227189360431243,0.9645430527252252,0.9,Very Fine Sand
1060,25344.0,179.63569528845863,238.65175448216507,149.6619924476847,714.6761902332485,11.108172366472521,1.5946049533289979,0.6235429835799438,0.8585365853658536,Fine Sand
1061,1728.0,46.905841142680316,53.665631459994955,39.191835884530846,120.0,0.0,1.3693063937629155,1.5079644737231006,1.0,Silt or smaller
1062,3456.0,66.33487669849642,96.00461823545311,47.82377314124122,211.88225099390854,47.05225041198337,2.007466411149035,0.9673740686372485,0.8888888888888888,Very Fine Sand
1063,66960.0,291.98650639278947,344.1196219858273,264.4580846218841,1065.2346314604056,-77.47035595301357,1.3012255703123667,0.7415402936996479,0.9189723320158103,Medium Sand
1064,52992.0,259.75278623068846,458.4050197576953,199.03891113172028,1402.513852073984,-15.336607736796784,2.3030924815215217,0.33853677773611757,0.6956521739130435,Medium Sand
1065,7632.0,98.57669199876186,158.10362913873058,71.11800083700602,358.3675323681472,-23.138374620786966,2.2231168941473096,0.7467769648603563,0.8833333333333333,Very Fine Sand
1066,303984.0,622.1289655423333,1202.765092889856,420.00389868617594,3933.174023853806,-41.63959171704415,2.8636998291021913,0.24693023226552477,0.7704379562043796,Coarse Sand
1067,2448.0,55.82911790017533,68.34367819768178,44.47533187308896,153.94112549695427,-24.90175178350549,1.536664827880352,1.2981113960506483,0.9444444444444444,Silt or smaller
1068,325152.0,643.4255080813377,768.9101787556024,660.1808699884875,3578.5709934734755,-48.847058277459176,1.1646962426660605,0.31906342213381456,0.8075822603719599,Coarse Sand
1069,13248.0,129.87639311534423,188.16729165236742,116.88436610729269,522.6761902332485,83.5654058797208,1.6098585116134467,0.6093891952225166,0.7796610169491526,Fine Sand
1070,10080.0,113.28836926591555,137.79781084103286,99.31508332775297,399.7645019878171,-70.85640733300133,1.3874811984628939,0.7926143695103082,0.8974358974358975,Very Fine Sand
1071,9936.0,112.47625578978247,163.82632184467096,77.86828206742288,382.79393923934003,68.35987317651441,2.103890281062328,0.8521015216815837,0.92,Very Fine Sand
1072,196272.0,499.9012621751018,827.8395848170908,340.50943364529996,2430.1160159025367,-44.263945713143215,2.431179588637859,0.4176516452488195,0.8240628778718259,Medium Sand
1073,38304.0,220.83968737873107,280.3426131385371,185.53709191096945,847.5290039756342,-58.98072379119334,1.5109788034893874,0.670108078795594,0.8525641025641025,Fine Sand
1074,31680.0,200.83881292521613,270.3288291563538,154.75403089214862,737.4701294725885,49.62035091593769,1.7468290008209977,0.7319917196270518,0.8870967741935484,Fine Sand
1075,31104.0,199.00463009548923,339.29353778577945,124.40492986547832,782.5584412271571,83.2632529592774,2.727331932526024,0.6382525321280899,0.8925619834710744,Fine Sand
1076,188208.0,489.52412426305966,658.9230484426029,403.58272619429266,2056.7636354360393,-3.0716911737896915,1.6326839720225894,0.5590867158629033,0.8158551810237203,Medium Sand
1077,50256.0,252.95834945739654,376.04385966457454,198.77154642555126,1048.2640687119285,-82.53910385434037,1.891839483199974,0.5747200964672123,0.8250591016548463,Medium Sand
1078,130752.0,408.01791253964814,489.1553340136743,418.606723275972,2113.4987001723343,-25.443116505947962,1.168531958076536,0.3678360027501811,0.7964912280701755,Medium Sand
1079,2736.0,59.02188911239122,66.53637880532506,51.548342602979766,160.97056274847716,-77.17952468446995,1.2907568981951887,1.3268842295691072,1.0,Silt or smaller
1080,383760.0,699.0124517400002,1339.1197848809404,472.51670809063677,3943.6147160748706,-39.941828781160936,2.8340157330988482,0.31008489581970333,0.7509157509157509,Coarse Sand
1081,17856.0,150.78118354354123,261.4197312410023,88.64564772654215,590.5584412271571,64.39208849578387,2.949041920788271,0.6433810693506534,0.8857142857142857,Fine Sand
1082,6048.0,87.75279349717744,115.3928744063738,69.2283624599622,276.8528137423857,-34.21018095398536,1.6668439105880999,0.991570877510774,0.9545454545454546,Very Fine Sand
1083,14256.0,134.72677146634396,184.52368165713736,99.07388825404203,450.6761902332485,66.32694706548322,1.8624855136803327,0.8820197745588775,0.9428571428571428,Fine Sand
1084,300672.0,618.7305394067848,953.108868111558,503.92956655984995,3769.291772859897,-78.01146778056918,1.891353338558992,0.2659397997015897,0.7425320056899004,Coarse Sand
1085,30384.0,196.68784997358935,552.4483607459904,89.83708298231966,1248.1463197058372,-73.62395054397344,6.149446780843437,0.2450889946804961,0.659375,Fine Sand
1086,8928.0,106.61839735897146,122.46116187758167,98.90122960635487,341.8233764908628,-3.2864448285485808,1.2382167781432007,0.9601974009092513,0.9393939393939394,Very Fine Sand
1087,1398672.0,1334.482858831023,2369.1903244195496,1504.08678271555,15803.490034654564,-14.426598744913651,1.5751686349786946,0.07037521441083132,0.453920927189457,Very Coarse Sand
1088,29376.0,193.3977374897135,326.91896217523407,122.37061152389299,757.3523804664972,39.8533517665022,2.6715479975468033,0.6435859194811795,0.9026548672566371,Fine Sand
1089,43632.0,235.69893469399608,293.01818634434267,236.8791968530036,1086.3229432149742,68.1685753918051,1.236994173558332,0.4646191229755222,0.7518610421836228,Fine Sand
1090,1296.0,40.621650015438455,39.191835884530846,39.191835884530846,96.0,-45.00001609038752,1.0,1.7671458676442586,1.0,Silt or smaller
1091,2016.0,50.66409894773703,57.37097324805089,42.54745250054008,129.94112549695427,45.00001609038752,1.3483997249264839,1.5004003042392393,1.0,Silt or smaller
1092,2016.0,50.66409894773703,57.37097324805089,42.54745250054008,129.94112549695427,-45.00001609038752,1.3483997249264839,1.5004003042392393,1.0,Silt or smaller
1093,31248.0,199.46475702209744,597.4206516247446,157.92768256474108,1344.999133448223,-21.082748190318604,3.7828748065104874,0.21706413948901312,0.47276688453159044,Fine Sand
1094,1296.0,40.621650015438455,39.191835884530846,39.191835884530846,96.0,-45.00001609038752,1.0,1.7671458676442586,1.0,Silt or smaller
1095,6048.0,87.75279349717744,106.3383486346721,73.4140653921715,269.8233764908628,50.49627184578479,1.448473777696712,1.0439086621127163,0.9545454545454546,Very Fine Sand
1096,10224.0,114.09470235454539,158.08742052976277,93.02583551733161,406.79393923934003,24.755516404682396,1.6993926434588116,0.776393261185553,0.8452380952380952,Very Fine Sand
1097,17136.0,147.70996187996852,275.60136816648014,90.29837621333016,645.5878784786801,-18.396761060331958,3.052118761420152,0.5166644527630683,0.7933333333333333,Fine Sand
1098,38592.0,221.66835703460112,593.4244431521406,101.38812284824627,1234.4406922210658,-3.499334062551152,5.852997634055765,0.31824873884932015,0.7507002801120448,Fine Sand
1099,3888.0,70.35876171402046,85.90548926826361,57.68882040742383,204.8528137423857,45.00001609038753,1.4891184923103167,1.1642661024177179,0.9310344827586207,Very Fine Sand
1100,2016.0,50.66409894773703,57.37097324805089,42.54745250054008,129.94112549695427,45.00001609038752,1.3483997249264839,1.5004003042392393,1.0,Silt or smaller
1101,1296.0,40.621650015438455,39.191835884530846,39.191835884530846,96.0,-45.00001609038752,1.0,1.7671458676442586,1.0,Silt or smaller
1102,34128.0,208.45411769193151,256.8403107950542,178.20713644540234,860.3818177180199,88.27017693440061,1.4412459339064845,0.5793463220647501,0.8843283582089553,Fine Sand
1103,97056.0,351.53312397811953,714.7794996374494,201.47815328605293,1853.6164491784257,-41.35845021454528,3.5476774428373177,0.3549706968286823,0.7756041426927502,Medium Sand
1104,5472.0,83.46955605962458,106.12472202139008,69.44395613350893,266.9116882454314,82.23987358468959,1.5282067429649433,0.9652076785787955,0.9047619047619048,Very Fine Sand
1105,16416.0,144.57351198048843,151.5176705897043,143.19551339290126,461.8233764908628,-9.78066975091232,1.058117443763539,0.9672202558808751,0.9661016949152542,Fine Sand
1106,175536.0,472.75720695155087,579.0966896571198,420.71106854226156,2140.4103884177657,-77.19545012286767,1.3764712482218613,0.4814841126556183,0.8418508287292817,Medium Sand
1107,54432.0,263.25838049153225,326.30925476294715,245.35048878031074,1066.4406922210658,15.635721479439438,1.3299718960622398,0.6014378276413985,0.8362831858407079,Medium Sand
1108,4032.0,71.64985585730216,94.49080885752785,55.09303171446413,218.9116882454314,21.742303824254925,1.7151136163145697,1.0572860130995538,0.9333333333333333,Very Fine Sand
1109,2880.0,60.555180528483845,75.13188404399293,49.65158607738529,177.9411254969543,-45.00001609038752,1.5131819540849087,1.1430090930538361,0.9523809523809523,Silt or smaller
1110,9072.0,107.47478378595324,158.10018563842172,85.40491926895636,389.8233764908628,4.632934395736568,1.8511835968199222,0.7502001521196197,0.84,Very Fine Sand
1111,79920.0,318.99420749479793,377.35924025972406,344.8015260708916,1505.9696961967,-27.91498117246152,1.0944245072225653,0.4428257567509824,0.7838983050847458,Medium Sand
1112,629568.0,895.3160747466935,1210.910746788252,812.2544187753006,7786.53895656662,-87.76500437184703,1.4908022890340649,0.13048590076309785,0.7913122171945701,Coarse Sand
1113,1296.0,40.621650015438455,39.191835884530846,39.191835884530846,96.0,-45.00001609038752,1.0,1.7671458676442586,1.0,Silt or smaller
1114,1728.0,46.905841142680316,53.665631459994955,39.191835884530846,120.0,0.0,1.3693063937629155,1.5079644737231006,1.0,Silt or smaller
1115,103536.0,363.07868224904064,434.6355806064289,324.83730991203686,1655.793072687563,26.30474496996819,1.3380100356209836,0.4745578085994103,0.8704600484261501,Medium Sand
1116,100512.0,357.737128518163,434.9755340105728,295.8024797431814,1210.940258945177,-52.71859986760478,1.4704931966365624,0.8613553246492718,0.9654218533886584,Medium Sand
1117,45072.0,239.5567839997508,286.3510706906914,225.81439055288484,885.5878784786801,72.91825740626975,1.2680815867827924,0.7221931530941065,0.9125364431486881,Fine Sand
1118,105120.0,365.8455151324946,475.50251514998195,293.8188714584066,1480.7636354360397,-30.152737136565317,1.6183525339600071,0.6024537822768412,0.8957055214723927,Medium Sand
1119,2736.0,59.02188911239122,66.53637880532506,51.548342602979766,160.97056274847716,-77.17952468446995,1.2907568981951887,1.3268842295691072,1.0,Silt or smaller
1120,662688.0,918.5644057013398,1236.1231845343477,811.0296947691121,5001.320343559642,8.40532541566698,1.524140475382043,0.3329274657176699,0.7918100481761872,Coarse Sand
1121,23472.0,172.87416982887797,325.44525437951665,93.36322809287975,713.4701294725885,-66.8473549005654,3.4857969355532212,0.5794398632205021,0.8956043956043956,Fine Sand
1122,6624.0,91.83647828790974,125.45500082203269,69.24245264933217,300.8528137423857,6.8190396822562604,1.8118220256780966,0.9196488509993888,0.9019607843137255,Very Fine Sand
1123,61344.0,279.4738031233586,443.26067758834586,201.88523953564646,1278.8225099390856,-40.89268326773493,2.1956071608200967,0.47136942714187635,0.8255813953488372,Medium Sand
1124,87552.0,333.8782242384983,544.9995669012395,265.5599799741821,1628.8813844421315,-80.69443102210387,2.052265431539137,0.4146646517506911,0.7369696969696969,Medium Sand
1125,977760.0,1115.7610394973703,2677.655720445281,751.7372840156097,9180.817310628421,-79.3850489677331,3.561956786474462,0.14577378808289923,0.5381201458234268,Very Coarse Sand
1126,86112.0,331.12113142509395,447.54697513553447,267.7203785745951,1390.0874452027915,52.706381891105636,1.6716955859631515,0.5600016391342981,0.888558692421991,Medium Sand
1127,428544.0,738.6739249892239,1144.282595896774,573.9142254538679,4368.585278823348,-54.087696907915124,1.993821628993152,0.2821783223289262,0.7715841327456573,Coarse Sand
1128,72720.0,304.2860162628921,412.16720703183216,238.5724360242425,1241.543289325507,66.14099881335176,1.727639680008758,0.5928434153018542,0.8662092624356775,Medium Sand
1129,103536.0,363.07868224904064,503.040556308988,295.29959410696625,1672.7636354360397,0.525230318368817,1.7034922036728972,0.46497766165036064,0.835075493612079,Medium Sand
1130,849024.0,1039.71675528926,1961.9066504696616,784.7729809196854,6707.318610456087,-17.785327426777528,2.4999671219191035,0.23715482102243315,0.660394265232975,Very Coarse Sand
1131,2160.0,52.4423246684198,55.42562584220407,48.3189403857328,136.97056274847716,45.00001609038753,1.1470786693528088,1.446802115179039,1.0,Silt or smaller
1132,2736000.0,1866.4360140105007,3045.3543385356097,1565.51620986622,26176.364486682476,-59.87486480566359,1.9452716741884444,0.05017730115158276,0.6508855469151451,Very Coarse Sand
1133,40464.0,226.9809792431155,274.4759038124094,199.2990668055296,839.2935059634515,5.671041151826193,1.3772061666512228,0.7218566313453141,0.886435331230284,Fine Sand
1134,290016.0,607.6675405235276,1163.2453556644189,387.89732956015604,3475.4683963690336,-46.54685137427423,2.9988485792965998,0.3017207197072939,0.7803177063153817,Coarse Sand
1135,85392.0,329.7339400244158,439.14870657931954,256.15643804494846,1239.0580079512683,-0.8707782831949169,1.7143770030962913,0.698946238132904,0.9179566563467493,Medium Sand
1136,864.0,33.16743834924821,39.191835884530846,24.0,72.0,0.0,1.6329931618554518,2.0943951023931953,1.0,Silt or smaller
1137,1296.0,40.621650015438455,39.191835884530846,39.191835884530846,96.0,-45.00001609038752,1.0,1.7671458676442586,1.0,Silt or smaller
1138,58320.0,272.4983123781773,444.66164859604623,264.8813240418157,1496.0285706997454,19.25956321627481,1.6787202729545758,0.3274519673723803,0.6705298013245033,Medium Sand
1139,31392.0,199.9238249642254,345.470848131493,123.29072810863431,846.3229432149743,-25.607034484472457,2.8020829581531115,0.5507526821397295,0.8650793650793651,Fine Sand
1140,4752.0,77.78453777314289,89.1198786576781,69.14826056224794,228.8528137423857,70.89771831878483,1.2888231451238243,1.1401809566205188,0.9705882352941176,Very Fine Sand
1141,5184.0,81.24330003087691,119.12172189361384,59.3465700196778,276.8528137423857,38.19031232398031,2.0072216785926487,0.8499178950092348,0.8571428571428571,Very Fine Sand
1142,185760.0,486.3301119918484,815.9335636645872,409.58640596017125,3479.586145375125,-82.55826028741517,1.992091416588493,0.19279993383089697,0.649546827794562,Medium Sand
1143,2736.0,59.02188911239122,66.53637880532506,51.548342602979766,160.97056274847716,77.17952468446995,1.2907568981951887,1.3268842295691072,1.0,Silt or smaller
1144,1806192.0,1516.4811504876322,2542.9309596869666,1663.0586828873898,17706.385704446566,18.83700523807366,1.5290686888281955,0.07239589435863017,0.5559593989628119,Very Coarse Sand
1145,1728.0,46.905841142680316,53.665631459994955,39.191835884530846,120.0,90.00003218077504,1.3693063937629155,1.5079644737231006,1.0,Silt or smaller
1146,16560.0,145.2062218391977,256.6833282708461,93.45960435207303,594.6761902332485,79.23794106749737,2.746462817281899,0.5884493609126614,0.8214285714285714,Fine Sand
1147,15120.0,138.7493492467466,254.77154292070207,94.00984587736804,655.5290039756342,-47.03254020901605,2.7100517030209903,0.44215835052756225,0.6907894736842105,Fine Sand
1148,1731744.0,1484.8989669865925,2762.9318990635193,1481.1603343863876,21124.83894891395,-1.937753237284088,1.8653833990282636,0.048764833114285554,0.49540679711637486,Very Coarse Sand
1149,1296.0,40.621650015438455,39.191835884530846,39.191835884530846,96.0,-45.00001609038752,1.0,1.7671458676442586,1.0,Silt or smaller
1150,1296.0,40.621650015438455,39.191835884530846,39.191835884530846,96.0,-45.00001609038752,1.0,1.7671458676442586,1.0,Silt or smaller
1151,8640.0,104.8846493368396,163.51076095807696,76.73480990339792,389.8233764908628,34.28924108952985,2.130855099060283,0.7144763353520187,0.8108108108108109,Very Fine Sand
1152,3168.0,63.51080914081473,86.64278325898165,47.801967628300915,201.9411254969543,-52.85433781331839,1.81253591761535,0.9762150350271485,0.9166666666666666,Very Fine Sand
1153,150336.0,437.5085601417479,712.3136924568269,320.15263023016144,2300.174890405583,-71.00166168488956,2.224919070459413,0.3570681704899536,0.8086754453911696,Medium Sand
1154,109872.0,374.0232282347472,638.8872854914711,316.88852526469867,2165.689609031344,-26.277807522891415,2.0161262859164912,0.2943774022223753,0.6740282685512368,Medium Sand
1155,582336.0,861.076781432931,1105.9280066020783,848.430451385395,5834.79047303223,13.262249737303321,1.3034987190714544,0.21494778427929398,0.7420183486238532,Coarse Sand
1156,4464.0,75.39059177177062,115.16878097649473,50.876704779502504,252.8528137423857,-34.773195123739086,2.263683968441576,0.8774016935013048,0.8857142857142857,Very Fine Sand
1157,840240.0,1034.3243181267048,2396.484830781691,932.2107299364129,8694.494367413448,86.8586982789249,2.570754394711974,0.13967688966546957,0.5009443681318682,Very Coarse Sand
1158,2592.0,57.4476883778063,67.93592979450378,48.58713248336697,160.97056274847716,72.70388165253861,1.3982288380109806,1.2570482174865225,0.9473684210526315,Silt or smaller
1159,1872.0,48.821147341538634,66.56402354702749,35.22237051385646,122.48528137423858,11.309936518046797,1.8898223650461357,1.5680066493388474,0.9285714285714286,Silt or smaller
1160,8352.0,103.12175656779746,165.17503775181024,71.08684884336895,382.79393923934003,-2.1521690008900043,2.32356674179992,0.7162592501091573,0.8923076923076924,Very Fine Sand
1161,5328.0,82.36395021093237,98.78801428026746,70.97669219539571,252.8528137423857,-40.07410966999903,1.3918373937222714,1.0472213761144604,0.9024390243902439,Very Fine Sand
1162,1296.0,40.621650015438455,39.191835884530846,39.191835884530846,96.0,-45.00001609038752,1.0,1.7671458676442586,1.0,Silt or smaller
1163,60912.0,278.48800180422177,347.2095652868936,229.14631426430077,997.352380466497,51.66357041587355,1.5152308532722762,0.7695121233250936,0.925601750547046,Medium Sand
1164,40896.0,228.18940470909078,279.15188282432143,200.67309017562698,825.2346314604056,-26.01423750637727,1.3910778100841057,0.7546330226355947,0.8987341772151899,Fine Sand
1165,1296.0,40.621650015438455,39.191835884530846,39.191835884530846,96.0,-45.00001609038752,1.0,1.7671458676442586,1.0,Silt or smaller
1166,498960.0,797.0543289143197,1145.9648143709612,608.1539744008653,3614.144586602283,82.79113747811883,1.8843333474880777,0.4800257660469981,0.8727959697732998,Coarse Sand
1167,3168.0,63.51080914081473,71.6354406954851,56.727272727272734,177.94112549695427,-45.00001609038752,1.2628042430293847,1.2573100023592203,1.0,Very Fine Sand
1168,43920.0,236.47553954852992,364.22498289852774,160.67737808331873,875.220346110533,0.882165561598079,2.2668093495380544,0.720505640911784,0.9682539682539683,Fine Sand
1169,165600.0,459.1823914395487,656.1276824767813,437.7228281882702,2978.497833620557,5.685452831416102,1.4989569659697353,0.23457170219185602,0.7160647571606475,Medium Sand
1170,1476000.0,1370.876204487152,2462.2753346416075,1512.3124715279691,11006.316010800756,-26.027203967313582,1.6281525022099703,0.15311307037249655,0.5561886157686255,Very Coarse Sand
1171,30240.0,196.22121147519022,252.73446235466452,185.6871235838104,993.2346314604056,78.83906002859582,1.361076942099284,0.3852014765265761,0.7473309608540926,Fine Sand
1172,821376.0,1022.6477420384739,1606.522455850286,793.1361979801989,6144.877918235022,-76.12338732292757,2.025531629928702,0.27335395058273265,0.79244234509586,Very Coarse Sand
1173,63792.0,284.9956088043209,732.4757568925542,126.35643306565524,1600.7636354360397,64.70067663032329,5.796901187547429,0.3128395572705872,0.7572649572649572,Medium Sand
1174,2880.0,60.555180528483845,68.64167830116044,53.665631459994955,170.9116882454314,-45.00001609038752,1.2790621564255584,1.2389643882700019,0.9090909090909091,Silt or smaller
1175,1296.0,40.621650015438455,39.191835884530846,39.191835884530846,96.0,-45.00001609038752,1.0,1.7671458676442586,1.0,Silt or smaller
1176,1296.0,40.621650015438455,39.191835884530846,39.191835884530846,96.0,-45.00001609038752,1.0,1.7671458676442586,1.0,Silt or smaller
1177,63072.0,283.38271747856504,397.65048051639553,223.80791485914676,1141.352380466497,-65.94684471938146,1.776748962460315,0.6084248850572678,0.8326996197718631,Medium Sand
1178,2592.0,57.4476883778063,67.93592979450379,48.58713248336697,160.97056274847716,72.70388165253863,1.398228838010981,1.2570482174865225,0.9473684210526315,Silt or smaller
1179,3600.0,67.70275002573075,92.14804074982786,48.82231647482601,201.9411254969543,79.27271153704756,1.887416398960538,1.109335267076305,0.9615384615384616,Very Fine Sand
1180,2736.0,59.02188911239122,66.53637880532506,51.548342602979766,160.97056274847716,-77.17952468446995,1.2907568981951887,1.3268842295691072,1.0,Silt or smaller
1181,429120.0,739.1701789417326,890.1691421906864,666.8027517635552,3009.0277041479685,-39.59620981406819,1.3349812067157392,0.5955747094861872,0.8946262383668568,Coarse Sand
1182,1296.0,40.621650015438455,39.191835884530846,39.191835884530846,96.0,-45.00001609038752,1.0,1.7671458676442586,1.0,Silt or smaller
1183,137952.0,419.1013501234578,598.6856905665902,315.28996805833276,1819.6753236814714,-14.93155476710592,1.8988415465722193,0.523540223116713,0.8599640933572711,Medium Sand
1184,19440.0,157.3269740052594,298.4224972997375,92.59695362935835,717.5878784786801,83.29032290483846,3.222811179018324,0.4744122959349978,0.8282208588957055,Fine Sand
1185,97344.0,352.0543001338,575.0785017796943,221.0627786030566,1416.999133448223,24.605331797066185,2.601426189491236,0.6092280386170014,0.9147496617050067,Medium Sand
1186,9360.0,109.16740419521352,176.99693047042803,77.33739177252268,413.8233764908628,-87.11063580515571,2.288633304198313,0.6868401477093558,0.8666666666666667,Very Fine Sand
1187,101376.0,359.27139057691727,639.8346394232584,375.55648228221503,2230.5870119269025,15.222481050375146,1.703697498536184,0.2560393270477439,0.5930918281381634,Medium Sand
1188,348336.0,665.9693461825909,1223.4797670685148,546.463126881658,4109.9090885901,-34.99873109111706,2.2389063541216228,0.25914557275533434,0.6638309549945115,Coarse Sand
1189,2160.0,52.4423246684198,67.88225099390857,39.191835884530846,144.0,0.0,1.7320508075688776,1.308996938995747,1.0,Silt or smaller
1190,75888.0,310.8433730528319,657.5259086600199,168.24073561616552,1514.704760932994,-52.68020402229991,3.9082443752512996,0.4156492396649286,0.77046783625731,Medium Sand
1191,1296.0,40.621650015438455,39.191835884530846,39.191835884530846,96.0,-45.00001609038752,1.0,1.7671458676442586,1.0,Silt or smaller
1192,1296.0,40.621650015438455,39.191835884530846,39.191835884530846,96.0,-45.00001609038752,1.0,1.7671458676442586,1.0,Silt or smaller
1193,5040.0,80.10697413749455,89.75061436617936,74.0722942260719,242.91168824543144,70.86014330945319,1.2116624077047828,1.0733554745931788,0.9459459459459459,Very Fine Sand
1194,6048.0,87.75279349717744,112.04810081416878,70.27176576066344,269.82337649086287,-82.46596785683604,1.5944967313869718,1.0439086621127158,0.9333333333333333,Very Fine Sand
1195,1918368.0,1562.8633974069855,2898.5541167727524,1352.5348735461243,15677.45973085126,-45.42985087520727,2.1430531466987017,0.09808224494693366,0.6050229347381807,Very Coarse Sand
1196,6912.0,93.81168228536063,135.0246335625938,64.97959934692788,303.7645019878171,-64.01822288797966,2.077954233630982,0.9413249113751824,0.9411764705882353,Very Fine Sand
1197,235728.0,547.8487121471861,694.2944549941857,463.15734274691044,2202.469262920811,-29.204870818622698,1.4990466325686187,0.6106626008547024,0.9029233314947601,Coarse Sand
1198,687744.0,935.7685918293796,1384.9402132293403,849.1688424419963,6901.231165253295,-67.57651250793059,1.630936209631291,0.18146109384914186,0.6822857142857143,Coarse Sand
1199,290016.0,607.6675405235276,891.3668913218623,457.4994407482852,3011.9393923934,-83.10813175379202,1.9483453135241966,0.40173471806147676,0.8339544513457557,Coarse Sand
1200,18432.0,153.19383567415017,247.4582694996232,145.5052571430044,813.5878784786798,85.25061903230875,1.7006826719423485,0.34992372335123534,0.6956521739130435,Fine Sand
1201,38880.0,222.49394036535722,316.56744981441926,164.1789413406103,847.5290039756342,-66.39961135555106,1.9281854739071527,0.6801848920105653,0.8940397350993378,Fine Sand
1202,239328.0,552.016189764736,787.6207263625942,519.2089797120882,2973.880517890354,39.88609699989743,1.5169628360421379,0.34006062129137904,0.7449574181981174,Coarse Sand
1203,2160.0,52.4423246684198,67.88225099390857,39.191835884530846,144.0,90.00003218077504,1.7320508075688776,1.308996938995747,1.0,Silt or smaller
1204,111024.0,375.97891857746055,503.9130933221012,308.5404850600942,1720.7636354360397,57.58936090242454,1.6332154700021113,0.4711772302868379,0.8614525139664805,Medium Sand
1205,23472.0,172.87416982887797,192.44712218268182,186.2570897777678,672.4995667241114,-69.84214233023717,1.033233808239459,0.6521927140407214,0.815,Fine Sand
1206,208512.0,515.2530678723012,684.9867421402366,511.32906028835987,2716.909955141877,-36.679509625082275,1.339620208078813,0.35496900055383473,0.7294710327455919,Coarse Sand
1207,28512.0,190.5324274224442,283.67984538288465,147.16195066005835,860.3818177180199,-41.335112059805994,1.9276711412869239,0.4840108513452343,0.8354430379746836,Fine Sand
1208,563904.0,847.3398799975942,1590.3515877077293,573.7141258290015,5600.613849523093,-10.581103985772803,2.772027942330536,0.22591432981097115,0.7347091932457787,Coarse Sand
1209,10368.0,114.8953767556126,166.2990482582586,88.18770318384432,433.7056274847714,55.66938176141517,1.8857396468482241,0.6926514343946188,0.8888888888888888,Very Fine Sand
1210,1296.0,40.621650015438455,39.191835884530846,39.191835884530846,96.0,-45.00001609038752,1.0,1.7671458676442586,1.0,Silt or smaller
1211,23472.0,172.87416982887797,297.14234105865165,122.65108068922711,713.4701294725885,47.37419949220312,2.4226638639373257,0.5794398632205021,0.8109452736318408,Fine Sand
1212,56736.0,268.7722433773514,454.53904569666656,211.99122332521137,1450.9402589451772,-69.43759822211382,2.144140868508351,0.3386643759152601,0.7023172905525846,Medium Sand
1213,97920.0,353.09434464526214,734.7578313850706,277.6235273184353,2266.5870119269025,-12.789547510725255,2.64659785315061,0.23951707376921375,0.5596707818930041,Medium Sand
1214,2592.0,57.4476883778063,66.51112154271688,47.91941893564593,153.94112549695427,-23.109445880672464,1.387978465098647,1.3744708899359803,1.0,Silt or smaller
1215,42624.0,232.9604308778458,283.07123643347313,202.35107919909558,805.3523804664972,-40.920781289165724,1.3989114244108185,0.8258328870684921,0.9517684887459807,Fine Sand
1216,1296.0,40.621650015438455,39.191835884530846,39.191835884530846,96.0,-45.00001609038752,1.0,1.7671458676442586,1.0,Silt or smaller
1217,382320.0,697.6997511416694,1065.6720545283335,584.1915625773443,3471.3506473629427,82.77830677190374,1.824182550372325,0.3986941946898989,0.7228423631908522,Coarse Sand
1218,51696.0,256.55679976299393,309.27252963951605,229.96369929590765,1004.3818177180199,5.9575840506814215,1.3448754328897672,0.6439751671516557,0.890818858560794,Medium Sand
1219,15408.0,140.06453835742786,182.10761327698998,109.839727914635,467.6467529817256,-52.345931290436745,1.6579394062093815,0.8853607958076034,0.9469026548672567,Fine Sand
1220,67392.0,292.92688404923183,309.85163162117504,303.5783661097431,1376.0285706997456,69.15703333171068,1.0206644023809133,0.4472633440463454,0.8402154398563735,Medium Sand
1221,12816.0,127.74129326621774,230.77098627195738,73.47108769635986,501.58787847867995,-66.164907996726,3.140976859165119,0.6401301714935581,0.8811881188118812,Fine Sand
1222,31968.0,201.7496512167832,297.0844181478191,156.39930724752085,778.4406922210658,-63.47336218615697,1.8995251537632902,0.6629400706287404,0.8571428571428571,Fine Sand
1223,112176.0,377.9244887146262,521.607677987664,308.7942430563808,1624.7636354360397,73.359806393657,1.6891755261526262,0.5339854616752385,0.8131524008350731,Medium Sand
1224,3024.0,62.05059534991693,67.41347587225688,56.55189783174089,170.91168824543144,-38.9526353895556,1.192063899832902,1.3009126076835014,0.9545454545454546,Silt or smaller
1225,3456.0,66.33487669849642,69.28203230275508,63.24555320336758,184.97056274847716,-45.00001609038748,1.0954451150103321,1.2693411579781348,1.0,Very Fine Sand
1226,1296.0,40.621650015438455,39.191835884530846,39.191835884530846,96.0,-45.00001609038752,1.0,1.7671458676442586,1.0,Silt or smaller
1227,3168.0,63.51080914081473,87.67911543573194,47.102236149591576,194.9116882454314,29.4625385831819,1.8614639686589955,1.047898625182961,0.9166666666666666,Very Fine Sand
1228,5299344.0,2597.563154565258,6820.477880171604,1914.2527597978733,40268.898243938434,84.91236521671898,3.5629975431728154,0.04106695299711498,0.46793820331871067,Very Coarse Sand
1229,67680.0,293.5521289101406,467.15937599389713,201.25910834807328,1277.116882454314,75.10876819059003,2.3211837706542706,0.5214454978720215,0.8703703703703703,Medium Sand
1230,8208.0,102.22891070135796,150.02157638119746,71.87236898436447,338.9116882454314,-4.861745561029365,2.0873331226056293,0.8979954125568707,0.95,Very Fine Sand
1231,2448.0,55.82911790017533,68.34367819768178,44.475331873088976,153.94112549695427,65.09828039726955,1.5366648278803514,1.2981113960506483,0.9444444444444444,Silt or smaller
1232,80352.0,319.85519207691436,502.3987982045538,208.15313218587562,1261.352380466497,-85.4801967911234,2.4136019137868368,0.6346491354231846,0.9207920792079208,Medium Sand
1233,1296.0,40.621650015438455,39.191835884530846,39.191835884530846,96.0,-45.00001609038752,1.0,1.7671458676442586,1.0,Silt or smaller
1234,1296.0,40.621650015438455,39.191835884530846,39.191835884530846,96.0,-45.00001609038752,1.0,1.7671458676442586,1.0,Silt or smaller
1235,64224.0,285.95897698983174,447.36178442289844,211.99261424350308,1343.2935059634515,84.24347644225105,2.110270614942467,0.4472654839846611,0.7729636048526863,Medium Sand
1236,127008.0,402.1338186446442,556.2024079409389,341.7741304021159,1935.5575746753798,-85.28847645484599,1.6273976245262813,0.4260187881980897,0.7945945945945946,Medium Sand
1237,48528.0,248.57145577661964,304.0412708762111,210.76760980769404,842.2051942088827,-40.411526564433416,1.4425426713033405,0.8597386000410872,0.9519774011299436,Fine Sand
1238,196704.0,500.4511079092397,643.7904610896394,443.9671590789786,3039.2774875100235,-87.56669564195049,1.450085773067538,0.2675976831996937,0.8253776435045317,Coarse Sand
1239,1728.0,46.905841142680316,53.665631459994955,39.191835884530846,120.0,0.0,1.3693063937629155,1.5079644737231006,1.0,Silt or smaller
1240,1296.0,40.621650015438455,39.191835884530846,39.191835884530846,96.0,-45.00001609038752,1.0,1.7671458676442586,1.0,Silt or smaller
1241,89856.0,338.24283071740456,497.06333615982993,237.93397888321527,1424.0285706997456,65.84769770619481,2.0890809227537974,0.5568260443433775,0.910948905109489,Medium Sand
1242,13680.0,131.9769562157615,213.55781722591257,83.59474514815602,491.64675298172574,-28.233131958245604,2.554679924526612,0.7111965003194649,0.9223300970873787,Fine Sand
1243,6624.0,91.83647828790974,149.8076269060233,62.59048698222685,341.8233764908628,-57.19036366762344,2.393456803564455,0.7124045232552509,0.8518518518518519,Very Fine Sand
1244,33696.0,207.13058610305734,298.42261147997306,162.01910642987247,860.3818177180199,71.41450681706465,1.8418976505659275,0.5720128243170951,0.8327402135231317,Fine Sand
1245,2880.0,60.555180528483845,74.78364958166196,48.24319387485855,170.91168824543144,47.885485232914675,1.5501388605333344,1.2389643882700012,0.9523809523809523,Silt or smaller
1246,15264.0,139.4084947585244,204.03626863548322,108.46921174155204,529.7056274847714,-81.45115200788845,1.8810523775321366,0.6836110085036554,0.8688524590163934,Fine Sand
1247,39312.0,223.72660320719285,302.80969313743446,199.67104493863553,939.4112549695428,69.99458345090974,1.5165428378986863,0.559787871812563,0.8478260869565217,Fine Sand
1248,82080.0,323.2762005342524,582.8946270854683,208.8849111948138,1632.9991334482227,-9.974595552265436,2.790506139248321,0.3867900586470075,0.7851239669421488,Medium Sand
1249,197712.0,501.7317379523429,857.1455341668063,357.6032228331603,2798.8510806388313,4.876331159568619,2.396917811243293,0.31716357938221074,0.7854691075514875,Coarse Sand
1250,19728.0,158.48807443632876,232.55093259622487,114.60115030222028,597.5878784786798,0.12625132771114125,2.029219881152619,0.6942076001727168,0.9072847682119205,Fine Sand
1251,412272.0,724.5143294559846,881.8749757360479,633.9958333398527,3408.085712099236,-83.33566769888007,1.3909791348160485,0.4460388495460224,0.8902363184079602,Coarse Sand
1252,16848.0,146.46344202461592,160.30503656646556,151.19687971269803,570.6761902332486,54.73021807298449,1.0602403758005767,0.6500978223899571,0.8602941176470589,Fine Sand
1253,1296.0,40.621650015438455,39.191835884530846,39.191835884530846,96.0,-45.00001609038752,1.0,1.7671458676442586,1.0,Silt or smaller
1254,2448.0,55.82911790017533,68.34367819768178,44.475331873088976,153.94112549695427,-65.09828039726953,1.5366648278803514,1.2981113960506483,0.9444444444444444,Silt or smaller
1255,40320.0,226.5767385318311,330.81865241240234,159.36612842606013,833.4701294725885,86.55052157576549,2.0758404290776866,0.7293740499818887,0.9180327868852459,Fine Sand
1256,2160.0,52.4423246684198,67.88225099390857,39.191835884530846,144.0,0.0,1.7320508075688776,1.308996938995747,1.0,Silt or smaller
1257,8208.0,102.22891070135796,131.5522932053854,92.25503445515162,372.85281374238565,87.46973734109761,1.4259632981800854,0.7419461098379992,0.8382352941176471,Very Fine Sand
1258,103536.0,363.07868224904064,634.0408968054153,311.9565854805248,2146.2337649086285,-88.13541050615099,2.0324651772578077,0.28245365603077854,0.6738519212746017,Medium Sand
1259,250128.0,564.3339975985115,704.8291022462247,520.037404542447,2962.7333316327404,-49.13199735370204,1.3553430889579299,0.3580857574341843,0.8170272812793979,Coarse Sand
1260,557136.0,842.2396256384342,1174.498531249819,776.1017699000564,5442.554975020048,-12.55613916974855,1.5133305666872359,0.2363553497844062,0.7781576830249397,Coarse Sand
1261,281952.0,599.1597751160942,763.0497836965872,484.904876596496,2175.55757467538,-70.66311782872523,1.5736071558041762,0.7485897588208535,0.9500242600679282,Coarse Sand
1262,51840.0,256.91387272599906,437.5725801912681,156.7403988138086,1068.146319705837,52.02869695785333,2.7917026082794334,0.5709700918659725,0.8933002481389578,Medium Sand
1263,9072.0,107.47478378595324,181.25966141358074,84.9242479389617,483.7645019878171,37.32467532413189,2.13436875583354,0.48713003881393835,0.7411764705882353,Very Fine Sand
1264,75888.0,310.8433730528319,547.0162597248687,294.68329425383035,2062.5870119269025,-21.719812775357788,1.856285274365391,0.22416015279654633,0.5914702581369248,Medium Sand
1265,53280.0,260.4576797552521,345.9945813637971,210.76950450133455,962.2051942088827,-34.97394195551462,1.6415779985932755,0.7231671436439614,0.9090909090909091,Medium Sand
1266,4608.0,76.59691783707508,123.58612747229523,51.82633593455735,281.82337649086287,-48.61460795290397,2.3846201982781707,0.7290684533171351,0.8648648648648649,Very Fine Sand
1267,11232.0,119.5868996440051,148.7942921571116,111.27958570837968,423.7645019878171,0.8563339796503703,1.33712119082689,0.7859914307677645,0.8764044943820225,Very Fine Sand
1268,83232.0,325.53690080756905,408.05803824364574,268.30172630423954,1188.1463197058374,17.074465368064462,1.520892332168337,0.7409012718516763,0.9233226837060703,Medium Sand
1269,193392.0,496.22005404399226,1060.9194664928918,363.4249440313904,3816.9385258416223,-68.77521612946377,2.9192257821500998,0.16680844656796323,0.5669058674546222,Medium Sand
1270,12384.0,125.56989496690778,146.85463589188296,107.9978084294008,392.7350647362943,-33.445920155458005,1.3597927404969818,1.0089541958843913,0.9555555555555556,Fine Sand
1271,2736.0,59.02188911239122,66.53637880532506,51.548342602979766,160.97056274847716,-12.82050749630509,1.2907568981951887,1.3268842295691072,1.0,Silt or smaller
1272,8208.0,102.22891070135796,140.77882070354661,77.34804304701137,348.8528137423857,-47.73521761801303,1.8200695862205931,0.8475449711282935,0.9193548387096774,Very Fine Sand
1273,36864.0,216.64880008233843,463.0661695331421,145.90306063497533,1181.1168824543142,-67.92440131614133,3.173793390747676,0.3320676486971114,0.6597938144329897,Fine Sand
1274,1728.0,46.905841142680316,53.665631459994955,39.191835884530846,120.0,90.00003218077504,1.3693063937629155,1.5079644737231006,1.0,Silt or smaller
1275,131904.0,409.811406513712,863.007943747454,232.71203118003558,2215.322076663197,-42.85976445398742,3.708480130448415,0.33774900546318704,0.7570247933884298,Medium Sand
1276,2016.0,50.66409894773703,57.37097324805089,42.54745250054008,129.94112549695427,45.00001609038752,1.3483997249264839,1.5004003042392393,1.0,Silt or smaller
1277,27936.0,188.59803795830302,257.4801432952136,164.7173343400769,754.4406922210657,-51.59323244605084,1.5631636119342351,0.6167709018617465,0.8471615720524017,Fine Sand
1278,127728.0,403.27204288164194,461.3798746211292,441.00569401475167,2272.0571413994912,-66.49339256485565,1.0461993595159704,0.3109263129519642,0.8197781885397413,Medium Sand
1279,26784.0,184.66848124730598,523.8342944207614,74.40449913348402,1042.440692221066,78.75323910077198,7.040357781066251,0.30972951211940464,0.775,Fine Sand
1280,6480.0,90.83277079272577,145.28699806298275,62.12152404281787,324.8528137423857,-69.1631684623146,2.3387545669813616,0.77163444218018,0.8490566037735849,Very Fine Sand
1281,223632.0,533.6076328803908,1026.4813377265286,319.30515955831527,3244.556708123602,-47.62206945912331,3.214734579129344,0.2669519352474344,0.7571916138469039,Coarse Sand
1282,3888.0,70.35876171402046,80.04838513623841,61.54680433215196,201.9411254969543,-27.56062725579571,1.3006099342581343,1.1980820884424095,0.9642857142857143,Very Fine Sand
1283,30816.0,198.0811697526011,255.53336043648932,172.72132500225212,758.5584412271571,28.398747272667247,1.4794546095171364,0.6729891125780617,0.9264069264069265,Fine Sand
1284,1296.0,40.621650015438455,39.191835884530846,39.191835884530846,96.0,-45.00001609038752,1.0,1.7671458676442586,1.0,Silt or smaller
1285,182304.0,481.7848710403837,682.085521581572,393.6897800922899,2081.263202160151,-8.114785731933962,1.7325456643087753,0.5288737968179062,0.778119237861094,Medium Sand
1286,1296.0,40.621650015438455,39.191835884530846,39.191835884530846,96.0,-45.00001609038752,1.0,1.7671458676442586,1.0,Silt or smaller
1287,15552.0,140.71752342804092,176.7965184804779,113.75728305582791,464.73506473629425,-44.80197662504394,1.5541555998108063,0.9048679963998575,0.9152542372881356,Fine Sand
1288,61488.0,279.8016317441263,444.78146532441565,302.20915901000217,1635.9108216936543,-61.83643158009395,1.4717669933679767,0.28872273332575205,0.6270190895741556,Medium Sand
1289,3312.0,64.93819655767211,80.00737930564563,52.2274976058585,184.97056274847716,83.83878165895713,1.5319014498728536,1.2164519430623792,1.0,Very Fine Sand
1290,12240.0,124.83770274864239,216.22672883071226,96.98557133475117,560.7350647362944,81.2381778802456,2.2294731665228174,0.48918806415420607,0.7391304347826086,Very Fine Sand
1291,591408.0,867.7580611395858,1445.7212637354528,748.1137378973276,5325.466663265479,86.41907216931591,1.9324885916396124,0.262048524183696,0.6790674603174603,Coarse Sand
1292,7056.0,94.78385003602305,123.83325754004274,74.96101363268124,307.88225099390854,61.223465123803216,1.6519688240455481,0.93540380009532,0.9423076923076923,Very Fine Sand
1293,1296.0,40.621650015438455,39.191835884530846,39.191835884530846,96.0,-45.00001609038752,1.0,1.7671458676442586,1.0,Silt or smaller
1294,1296.0,40.621650015438455,39.191835884530846,39.191835884530846,96.0,-45.00001609038752,1.0,1.7671458676442586,1.0,Silt or smaller
1295,47664.0,246.3487155644551,537.0770135962282,131.52963195727588,1229.1168824543142,-34.36001611504704,4.083315718321817,0.3964733332307249,0.7679814385150812,Fine Sand
1296,1296.0,40.621650015438455,39.191835884530846,39.191835884530846,96.0,-45.00001609038752,1.0,1.7671458676442586,1.0,Silt or smaller
1297,52704.0,259.0459746178698,290.0929664574116,265.0043670651839,1079.2935059634515,-8.69318293192816,1.0946723998176853,0.5685573963292471,0.8375286041189931,Medium Sand
1298,886032.0,1062.1351045421602,2216.9265811618507,953.4143740486599,8272.935059634514,88.48839130148772,2.32524979851909,0.16268220144314152,0.5174066599394551,Very Coarse Sand
1299,1296.0,40.621650015438455,39.191835884530846,39.191835884530846,96.0,-45.00001609038752,1.0,1.7671458676442586,1.0,Silt or smaller
1300,17136.0,147.70996187996852,225.38737501271214,99.96925242605562,532.6173157302028,-48.83018892504477,2.254566974774816,0.7590821070989944,0.9296875,Fine Sand
1301,38304.0,220.83968737873107,255.8788028089321,246.86130378784563,983.2935059634515,14.402093534366335,1.036528604859173,0.4978375502236254,0.7823529411764706,Fine Sand
1302,7776.0,99.50231504774462,204.12767946122995,68.37398327495978,434.9116882454314,13.861321435984935,2.9854583524898493,0.5166113661148993,0.7397260273972602,Very Fine Sand
1303,1296.0,40.621650015438455,39.191835884530846,39.191835884530846,96.0,-45.00001609038752,1.0,1.7671458676442586,1.0,Silt or smaller
1304,127008.0,402.1338186446442,965.3331022394514,194.64041741249486,2204.1748904055826,-34.959322992951556,4.959571681320707,0.32851018583680835,0.753202391118702,Medium Sand
1305,1728.0,46.905841142680316,53.665631459994955,39.191835884530846,120.0,90.00003218077504,1.3693063937629155,1.5079644737231006,1.0,Silt or smaller
1306,48528.0,248.57145577661964,335.797066809694,212.13597720254336,1041.2346314604056,-28.882162693426203,1.5829331320310718,0.5624773623397039,0.8023809523809524,Fine Sand
1307,5616.0,84.56070767935114,117.5429088047811,68.93472238761578,286.79393923934003,10.180527647079826,1.7051335630808002,0.8580192364756422,0.8666666666666667,Very Fine Sand
1308,88560.0,335.79472015168136,516.5291532153618,224.931140431311,1248.999133448223,-17.295626847120907,2.2963879177640965,0.7133837259274728,0.9432515337423313,Medium Sand
1309,9792.0,111.65823580035067,132.36295068851194,96.03485244246735,348.8528137423857,47.94878009439418,1.3782803567882613,1.0111062813460343,0.9714285714285714,Very Fine Sand
1310,110448.0,375.0023483085263,566.3735509861416,280.9478272017516,1828.4103884177657,-71.95936848035306,2.01593853430809,0.4151646425599021,0.8133616118769883,Medium Sand
1311,2160.0,52.4423246684198,67.88225099390857,39.191835884530846,144.0,90.00003218077504,1.7320508075688776,1.308996938995747,1.0,Silt or smaller
1312,14976.0,138.0870574020382,153.8121549790322,129.31068375570874,471.7645019878171,-71.33898791206819,1.1894775474980177,0.84558092423604,0.9043478260869565,Fine Sand
1313,2160.0,52.4423246684198,55.42562584220407,48.3189403857328,136.97056274847716,45.00001609038753,1.1470786693528088,1.446802115179039,1.0,Silt or smaller
1314,29808.0,194.81458967301634,391.30845095777374,179.32810704137563,1174.0874452027915,78.83940846934033,2.1820809766730473,0.2717326433062534,0.5830985915492958,Fine Sand
1315,391392.0,705.9290133526067,1007.2160621361686,572.2046071775615,3386.497833620557,-29.113189959024872,1.7602375959612262,0.42886460469832627,0.7901162790697674,Coarse Sand
1316,157680.0,448.0674183801367,670.6601395060185,310.77806180494025,1784.0285706997456,-5.163257026573723,2.158003482005619,0.6225623673423808,0.9303313508920985,Medium Sand
1317,684000.0,933.2180070052503,1723.7029927963986,928.7367064501329,7934.72986542563,-61.4804884753335,1.855965184562187,0.13652169567149977,0.5938242280285035,Coarse Sand
1318,6192.0,88.79132424398303,151.0216513117511,85.03199564530007,376.9705627484771,87.21816018010074,1.7760567674045697,0.547552713933389,0.6615384615384615,Very Fine Sand
1319,54144.0,262.56100607314227,467.56188527374866,157.2011892624615,1073.4701294725887,-87.10807927113531,2.9742897459453195,0.590446119417735,0.8805620608899297,Medium Sand
1320,45360.0,240.32092241248364,636.68862351009,125.07119987230516,1354.4406922210658,-79.86467312415341,5.090609382176988,0.31071550378622104,0.6730769230769231,Fine Sand
1321,14256.0,134.72677146634396,151.9679682387001,121.3489348694749,433.7056274847714,-55.18366802222047,1.2523222260018976,0.9523957222926009,0.9252336448598131,Fine Sand
1322,4032.0,71.64985585730216,90.12644179265085,56.6492970577999,211.88225099390854,45.00001609038752,1.5909542831695485,1.1286030800767899,0.9333333333333333,Very Fine Sand
1323,1296.0,40.621650015438455,39.191835884530846,39.191835884530846,96.0,-45.00001609038752,1.0,1.7671458676442586,1.0,Silt or smaller
1324,1296.0,40.621650015438455,39.191835884530846,39.191835884530846,96.0,-45.00001609038752,1.0,1.7671458676442586,1.0,Silt or smaller
1325,3504816.0,2112.4559943867507,3521.735804646584,1941.6207796438166,28684.230719222953,-70.78267192649244,1.8138123785905473,0.05352894361097498,0.5694132509825941,Very Coarse Sand
1326,32832.0,204.45782140271592,230.01741330157017,191.24760413597318,713.4701294725885,55.9380715889029,1.202720495980867,0.8105048393513773,0.912,Fine Sand
1327,111312.0,376.4662537380482,455.4915139704415,329.2063066365903,1699.6753236814714,-5.411925695642512,1.3836050670598392,0.4841945664068666,0.8656215005599104,Medium Sand
1328,12816.0,127.74129326621774,157.47841247925058,134.5973254596522,522.6761902332485,-22.67634399373389,1.1699965949654576,0.5895178084217824,0.7876106194690266,Fine Sand
1329,18288.0,152.59424888938855,269.24194234337244,97.27711890928344,625.7056274847713,-79.93589611699606,2.7677828595484635,0.5869970993027892,0.8410596026490066,Fine Sand
1330,34128.0,208.45411769193151,246.65139734290858,181.3546920728654,699.4112549695428,53.42404335174166,1.3600497154151823,0.876709007635334,0.9330708661417323,Fine Sand
1331,6624.0,91.83647828790974,108.60045788765538,80.56640874253421,293.8233764908628,-87.31388318114621,1.3479620052906849,0.9641786209295972,0.9019607843137255,Very Fine Sand
1332,153648.0,442.30160475570085,535.1190366069941,379.17704808630407,1559.793072687563,9.278112102144584,1.4112643138811405,0.7936020866898186,0.9543828264758497,Medium Sand
1333,4896.0,78.95429570975449,102.97021117502355,61.87911508681634,245.82337649086287,-81.40900244055238,1.6640543587372967,1.0181339372994445,0.9714285714285714,Very Fine Sand
1334,3744.0,69.0435287010191,78.12501649942757,60.25397056262604,194.9116882454314,-72.89217499740182,1.2965953242571284,1.2384256479434992,0.9629629629629629,Very Fine Sand
1335,11808.0,122.61489527880698,164.53054037829637,96.31708199182879,416.73506473629425,-73.44081923730985,1.708217659586641,0.8544096014073554,0.9111111111111111,Very Fine Sand
1336,103968.0,363.8353597261066,479.52559431377574,298.9079769016388,1467.9108216936543,-15.385053319511579,1.6042582713393845,0.606331609070506,0.8595238095238096,Medium Sand
1337,4608.0,76.59691783707508,123.99198530635562,61.15339385339535,278.9116882454314,19.229541266072808,2.027556894121116,0.7443700752011593,0.7804878048780488,Very Fine Sand
1338,1296.0,40.621650015438455,39.191835884530846,39.191835884530846,96.0,-45.00001609038752,1.0,1.7671458676442586,1.0,Silt or smaller
1339,119088.0,389.39382494259087,446.08381975631596,347.37782782592546,1514.2051942088829,-88.18712368246446,1.2841459184316537,0.6526921695522551,0.9229910714285714,Medium Sand
1340,13824.0,132.66975339699283,180.15740311460885,105.06336232483864,478.7939392393399,-68.20470300373076,1.714750024443267,0.7577855168101293,0.8888888888888888,Fine Sand
1341,1296.0,40.621650015438455,39.191835884530846,39.191835884530846,96.0,-45.00001609038752,1.0,1.7671458676442586,1.0,Silt or smaller
1342,153216.0,441.67937475746214,669.6483559378164,365.3542427938221,2958.6155826266486,-72.56905676229941,1.8328741738896805,0.21995655217973298,0.7627240143369176,Medium Sand
1343,1296.0,40.621650015438455,39.191835884530846,39.191835884530846,96.0,-45.00001609038752,1.0,1.7671458676442586,1.0,Silt or smaller
1344,1296.0,40.621650015438455,39.191835884530846,39.191835884530846,96.0,-45.00001609038752,1.0,1.7671458676442586,1.0,Silt or smaller
1345,240912.0,553.839945472731,938.2273293976448,386.9812054480357,2736.7922061357854,-24.01662704453099,2.424477768400644,0.40418914730691763,0.7913907284768212,Coarse Sand
1346,21600.0,165.83719174624105,284.44074439497314,99.31714317293637,645.58787847868,-76.51215068877865,2.8639642191448216,0.6512577135668931,0.8875739644970414,Fine Sand
1347,29808.0,194.81458967301634,256.23414135913583,154.15241390685247,788.3818177180199,-71.14684011142413,1.6622129674464057,0.6026560242662798,0.8922413793103449,Fine Sand
1348,17568.0,149.5602631781161,212.64393293703515,110.24623379588499,536.7350647362944,-71.77680883464797,1.9288090451301405,0.7663236869038688,0.8970588235294118,Fine Sand
1349,1728.0,46.905841142680316,53.665631459994955,39.191835884530846,120.0,0.0,1.3693063937629155,1.5079644737231006,1.0,Silt or smaller
1350,2592.0,57.4476883778063,67.93592979450379,48.58713248336697,160.97056274847716,72.70388165253863,1.398228838010981,1.2570482174865225,0.9473684210526315,Silt or smaller
1351,1296.0,40.621650015438455,39.191835884530846,39.191835884530846,96.0,-45.00001609038752,1.0,1.7671458676442586,1.0,Silt or smaller
1352,244224.0,557.6339790340976,632.6312734404153,504.47853440605303,2246.8510806388313,83.46305385214747,1.2540301128674238,0.6079244725068551,0.9390919158361019,Coarse Sand
1353,6336.0,89.81784764422932,135.18282890384813,65.37659089705974,317.82337649086287,56.58044989297538,2.0677558595354637,0.7882307225933133,0.8301886792452831,Very Fine Sand
1354,55584.0,266.02959770401355,504.91993611146967,242.80678949322163,1616.0285706997456,-55.04624655849195,2.079513250701605,0.26746169434338807,0.6097946287519748,Medium Sand
1355,2592.0,57.4476883778063,81.97560612767678,39.191835884530846,168.0,0.0,2.091650066335189,1.1540544441758422,1.0,Silt or smaller
1356,1296.0,40.621650015438455,39.191835884530846,39.191835884530846,96.0,-45.00001609038752,1.0,1.7671458676442586,1.0,Silt or smaller
1357,2016.0,50.66409894773703,57.37097324805089,42.54745250054008,129.94112549695427,45.00001609038752,1.3483997249264839,1.5004003042392393,1.0,Silt or smaller
1358,184464.0,484.63064222150365,596.7830607579058,446.9536274344641,2581.14545315406,-31.16162385762447,1.3352236655589307,0.34793372647207915,0.789279112754159,Medium Sand
1359,88992.0,336.61273529840133,512.705376894307,237.6492157590881,1455.0580079512686,19.27203578842387,2.1574040345836925,0.5282022128905216,0.8512396694214877,Medium Sand
1360,30528.0,197.15338399752372,341.4082943896244,125.16063818442373,836.3818177180199,-52.25363531085481,2.727760894655719,0.5484020265361694,0.828125,Fine Sand
1361,8064.0,101.32819789547406,138.8587555793502,79.18436945699084,341.8233764908628,10.322138972362072,1.753613200832162,0.8672750717890013,0.8888888888888888,Very Fine Sand
1362,1728.0,46.905841142680316,53.665631459994955,39.191835884530846,120.0,0.0,1.3693063937629155,1.5079644737231006,1.0,Silt or smaller
1363,1636992.0,1443.7045919491645,2491.2460249496053,1204.9200618600853,13686.872718924356,-4.736354865607148,2.067561246431373,0.10981153539459394,0.6672144617912901,Very Coarse Sand
1364,336816.0,654.8644520047783,1114.215139660213,478.76300692269183,3354.262335608374,48.86184721658874,2.327279099573645,0.3761911086579374,0.7781104457751165,Coarse Sand
1365,11376.0,120.35104096312259,175.03289655469487,89.72843954297802,440.73506473629425,85.71723575635134,1.950695871300178,0.7359431019655861,0.8876404494382022,Very Fine Sand
1366,3312.0,64.93819655767211,80.00737930564563,52.2274976058585,184.97056274847716,-83.83878165895713,1.5319014498728536,1.2164519430623792,1.0,Very Fine Sand
1367,12384.0,125.56989496690778,195.26103382159567,95.378347425772,481.7056274847714,-57.7941835110866,2.0472260118949657,0.6706676639431983,0.819047619047619,Fine Sand
1368,7737696.0,3138.7801025779254,6861.611239764117,3517.776432191291,60721.60342539286,-39.896677430332545,1.950553530626131,0.026371514083077325,0.40408491694052356,Very Coarse Sand
1369,1296.0,40.621650015438455,39.191835884530846,39.191835884530846,96.0,-45.00001609038752,1.0,1.7671458676442586,1.0,Silt or smaller
1370,1728.0,46.905841142680316,53.665631459994955,39.191835884530846,120.0,0.0,1.3693063937629155,1.5079644737231006,1.0,Silt or smaller
1371,1296.0,40.621650015438455,39.191835884530846,39.191835884530846,96.0,-45.00001609038752,1.0,1.7671458676442586,1.0,Silt or smaller
1372,8784.0,105.75507628929057,127.2786269234809,87.87420210814629,324.8528137423857,82.56882378194537,1.448418578718243,1.045993354955355,0.953125,Very Fine Sand
1373,65376.0,288.5122328023649,453.3085510086937,255.32660471153446,1604.881384442131,82.17847675666081,1.7754066464042686,0.3189644853676969,0.7071651090342679,Medium Sand
1374,31536.0,200.3818412001649,262.1406028470623,168.1949426020616,826.4406922210658,-82.26131598724773,1.5585522298804795,0.5802205219095149,0.8295454545454546,Fine Sand
1375,8352.0,103.12175656779746,149.69496318011386,71.64676311165994,337.7056274847714,59.62296784878876,2.089347190002394,0.9202879896258122,0.9666666666666667,Very Fine Sand
1376,18720.0,154.38602358193648,213.89883071624166,121.87171562875284,546.6761902332485,15.873179856177138,1.7551146269887836,0.7871461761989716,0.9090909090909091,Fine Sand
1377,64944.0,287.55741860240784,641.0678740230542,203.76495002168934,1827.9108216936543,-50.381554596479816,3.1461145499008394,0.2442524282776696,0.5759897828863346,Medium Sand
1378,429840.0,739.7900282573173,1053.0090307827359,536.8158850939114,2841.0277041479685,-68.49183286410656,1.9615832169320413,0.6692151344852229,0.9131232792903028,Coarse Sand
1379,455472.0,761.5280440795428,1459.280848147351,595.4710254092032,5920.849347535276,-43.576857108719324,2.450632836659927,0.1632689223866054,0.5878089574428544,Coarse Sand
1380,1296.0,40.621650015438455,39.191835884530846,39.191835884530846,96.0,-45.00001609038752,1.0,1.7671458676442586,1.0,Silt or smaller
1381,9504.0,110.00394826170097,151.75009696304357,83.74542674951829,375.7645019878171,40.188901388756875,1.8120404045098075,0.8458333227937079,0.8918918918918919,Very Fine Sand
1382,2304.0,54.162200020584606,53.665631459994955,53.665631459994955,144.0,-45.00001609038752,1.0,1.3962634015954636,1.0,Silt or smaller
1383,29088.0,192.44737430595515,335.5301559311535,150.62681146203914,1072.2640687119288,10.68617032616768,2.2275593081628338,0.31792173458457024,0.7481481481481481,Fine Sand
1384,196704.0,500.4511079092397,679.0309319114726,385.0216195107795,1935.5575746753798,-34.94685522039901,1.763617671065512,0.6597978057580391,0.8841423948220065,Coarse Sand
1385,2448.0,55.82911790017533,68.34367819768178,44.475331873088976,153.94112549695427,-65.09828039726953,1.5366648278803514,1.2981113960506483,0.9444444444444444,Silt or smaller
1386,689328.0,936.8455950118996,1886.2416638925279,864.8429741129437,8797.596964517888,-42.80411709278689,2.1810221281235673,0.11191998910345596,0.5077967540044553,Coarse Sand
1387,337824.0,655.8436368225368,840.7091253773809,535.7919508462749,2695.8216433873085,-6.465672298054486,1.5690962211162267,0.584141487779927,0.9054419143187958,Coarse Sand
1388,3744.0,69.0435287010191,77.50757750390491,61.87796959971993,194.9116882454314,-16.173727532864355,1.252587601133178,1.2384256479434992,1.0,Very Fine Sand
1389,65520.0,288.8298027750043,508.442611994963,196.34371605981733,1367.2935059634513,89.94485164464113,2.5895537794551204,0.4404131223928522,0.7954545454545454,Medium Sand
1390,156384.0,446.22224615528046,496.6715787529788,417.7316216712595,1561.4987001723343,10.18256596268523,1.1889729026639078,0.8059700938555385,0.9435273675065161,Medium Sand
1391,116784.0,385.60861892902665,611.7822016287355,313.9659196503786,2163.2043276571058,-24.300797265832433,1.9485624500582566,0.3136159370272839,0.7406392694063927,Medium Sand
1392,111024.0,375.97891857746055,791.7013880952661,325.0274302599511,2225.2632021601516,-70.92012363108752,2.4357986877048425,0.28175002387858794,0.5635964912280702,Medium Sand
1393,7488.0,97.64229468307727,147.22945465491335,84.03653116110151,396.8528137423857,59.113293891905975,1.751969680574611,0.597470919723798,0.7323943661971831,Very Fine Sand
1394,250560.0,564.8211224173918,712.8634000361136,455.56813618364083,2013.3809511662428,-53.54166367347551,1.564778884686431,0.7767293099995548,0.9441128594682583,Coarse Sand
1395,260784.0,576.2295561963259,758.2929788691168,462.5984125463495,2876.6744571296945,-58.70665715665465,1.6392035906373557,0.39601293556406697,0.9055,Coarse Sand
1396,37296.0,217.914529255033,352.8684723693319,138.66980998275375,821.116882454314,49.182796394954856,2.544666877478363,0.6951237982395447,0.9151943462897526,Fine Sand
1397,5760.0,85.63795757533302,114.35080261676134,63.343302257638015,259.88225099390854,-2.2415920419982,1.8052548342310772,1.0717145030280282,0.975609756097561,Very Fine Sand
1398,15984.0,142.6585464774082,194.57874970150507,113.26343693826351,525.58787847868,84.51059574024978,1.717930825351557,0.7271175944951853,0.8951612903225806,Fine Sand
1399,1296.0,40.621650015438455,39.191835884530846,39.191835884530846,96.0,-45.00001609038752,1.0,1.7671458676442586,1.0,Silt or smaller
1400,1728.0,46.905841142680316,53.665631459994955,39.191835884530846,120.0,0.0,1.3693063937629155,1.5079644737231006,1.0,Silt or smaller
1401,2716128.0,1859.6455517550726,3710.9123067214464,1430.0505234093348,21178.662325404817,89.20688864130412,2.5949518887447325,0.07609621307843428,0.6292157320612469,Very Coarse Sand
1402,2160.0,52.4423246684198,55.42562584220407,48.3189403857328,136.97056274847716,-45.00001609038752,1.1470786693528088,1.446802115179039,1.0,Silt or smaller
1403,12944160.0,4059.681808390789,10770.700474563542,4610.489791400037,103848.63370368726,42.21180056523448,2.336129340239332,0.015082806603298887,0.31309102941432576,Very Coarse Sand
1404,45072.0,239.5567839997508,459.2217733959248,194.84669935115,1520.0285706997456,-31.04293878506124,2.3568362970743566,0.24513944103271368,0.6323232323232323,Fine Sand
1405,8352.0,103.12175656779746,110.3058072821363,96.99646884204961,310.79393923934,3.6366032420524625,1.1372146697603993,1.086563888952434,0.9508196721311475,Very Fine Sand
1406,1296.0,40.621650015438455,39.191835884530846,39.191835884530846,96.0,-45.00001609038752,1.0,1.7671458676442586,1.0,Silt or smaller
1407,2016.0,50.66409894773703,57.37097324805089,42.54745250054008,129.94112549695427,45.00001609038752,1.3483997249264839,1.5004003042392393,1.0,Silt or smaller
1408,1728.0,46.905841142680316,53.665631459994955,39.191835884530846,120.0,90.00003218077504,1.3693063937629155,1.5079644737231006,1.0,Silt or smaller
1409,113472.0,380.1013517736926,425.58259451648325,352.16333895646403,1337.9696961967,63.01698916985633,1.2084806890392858,0.7965371196261023,0.928150765606596,Medium Sand
1410,2160.0,52.4423246684198,55.42562584220407,48.3189403857328,136.97056274847716,45.00001609038753,1.1470786693528088,1.446802115179039,1.0,Silt or smaller
1411,2160.0,52.4423246684198,55.42562584220407,48.3189403857328,136.97056274847716,45.00001609038752,1.1470786693528088,1.446802115179039,1.0,Silt or smaller
1412,177552.0,475.46422330898633,703.8767498674089,393.85580223476535,2105.263202160151,-71.20160417357967,1.7871432790213144,0.5034109219247244,0.8043052837573386,Medium Sand
1413,1296.0,40.621650015438455,39.191835884530846,39.191835884530846,96.0,-45.00001609038752,1.0,1.7671458676442586,1.0,Silt or smaller
1414,37584.0,218.75428007087396,340.49785642690733,152.76423743561494,867.4112549695428,-37.1213613853106,2.2289107852904113,0.6277153624201234,0.8446601941747572,Fine Sand
1415,361872.0,678.785489335477,1028.7379252279695,598.7377458043914,3802.0268375961914,-63.21941316804798,1.718177837353284,0.3145824485716809,0.7354404448346503,Coarse Sand
1416,91728.0,341.7480313907704,523.979972510696,377.1602185977717,1880.528137423857,78.6496115105989,1.389276882007279,0.325950848990492,0.6670157068062827,Medium Sand
1417,6192.0,88.79132424398303,93.2126045801675,87.94731980726158,273.9411254969543,-73.09271444923267,1.0598686211750954,1.0368748492116446,0.9347826086956522,Very Fine Sand
1418,21600.0,165.83719174624105,203.19306135321187,142.79443342760212,556.6173157302029,-11.399725880104945,1.4229760675946261,0.8760929588825153,0.9375,Fine Sand
1419,1296.0,40.621650015438455,39.191835884530846,39.191835884530846,96.0,-45.00001609038752,1.0,1.7671458676442586,1.0,Silt or smaller
1420,140832.0,423.4535057879938,874.7988288544923,254.65445929173296,2519.086578651014,-71.95522334628086,3.435238602487302,0.27888491440350427,0.6980728051391863,Medium Sand
1421,2160.0,52.4423246684198,55.42562584220407,48.3189403857328,136.97056274847716,45.00001609038753,1.1470786693528088,1.446802115179039,1.0,Silt or smaller
1422,1296.0,40.621650015438455,39.191835884530846,39.191835884530846,96.0,-45.00001609038752,1.0,1.7671458676442586,1.0,Silt or smaller
1423,86688.0,332.2267142389392,474.04762091174376,247.2465846831668,1433.9696961966997,-58.54464025579513,1.9173070540861477,0.5297718772906019,0.8865979381443299,Medium Sand
1424,57312.0,270.1331241959446,578.0098381399049,161.79707299577638,1325.1168824543142,-60.73951014922564,3.572436926315679,0.4101540969913537,0.738404452690167,Medium Sand
1425,831312.0,1028.8145179831386,1489.9713088954472,1007.0725063400969,8335.700428174108,-47.329059647459616,1.4795074828428205,0.1503452518261452,0.7105230769230769,Very Coarse Sand
1426,160704.0,452.34355063062367,667.3145512228622,327.3663196346626,2091.2043276571058,-27.897315794844133,2.0384337398165404,0.46178903094426477,0.878740157480315,Medium Sand
1427,82224.0,323.5596518824682,660.5051642996748,180.12279791561588,1456.7636354360397,-54.89001015641874,3.6669714880240143,0.4868893563287238,0.7997198879551821,Medium Sand
1428,4752.0,77.78453777314289,92.29202664270723,65.53530371530942,225.9411254969543,90.00003218077504,1.4082795289029426,1.1697571821464494,1.0,Very Fine Sand
1429,2016.0,50.66409894773703,57.37097324805089,42.54745250054008,129.94112549695427,45.00001609038752,1.3483997249264839,1.5004003042392393,1.0,Silt or smaller
1430,68976.0,296.34940667673453,467.0003081848604,225.35971919605655,1234.4406922210658,-13.127168640696672,2.0722439211888766,0.5688102459284491,0.8036912751677853,Medium Sand
1431,2592.0,57.4476883778063,64.0,50.59644256269407,153.94112549695427,90.00003218077504,1.2649110640673518,1.3744708899359803,1.0,Silt or smaller
1432,14976.0,138.0870574020382,153.2678182583765,125.79839522564208,433.7056274847714,30.53518446476402,1.218360679271489,1.0004965163477828,0.9541284403669725,Fine Sand
1433,183456.0,483.3047009071338,646.1175848069608,374.0267232989566,1884.6458864299486,87.64134529238873,1.727463693257351,0.6490561395015808,0.9238578680203046,Medium Sand
1434,73152.0,305.1884977787771,411.4405613152924,261.3084463759952,1459.1757569573601,-80.86038300237206,1.5745398475305044,0.43173857845071173,0.853781512605042,Medium Sand
1435,1296.0,40.621650015438455,39.191835884530846,39.191835884530846,96.0,-45.00001609038752,1.0,1.7671458676442586,1.0,Silt or smaller
1436,5184.0,81.24330003087691,92.78897770898541,70.66654916774247,235.8822509939086,-25.57332197392363,1.313053754595127,1.1708043566345163,0.972972972972973,Very Fine Sand
1437,2160.0,52.4423246684198,55.42562584220407,48.3189403857328,136.97056274847716,45.00001609038753,1.1470786693528088,1.446802115179039,1.0,Silt or smaller
1438,11664.0,121.86495004631536,212.83057418159314,71.57412859550263,471.7645019878171,-83.6399637732386,2.973568499651512,0.6585774506069157,0.9101123595505618,Very Fine Sand
1439,5040.0,80.10697413749455,121.74864454904053,53.801090568777,262.79393923934003,-54.53461626829173,2.2629400865657603,0.9170852543182514,0.9210526315789473,Very Fine Sand
1440,178128.0,476.23483033539776,784.7467851606604,318.8599894466508,2344.0571413994912,-65.33099159721425,2.4611014587390185,0.40738559372187894,0.8053385416666666,Medium Sand
1441,5760.0,85.63795757533302,117.67368377941266,65.90132127493952,283.88225099390854,-11.44883433875022,1.785604317225742,0.8981644615934729,0.8888888888888888,Very Fine Sand
1442,2592.0,57.4476883778063,66.51112154271688,47.91941893564593,153.94112549695427,-23.109445880672464,1.387978465098647,1.3744708899359803,1.0,Silt or smaller
1443,13104.0,129.1686145865534,221.978807013791,88.85689679957903,532.6173157302028,-27.699994239115124,2.498160694430673,0.5804745524874663,0.7777777777777778,Fine Sand
1444,1296.0,40.621650015438455,39.191835884530846,39.191835884530846,96.0,-45.00001609038752,1.0,1.7671458676442586,1.0,Silt or smaller
1445,2880.0,60.555180528483845,68.64167830116044,53.665631459994955,170.9116882454314,-45.00001609038751,1.2790621564255584,1.2389643882700019,0.9090909090909091,Silt or smaller
1446,1296.0,40.621650015438455,39.191835884530846,39.191835884530846,96.0,-45.00001609038752,1.0,1.7671458676442586,1.0,Silt or smaller
1447,698544.0,943.0874002644077,1498.03677933615,1083.6653279357943,7993.377484959134,-48.95364802867988,1.3823795416520945,0.13738615999329018,0.5472698555956679,Coarse Sand
1448,1702944.0,1472.4997939794346,3188.875087732722,1375.7967283207145,16241.106483832988,-52.47654329547084,2.317838836282912,0.08112953806574887,0.5208314982823923,Very Coarse Sand
1449,194832.0,498.06405911272225,739.6749406937615,429.770439669217,2771.9393923934,81.22298549707335,1.7210931055729888,0.31864175989028143,0.7409638554216867,Medium Sand
1450,66528.0,291.04309033567677,340.15202588862877,269.7815265077779,1311.0580079512686,-44.216590574947446,1.2608425428225978,0.4863741855803183,0.8523985239852399,Medium Sand
1451,3024.0,62.05059534991693,88.26429880659929,43.29803319584317,187.88225099390857,32.84922469658038,2.0385290575986974,1.0765151381010827,0.9130434782608695,Silt or smaller
1452,94176.0,346.2782224815454,463.24653817715205,276.1862643099883,1424.0285706997456,-25.751251285870683,1.6772975272123216,0.5835965272445014,0.8814016172506739,Medium Sand
1453,2448.0,55.82911790017533,68.34367819768178,44.47533187308896,153.94112549695427,-24.90175178350549,1.536664827880352,1.2981113960506483,0.9444444444444444,Silt or smaller
1454,5644080.0,2680.7211435822337,5381.589616160436,3333.9656557885887,49713.71555456685,68.23820580534169,1.6141706819374897,0.028697930447982464,0.4061658031088083,Very Coarse Sand
1455,509904.0,805.7480603877607,1038.385959046257,669.5995570609971,4149.673590577917,27.57197158985429,1.5507566396906465,0.3721092013167753,0.9001016776817489,Coarse Sand
1456,2736.0,59.02188911239122,66.53637880532506,51.548342602979766,160.97056274847716,77.17952468446995,1.2907568981951887,1.3268842295691072,1.0,Silt or smaller
1457,1728.0,46.905841142680316,53.665631459994955,39.191835884530846,120.0,0.0,1.3693063937629155,1.5079644737231006,1.0,Silt or smaller
1458,501120.0,798.7776916374697,1247.1445189812823,633.2990625600142,4626.4086553142115,59.33783755680604,1.9692821175826347,0.29421419100220797,0.6969757660725016,Coarse Sand
1459,1728.0,46.905841142680316,53.665631459994955,39.191835884530846,120.0,90.00003218077504,1.3693063937629155,1.5079644737231006,1.0,Silt or smaller
1460,2160.0,52.4423246684198,67.88225099390857,39.191835884530846,144.0,0.0,1.7320508075688776,1.308996938995747,1.0,Silt or smaller
1461,293328.0,611.1274901181224,911.3487261033686,528.100549624445,3885.174023853806,35.660312703108524,1.725710618463601,0.2441981853348162,0.774230330672748,Coarse Sand
1462,7920.0,100.41940646260807,142.0523859033494,71.8634678141358,334.79393923934,34.04803392148599,1.9766981781445174,0.8879323335377982,0.9016393442622951,Very Fine Sand
1463,9648.0,110.83417851730056,177.27998665778622,101.61235094070015,481.7056274847714,-58.40282340217856,1.7446696687614762,0.5224969009790033,0.7204301075268817,Very Fine Sand
1464,125856.0,400.3059281876658,788.243397553855,235.76210581467376,2087.7930726875625,-13.462614573697607,3.3433846157340987,0.36283475826661166,0.7974452554744526,Medium Sand
1465,4464.0,75.39059177177062,107.5401434531137,52.74251712993332,232.97056274847716,-2.631198640619575,2.0389649433716674,1.0335510974959958,1.0,Very Fine Sand
1466,4608.0,76.59691783707508,100.33451893940271,67.01107601880929,259.88225099390854,-76.69682490673837,1.4972826120750529,0.8573716024224225,0.8648648648648649,Very Fine Sand
1467,136080.0,416.24804774023977,810.8127689791302,281.37646768685033,2181.380951166243,-83.6697569969185,2.881594099338472,0.35936943092912577,0.7331264546159814,Medium Sand
1468,675072.0,927.1075266351017,1272.1967906210725,887.7763706442354,7304.480082063575,-72.80599911015972,1.433014926605755,0.15899422157331614,0.7480453167384714,Coarse Sand
1469,3024.0,62.05059534991693,96.0,39.191835884530846,192.0,90.00003218077504,2.4494897427831783,1.030835089459151,1.0,Silt or smaller
1470,1296.0,40.621650015438455,39.191835884530846,39.191835884530846,96.0,-45.00001609038752,1.0,1.7671458676442586,1.0,Silt or smaller
1471,114768.0,382.26581860031007,542.1320181409019,369.9584723806808,1870.5870119269025,-75.19214629305537,1.4653861409154525,0.4121685480482827,0.7568850902184235,Medium Sand
1472,11088.0,118.81784408085969,161.9980527934681,95.50611607485796,419.64675298172574,38.919394333164156,1.6962060593741828,0.7912165211898816,0.8461538461538461,Very Fine Sand
1473,2160.0,52.4423246684198,55.42562584220407,48.3189403857328,136.97056274847716,45.00001609038752,1.1470786693528088,1.446802115179039,1.0,Silt or smaller
1474,14544.0,136.08084339328664,217.07204895618045,97.78576343014271,536.7350647362944,-80.14041357001057,2.21987374584701,0.6344155112892685,0.8347107438016529,Fine Sand
1475,2304.0,54.162200020584606,53.665631459994955,53.665631459994955,144.0,-45.00001609038752,1.0,1.3962634015954636,1.0,Silt or smaller
1476,167328.0,461.5719083105528,518.3862937682725,440.63069498469054,2036.1748904055826,-13.760311382089375,1.1764643264044135,0.50716389565094,0.8796366389099167,Medium Sand
1477,159408.0,450.51589244680684,531.3917586401292,395.01965934502505,1905.734198184517,-72.97425319186709,1.3452286388004593,0.5515632502964963,0.9201995012468828,Medium Sand
1478,4464.0,75.39059177177062,103.39756544246592,56.39941056961604,242.91168824543144,-33.559229605614945,1.8333093271398322,0.9506862774968154,0.9117647058823529,Very Fine Sand
1479,94608.0,347.0715298728841,617.2753430071855,207.6423401030399,1664.0285706997454,-80.87301915843426,2.972781672085136,0.4293546475854937,0.85546875,Medium Sand
1480,65808.0,289.4638975069803,366.88333155245084,259.9158564929527,1185.2346314604056,63.06699612372581,1.4115465539610064,0.588680826343501,0.8558052434456929,Medium Sand
1481,2016.0,50.66409894773703,57.37097324805089,42.54745250054008,129.94112549695427,45.00001609038752,1.3483997249264839,1.5004003042392393,1.0,Silt or smaller
1482,6480.0,90.83277079272577,97.96552724267,85.25944668975667,276.8528137423857,4.92450901638585,1.1490284190929412,1.0623973687615433,0.9375,Very Fine Sand
1483,5760.0,85.63795757533302,105.5762759746718,70.3764872050313,259.88225099390854,-18.131222320378317,1.5001640486415757,1.0717145030280282,0.9523809523809523,Very Fine Sand
1484,4464.0,75.39059177177062,137.33653808880655,41.91894176038333,273.9411254969543,-80.6809666014181,3.276240580543478,0.7475144261758367,0.8857142857142857,Very Fine Sand
1485,8640.0,104.8846493368396,135.06177922523253,83.95186592634231,344.7350647362943,68.01313167622976,1.608800206343633,0.9135928386851269,0.9090909090909091,Very Fine Sand
1486,1728.0,46.905841142680316,53.665631459994955,39.191835884530846,120.0,0.0,1.3693063937629155,1.5079644737231006,1.0,Silt or smaller
1487,2304.0,54.162200020584606,79.23477260055091,36.30221495913145,146.48528137423858,-7.572855779995994,2.182642923847825,1.349287072933072,0.9411764705882353,Silt or smaller
1488,2592.0,57.4476883778063,66.51112154271688,47.91941893564593,153.94112549695427,23.109445880672464,1.387978465098647,1.3744708899359803,1.0,Silt or smaller
1489,34848.0,210.64152405195648,342.606576591513,142.7281488805996,877.352380466497,-16.35263566906548,2.4004135083271017,0.5689048085499,0.8491228070175438,Fine Sand
1490,37152.0,217.49343798377174,289.8153143527612,174.0521693651508,816.4995667241113,-65.9625742260002,1.66510601625853,0.7002935798661609,0.8775510204081632,Fine Sand
1491,6912.0,93.81168228536063,111.69015871385231,79.56951958177505,290.9116882454314,59.53004092171237,1.403680194387328,1.0263399928136134,0.9411764705882353,Very Fine Sand
1492,1296.0,40.621650015438455,39.191835884530846,39.191835884530846,96.0,-45.00001609038752,1.0,1.7671458676442586,1.0,Silt or smaller
1493,511344.0,806.8849990940821,879.3601407998042,778.3247205749017,3320.32121011142,-78.7212352071242,1.1298113981915847,0.5828580903501339,0.8897519418692057,Coarse Sand
1494,1296.0,40.621650015438455,39.191835884530846,39.191835884530846,96.0,-45.00001609038752,1.0,1.7671458676442586,1.0,Silt or smaller
1495,610416.0,881.5927574220759,1342.0499780405485,941.360257753917,7337.994800689337,25.149793577901452,1.4256497095412504,0.1424560746531078,0.6525554187192119,Coarse Sand
1496,1296.0,40.621650015438455,39.191835884530846,39.191835884530846,96.0,-45.00001609038752,1.0,1.7671458676442586,1.0,Silt or smaller
1497,1296.0,40.621650015438455,39.191835884530846,39.191835884530846,96.0,-45.00001609038752,1.0,1.7671458676442586,1.0,Silt or smaller
1498,2880.0,60.555180528483845,67.88225099390857,53.665631459994955,168.0,0.0,1.2649110640673518,1.282282715750936,1.0,Silt or smaller
1499,46944.0,244.48099555598895,353.81993592160495,185.67343620389445,1001.4701294725883,-56.29657778357162,1.9056034247842701,0.5881850146368719,0.8693333333333333,Fine Sand
1500,1296.0,40.621650015438455,39.191835884530846,39.191835884530846,96.0,-45.00001609038752,1.0,1.7671458676442586,1.0,Silt or smaller
1501,416592.0,728.3003559111522,1362.4386758724138,459.63970832626626,3590.1445866022823,-44.137873472776796,2.9641448534409767,0.4061597761582342,0.8049526989426823,Coarse Sand
1502,81936.0,322.9925004352582,805.1119345302167,192.9877448444152,2045.2632021601516,49.046627336481876,4.171829331335468,0.24614227658247584,0.6662763466042154,Medium Sand
1503,2304.0,54.162200020584606,53.665631459994955,53.665631459994955,144.0,-45.00001609038752,1.0,1.3962634015954636,1.0,Silt or smaller
1504,8496.0,104.00693809583063,155.54523093125982,71.1480607380055,348.8528137423857,-89.98021076277979,2.186218841635574,0.8772833911678827,0.9365079365079365,Very Fine Sand
1505,34416.0,209.33182312205986,333.73067651408456,136.55676775993686,823.5290039756342,-87.94190786143652,2.44389701066134,0.6376941876463796,0.9122137404580153,Fine Sand
1506,1296.0,40.621650015438455,39.191835884530846,39.191835884530846,96.0,-45.00001609038752,1.0,1.7671458676442586,1.0,Silt or smaller
1507,2016.0,50.66409894773703,57.37097324805089,42.54745250054008,129.94112549695427,45.00001609038752,1.3483997249264839,1.5004003042392393,1.0,Silt or smaller
1508,2160.0,52.4423246684198,55.42562584220407,48.3189403857328,136.97056274847716,-45.00001609038752,1.1470786693528088,1.446802115179039,1.0,Silt or smaller
1509,472032.0,775.2482239776034,1184.0565105719636,533.5684562300252,3741.174023853805,-0.8974740264685634,2.21912764284834,0.423804422993184,0.8610454426057262,Coarse Sand
1510,12816.0,127.74129326621774,186.31828155702627,90.03968974503786,450.6761902332485,69.11792252985965,2.0692905771290087,0.7929268680377787,0.9270833333333334,Fine Sand
1511,24048.0,174.9824693270477,208.13435251265497,150.19821991832015,590.5584412271571,-24.845814202534335,1.38573115331088,0.8664890208190251,0.9329608938547486,Fine Sand
1512,1728.0,46.905841142680316,53.665631459994955,39.191835884530846,120.0,0.0,1.3693063937629155,1.5079644737231006,1.0,Silt or smaller
1513,42624.0,232.9604308778458,325.20059867821124,179.86993348365593,897.2346314604056,-42.09734176223703,1.8079764215166119,0.6653528337875881,0.8809523809523809,Fine Sand
1514,4464.0,75.39059177177062,115.22002346739272,50.190570135942636,245.8233764908628,-58.49386083733982,2.295650819572599,0.9282985898906704,0.9393939393939394,Very Fine Sand
1515,2016.0,50.66409894773703,57.37097324805089,42.54745250054008,129.94112549695427,45.00001609038752,1.3483997249264839,1.5004003042392393,1.0,Silt or smaller
1516,13392.0,130.58033536139084,200.54323243482122,96.70630876836645,519.7645019878171,45.039576108740384,2.0737347437711406,0.6229340548850413,0.788135593220339,Fine Sand
1517,27792.0,188.11133253283717,517.6637156184688,111.08596705902141,1109.1168824543142,66.61374045123691,4.660027988444547,0.28390630220796204,0.5659824046920822,Fine Sand
1518,5760.0,85.63795757533302,103.00678634433558,76.97481384850762,276.8528137423857,3.069946930799809,1.338188183826737,0.9443532166769276,0.9302325581395349,Very Fine Sand
1519,2736.0,59.02188911239122,66.53637880532507,51.548342602979766,160.97056274847716,12.820507496305085,1.290756898195189,1.3268842295691072,1.0,Silt or smaller
1520,79632.0,318.41892441616983,608.8260527279655,233.08617016603688,1781.6164491784257,-67.58200379321075,2.612021349418859,0.3152601369570632,0.6752136752136753,Medium Sand
1521,119664.0,390.3343911074048,494.8574636435235,357.8800352567358,2053.8519471906084,73.95333029172299,1.3827467723605282,0.35647995286598255,0.8326653306613226,Medium Sand
1522,281520.0,598.700590139882,1079.3999035961283,392.4713438216161,3030.615582626648,19.318311067950585,2.7502642437169404,0.38517439934916253,0.7937474624441738,Coarse Sand
1523,185904.0,486.5185755183924,576.3075487433713,430.192268034787,1903.322076663197,-58.29163852187042,1.3396511085056713,0.644872754068901,0.8764426340801086,Medium Sand
1524,142272.0,425.6128951389526,519.9777441589906,362.563736589663,1672.7636354360397,-79.61151336902513,1.4341692002901087,0.6389400969548766,0.9418493803622497,Medium Sand
1525,1296.0,40.621650015438455,39.191835884530846,39.191835884530846,96.0,-45.00001609038752,1.0,1.7671458676442586,1.0,Silt or smaller
1526,3888.0,70.35876171402046,91.91300234460846,57.19362823873924,218.91168824543144,45.00001609038752,1.6070496867403243,1.019525798345998,0.9310344827586207,Very Fine Sand
1527,460512.0,765.7297755899788,917.6643978365639,725.7517354145341,3871.1151493507596,-21.5047640468807,1.2644329363021274,0.3861700920230984,0.8391498294410916,Coarse Sand
1528,1296.0,40.621650015438455,39.191835884530846,39.191835884530846,96.0,-45.00001609038752,1.0,1.7671458676442586,1.0,Silt or smaller
1529,2592.0,57.4476883778063,67.93592979450379,48.58713248336697,160.97056274847716,-72.70388165253863,1.398228838010981,1.2570482174865225,0.9473684210526315,Silt or smaller
1530,142848.0,426.47358943588586,572.2257719309639,339.1776681914995,1836.6458864299484,69.77199806214968,1.6870974288551497,0.5321488982923309,0.9262371615312792,Medium Sand
1531,162432.0,454.76900260508296,484.984155340282,435.95641530938326,1596.6458864299486,-49.24507916096039,1.1124601870948623,0.8006897020446114,0.9314616019818331,Medium Sand
1532,6048.0,87.75279349717744,91.09028973652057,86.52018717724852,266.9116882454314,39.996024400419344,1.0528212282979643,1.0668084868502479,0.9545454545454546,Very Fine Sand
1533,1296.0,40.621650015438455,39.191835884530846,39.191835884530846,96.0,-45.00001609038752,1.0,1.7671458676442586,1.0,Silt or smaller
1534,369072.0,685.50497099182,1521.6502502427,485.8141866289592,6314.437226013957,-55.47807958381265,3.1321651201694136,0.11631926841009463,0.5989717223650386,Coarse Sand
1535,3888.0,70.35876171402046,80.04838513623841,61.54680433215196,201.9411254969543,-27.56062725579571,1.3006099342581343,1.1980820884424095,0.9642857142857143,Very Fine Sand
1536,2880.0,60.555180528483845,74.78364958166196,48.243193874858555,170.91168824543144,47.88548523291468,1.5501388605333342,1.2389643882700012,0.9523809523809523,Silt or smaller
1537,74592.0,308.17768271061624,361.80979759073745,311.18895047905795,1556.881384442131,-59.37288386873257,1.1626691662212028,0.3867150412000988,0.7766116941529235,Medium Sand
1538,41616.0,230.18935008748457,270.1910418086121,222.89547787840598,936.4995667241114,-66.61923804737191,1.2121871846857604,0.5962865828354309,0.857566765578635,Fine Sand
1539,3168.0,63.51080914081473,80.53781101287771,50.05921953111047,184.97056274847716,-10.073516475086809,1.6088507125610618,1.1635627281466239,0.9565217391304348,Very Fine Sand
1540,2304.0,54.162200020584606,70.38361039434363,40.86743676641883,153.9411254969543,-63.93751468730511,1.7222418620631117,1.2217519021653156,0.8888888888888888,Silt or smaller
1541,18576.0,153.79108486190086,255.77529385300633,107.3232639816346,669.58787847868,-6.0798922401280056,2.383223211481671,0.5206512319380725,0.821656050955414,Fine Sand
1542,43632.0,235.69893469399608,376.05476843010655,150.30954449296425,897.2346314604056,-53.4902436580346,2.501868858019918,0.6810875291812136,0.926605504587156,Fine Sand
1543,12096.0,124.10119069983386,186.75006660901136,88.50414707854797,464.7350647362943,-35.90581861801235,2.1100713669752618,0.7037862194221113,0.8484848484848485,Very Fine Sand
1544,1296.0,40.621650015438455,39.191835884530846,39.191835884530846,96.0,-45.00001609038752,1.0,1.7671458676442586,1.0,Silt or smaller
1545,1296.0,40.621650015438455,39.191835884530846,39.191835884530846,96.0,-45.00001609038752,1.0,1.7671458676442586,1.0,Silt or smaller
1546,171792.0,467.6883234261286,512.6802348683852,431.1662818468885,1586.704760932994,-37.32010260866448,1.1890545630616893,0.8574731898791706,0.9559294871794872,Medium Sand
1547,2736.0,59.02188911239122,83.13843876330611,41.741587305747316,177.94112549695427,-71.5650767661759,1.991741189771644,1.0858586384011448,0.9047619047619048,Silt or smaller
1548,2592.0,57.4476883778063,67.93592979450378,48.58713248336697,160.97056274847716,17.296150528236417,1.3982288380109806,1.2570482174865225,0.9473684210526315,Silt or smaller
1549,91440.0,341.21111349219456,652.3588057333791,292.6361469799165,2315.4398256692884,-69.63902073513707,2.229248889673736,0.21432808500041817,0.6414141414141414,Medium Sand
1550,28944.0,191.97042840712356,207.83171333069657,202.34125699033672,785.4701294725886,-45.70087100096258,1.0271346359216404,0.5895342830603565,0.8305785123966942,Fine Sand
1551,5472.0,83.46955605962458,112.18662725646072,66.7564307960782,293.8233764908628,-5.693163702981163e-16,1.680536630233554,0.7964953825070586,0.8636363636363636,Very Fine Sand
1552,14688.0,136.7528516451122,210.83700222317714,91.58395102439874,488.7350647362943,-9.28740218876973,2.3021173455053097,0.7727260082643999,0.918918918918919,Fine Sand
1553,1728.0,46.905841142680316,53.665631459994955,39.191835884530846,120.0,90.00003218077504,1.3693063937629155,1.5079644737231006,1.0,Silt or smaller
1554,298368.0,616.3553654212325,874.0020520668081,444.9263453992772,2440.0571413994912,-57.765200853474425,1.9643746905624977,0.6297412090254971,0.9217081850533808,Coarse Sand
1555,25056.0,178.61212174117478,294.80601984262194,161.57171837000675,833.4701294725885,-51.757539645635234,1.8246140030986266,0.45325387391731653,0.725,Fine Sand
1556,13392.0,130.58033536139084,138.55960655483182,124.25492932075787,399.7645019878171,-61.58156703685498,1.11512361974105,1.0530448052065522,0.96875,Fine Sand
1557,173952.0,470.61934223507114,592.6057742436569,409.82858372794954,1841.2632021601512,-7.493410364810102,1.4459844866190146,0.644774038872902,0.9130763416477702,Medium Sand
1558,353808.0,671.1798096215786,763.5752611178058,619.799783923787,2437.14545315406,64.72885472550357,1.23197084110584,0.7485393121301159,0.9356435643564357,Coarse Sand
1559,74880.0,308.77204716387297,428.4956031609159,248.26362007755267,1462.940258945177,-37.85541804783323,1.7259701724604768,0.4396656299026016,0.8012326656394453,Medium Sand
1560,16272.0,143.9380209393285,186.91111036425846,129.1274912526312,539.6467529817256,-64.3376189796079,1.447492772848631,0.7021528501115294,0.8432835820895522,Fine Sand
1561,36576.0,215.80085631950888,331.69824301504775,154.23548822936584,850.4406922210655,-74.54949176407246,2.15059612299975,0.6355035898123869,0.8943661971830986,Fine Sand
1562,1296.0,40.621650015438455,39.191835884530846,39.191835884530846,96.0,-45.00001609038752,1.0,1.7671458676442586,1.0,Silt or smaller
1563,276048.0,592.8534640575631,905.5879285802682,423.9966637533071,2627.4398256692884,-86.19491315985668,2.135837392124303,0.5024917224604861,0.8821905200184077,Coarse Sand
1564,27360.0,186.64360140105006,240.80340852125283,192.75302497873395,871.5290039756342,-10.73088551333251,1.2492847183478453,0.452649731989749,0.7818930041152263,Fine Sand
1565,786240.0,1000.5357862928114,2177.581341363426,760.2708946816405,9198.99393413756,-75.42218242808131,2.864217684244347,0.11675737808272109,0.5793718166383701,Very Coarse Sand
1566,24480.0,176.54717232263107,367.4492900541585,102.08515069793543,860.3818177180199,-37.3560252629067,3.5994391695754215,0.41556487236712036,0.7589285714285714,Fine Sand
1567,1296.0,40.621650015438455,39.191835884530846,39.191835884530846,96.0,-45.00001609038752,1.0,1.7671458676442586,1.0,Silt or smaller
1568,311040.0,629.3078960210375,922.9204923720251,553.4524903555553,4410.761902332485,-42.42231154711216,1.667569499559234,0.200908762125205,0.6938644394474783,Coarse Sand
1569,4176.0,72.91809335695798,88.06232494715562,60.256009946327126,211.8822509939086,-79.85564464043647,1.4614695700162836,1.1689103329366746,0.9666666666666667,Very Fine Sand
1570,176976.0,474.69236529467184,752.3545086519334,357.4687542897043,2048.528137423857,15.972096604982102,2.1046720856676635,0.5299566814338427,0.8209752839011356,Medium Sand
1571,243504.0,556.8113882646359,865.5881729633371,390.83171322968667,2420.1748904055826,-20.108916631376374,2.214733717001727,0.5224232085845666,0.8463463463463463,Coarse Sand
1572,20016.0,159.64073016438823,197.96349596372275,140.4064082134973,604.6173157302028,37.52146897246024,1.4099320571088614,0.6880594986797486,0.8853503184713376,Fine Sand
1573,3168.0,63.51080914081473,72.07152646335487,55.275202087409184,177.94112549695427,40.583307185521754,1.303867263106246,1.2573100023592203,0.9565217391304348,Very Fine Sand
1574,138096.0,419.3200307280193,667.2135832625532,326.058114372624,2296.4103884177657,-74.01472797643395,2.0463026492880094,0.3290727780814956,0.8106508875739645,Medium Sand
1575,3312.0,64.93819655767211,64.86373677044891,64.32432003098062,177.94112549695427,90.00003218077504,1.0083858910472507,1.314460457011912,1.0,Very Fine Sand
1576,916128.0,1080.0233319883118,1925.7598626488698,878.8024804739623,11619.668391267252,-60.12156279259003,2.1913455019041987,0.08526652281133819,0.5960277309349822,Very Coarse Sand
1577,58608.0,273.1703191011762,359.8595493658072,280.3813774480327,1671.5575746753798,-29.477379504093395,1.2834645176550834,0.26358705966059515,0.7029360967184801,Medium Sand
1578,375408.0,691.3640943887222,1163.5725221887178,644.3016757213753,4498.526404320302,52.19084528552431,1.8059436534694011,0.23311640628885502,0.6884077105888566,Coarse Sand
1579,6768.0,92.82933393474059,166.66148924686485,59.31523055702086,358.79393923934003,-78.3599745171092,2.809758769910706,0.6606630491539228,0.8392857142857143,Very Fine Sand
1580,2160.0,52.4423246684198,55.42562584220407,48.3189403857328,136.97056274847716,-45.00001609038752,1.1470786693528088,1.446802115179039,1.0,Silt or smaller
1581,1296.0,40.621650015438455,39.191835884530846,39.191835884530846,96.0,-45.00001609038752,1.0,1.7671458676442586,1.0,Silt or smaller
1582,1728.0,46.905841142680316,53.665631459994955,39.191835884530846,120.0,90.00003218077504,1.3693063937629155,1.5079644737231006,1.0,Silt or smaller
1583,27072.0,185.65866786948118,278.63591248105763,130.27781795540585,761.4701294725885,73.80788170857821,2.1387824639220994,0.586711312333843,0.8826291079812206,Fine Sand
1584,61200.0,279.14558950087667,340.13614112851803,237.1671239768125,963.4112549695428,-40.392969396228054,1.434162270997445,0.8285865034181955,0.9444444444444444,Medium Sand
1585,200880.0,505.73546419684624,1045.9269348808525,295.94414952272206,3563.2328983568514,-45.585561285767106,3.5342037900314978,0.19881911892183685,0.7467880085653105,Coarse Sand
1586,35568.0,212.8064475694763,247.407042045504,192.6873077454157,713.4701294725885,-68.96843081280373,1.2839820377395363,0.8780469092973253,0.9536679536679536,Fine Sand
1587,3744.0,69.0435287010191,99.80169754714103,49.10898260630272,218.9116882454314,70.22972972856567,2.03224934116905,0.9817655835924427,0.896551724137931,Very Fine Sand
1588,13824.0,132.66975339699283,184.08346504422767,112.58342638821492,563.6467529817257,18.143969879533024,1.6350849405618844,0.5468013399878513,0.8,Fine Sand
1589,2304.0,54.162200020584606,70.38361039434363,40.86743676641883,153.9411254969543,-63.93751468730511,1.7222418620631117,1.2217519021653156,0.8888888888888888,Silt or smaller
1590,1728.0,46.905841142680316,53.665631459994955,39.191835884530846,120.0,90.00003218077504,1.3693063937629155,1.5079644737231006,1.0,Silt or smaller
1591,1728.0,46.905841142680316,53.665631459994955,39.191835884530846,120.0,90.00003218077504,1.3693063937629155,1.5079644737231006,1.0,Silt or smaller
1592,1871424.0,1543.6227005866613,2162.9825120958326,1757.9818092871933,16084.32682994352,53.59131447087495,1.2303782102118874,0.0909025947894076,0.6086549269389284,Very Coarse Sand
1593,4032.0,71.64985585730216,92.02521891763983,57.838020662716914,218.9116882454314,-82.00927408601946,1.5910852042168933,1.0572860130995538,0.9032258064516129,Very Fine Sand
1594,396720.0,710.7176599658501,857.3624151236402,698.9906976832849,4043.732465080963,-40.70361203284393,1.2265719958294983,0.3048801361814339,0.7842300028465699,Coarse Sand
1595,3744.0,69.0435287010191,77.64827388854063,62.44258901644713,201.9411254969543,0.0,1.24351464459759,1.1537086777593573,0.9285714285714286,Very Fine Sand
1596,13536.0,131.28050303657113,163.9900811330784,113.61151177480744,440.73506473629425,-1.7766063131241239,1.4434283865364608,0.8756791339843684,0.9591836734693877,Fine Sand
1597,1109232.0,1188.409881600483,1969.5821738807886,1026.8872571737022,10579.140253843396,15.680885770635582,1.9180120895663482,0.1245464933259756,0.6771868131868132,Very Coarse Sand
1598,3024.0,62.05059534991693,77.92242766912692,49.225152862260856,177.94112549695427,-4.447930075251497,1.5829799023106177,1.2001595477065286,0.9545454545454546,Silt or smaller
1599,227808.0,538.5667592852608,938.9840331682357,317.4594950136415,2183.586145375126,50.135920847557365,2.95780736729228,0.6003965321178143,0.9405469678953626,Coarse Sand
1600,20448.0,161.3542754647196,243.5633931594524,107.08060782219572,577.7056274847714,-7.309305834807825,2.274579852627307,0.7699233737392991,0.9403973509933775,Fine Sand
1601,136080.0,416.24804774023977,529.6838266162713,340.1971056896382,1700.8813844421315,70.57349941376296,1.5569909848072072,0.591093398004631,0.8906691800188501,Medium Sand
1602,1296.0,40.621650015438455,39.191835884530846,39.191835884530846,96.0,-45.00001609038752,1.0,1.7671458676442586,1.0,Silt or smaller
1603,20304.0,160.78512280774845,225.7646144961381,125.02916002235779,638.5584412271571,-19.011066062833788,1.8056956829572137,0.6257345974464256,0.88125,Fine Sand
1604,23904.0,174.4577830804614,246.44188406777215,137.92495255351255,649.7056274847714,77.34881916359288,1.7867824458533481,0.7116184300106104,0.8924731182795699,Fine Sand
1605,2160.0,52.4423246684198,67.88225099390857,39.191835884530846,144.0,90.00003218077504,1.7320508075688776,1.308996938995747,1.0,Silt or smaller
1606,76896.0,312.9009875854582,625.1001991824468,200.27303113245807,1624.7636354360397,69.05901760293551,3.121240017429073,0.3660439493383535,0.7406380027739251,Medium Sand
1607,1296.0,40.621650015438455,39.191835884530846,39.191835884530846,96.0,-45.00001609038752,1.0,1.7671458676442586,1.0,Silt or smaller
1608,144144.0,428.4038292736251,577.6730958711275,345.37469361176545,1785.7341981845168,-63.15715284041238,1.67259821450754,0.56803199964088,0.8780701754385964,Medium Sand
1609,12240.0,124.83770274864239,303.80001870222264,54.3890647707144,610.4406922210657,-31.5015350407473,5.585681974546521,0.41276639229223805,0.8095238095238095,Very Fine Sand
1610,1296.0,40.621650015438455,39.191835884530846,39.191835884530846,96.0,-45.00001609038752,1.0,1.7671458676442586,1.0,Silt or smaller
1611,1296.0,40.621650015438455,39.191835884530846,39.191835884530846,96.0,-45.00001609038752,1.0,1.7671458676442586,1.0,Silt or smaller
1612,150336.0,437.5085601417479,685.127640230904,454.65238528969155,2801.762768884263,-2.59862135519832,1.5069263076544956,0.24066344824491367,0.5858585858585859,Medium Sand
1613,7200.0,95.74614729634385,107.34592916972868,89.96682216621633,317.8233764908628,-6.129117926946436,1.1931724005034205,0.8957167302196746,0.9090909090909091,Very Fine Sand
1614,1728.0,46.905841142680316,53.665631459994955,39.191835884530846,120.0,90.00003218077504,1.3693063937629155,1.5079644737231006,1.0,Silt or smaller
1615,1296.0,40.621650015438455,39.191835884530846,39.191835884530846,96.0,-45.00001609038752,1.0,1.7671458676442586,1.0,Silt or smaller
1616,119664.0,390.3343911074048,597.9883090533597,320.3528923966994,2730.9688296449226,-56.00454780169764,1.8666549397433214,0.20162291685831332,0.73215859030837,Medium Sand
1617,442656.0,750.7377197892006,1725.000998331734,484.17490436618266,6715.054541744159,73.62314002659777,3.562764163892129,0.12336078669555696,0.6496196111580727,Coarse Sand
1618,76608.0,312.3144810012359,422.55333805348573,251.15455156964885,1361.9696961967,-45.03782364573522,1.682443481165841,0.5189781805341727,0.8417721518987342,Medium Sand
1619,1296.0,40.621650015438455,39.191835884530846,39.191835884530846,96.0,-45.00001609038752,1.0,1.7671458676442586,1.0,Silt or smaller
1620,5040.0,80.10697413749455,96.21054668673867,67.02460781815626,242.9116882454314,-55.14037678672439,1.4354510950331327,1.073355474593179,0.9210526315789473,Very Fine Sand
1621,539280.0,828.6329837055598,1312.1409289455737,705.2675857691715,5635.334628909515,-37.911304418444836,1.8604866513389244,0.21339525513895977,0.671146953405018,Coarse Sand
1622,46512.0,243.353483033882,263.93792264411786,233.06048245810126,827.6467529817257,-48.91008763210996,1.132486811407711,0.8532667988850842,0.9613095238095238,Fine Sand
1623,406656.0,719.5627146425961,1148.1642294322212,566.7104752799988,3575.586145375125,40.55122305262109,2.02601553970736,0.39970773888620187,0.7853170189098999,Coarse Sand
1624,1728.0,46.905841142680316,53.665631459994955,39.191835884530846,120.0,0.0,1.3693063937629155,1.5079644737231006,1.0,Silt or smaller
1625,47232.0,245.22979055761397,362.35445582161856,176.95843973434702,946.4406922210655,-22.72777666739003,2.0476811186038435,0.6626121434896366,0.8817204301075269,Fine Sand
1626,1728.0,46.905841142680316,53.665631459994955,39.191835884530846,120.0,90.00003218077504,1.3693063937629155,1.5079644737231006,1.0,Silt or smaller
1627,1296.0,40.621650015438455,39.191835884530846,39.191835884530846,96.0,-45.00001609038752,1.0,1.7671458676442586,1.0,Silt or smaller
1628,4032.0,71.64985585730216,90.95374125186626,57.77991859725044,218.9116882454314,-52.6141094819573,1.574141041732005,1.0572860130995538,0.9333333333333333,Very Fine Sand
1629,17712.0,150.17196414893561,186.30839751669032,121.53868097491025,481.7056274847714,87.2502416982862,1.5329144270962654,0.9592107286629463,0.9609375,Fine Sand
1630,600912.0,874.7027616887328,1589.9277082625176,798.7419871053929,8066.376618407356,-52.14529954274583,1.990539791233898,0.11605497174996213,0.6020776222767278,Coarse Sand
1631,173088.0,469.4491307044032,659.2542632918497,450.29062998667104,2651.9393923933994,15.334604445808457,1.4640639164784846,0.3092784320061216,0.7593177511054959,Medium Sand
1632,1296.0,40.621650015438455,39.191835884530846,39.191835884530846,96.0,-45.00001609038752,1.0,1.7671458676442586,1.0,Silt or smaller
1633,1296.0,40.621650015438455,39.191835884530846,39.191835884530846,96.0,-45.00001609038752,1.0,1.7671458676442586,1.0,Silt or smaller
1634,11232.0,119.5868996440051,199.7289023916399,101.5406112200707,539.2203461105328,32.5642595519357,1.966985425750137,0.4854387235446885,0.7222222222222222,Very Fine Sand
1635,1296.0,40.621650015438455,39.191835884530846,39.191835884530846,96.0,-45.00001609038752,1.0,1.7671458676442586,1.0,Silt or smaller
1636,2592.0,57.4476883778063,64.0,50.59644256269407,153.94112549695427,90.00003218077504,1.2649110640673518,1.3744708899359803,1.0,Silt or smaller
1637,408096.0,720.8356020954021,1506.01547158825,696.7103471442182,5038.173157302028,-78.86630561139171,2.1616091647861038,0.20203472582298854,0.5305129165106701,Coarse Sand
1638,13968.0,133.35895155879396,191.42670580429322,110.84721498978504,509.8233764908628,-10.185259104009674,1.726941951784119,0.6753122076375809,0.8290598290598291,Fine Sand
1639,1058832.0,1161.097228328025,2516.8984636210093,1060.266073127276,10335.87531857969,-60.60237650727733,2.3738366504526236,0.12454961760444101,0.5344138382149866,Very Coarse Sand
1640,1728.0,46.905841142680316,53.665631459994955,39.191835884530846,120.0,90.00003218077504,1.3693063937629155,1.5079644737231006,1.0,Silt or smaller
1641,3600.0,67.70275002573075,95.035151391472,48.950587330490734,208.97056274847716,-8.130105261189254,1.9414506867883021,1.0359579803538639,0.9615384615384616,Very Fine Sand
1642,11520.0,121.11036105696769,134.1559122866165,115.41399914458238,406.79393923934003,82.22298464760263,1.1623885601481985,0.8748093083780879,0.8791208791208791,Very Fine Sand
1643,18576.0,153.79108486190086,196.98755505716917,124.96418725303374,536.7350647362944,-25.604655575458526,1.5763520684394075,0.8102930787754022,0.9020979020979021,Fine Sand
1644,1296.0,40.621650015438455,39.191835884530846,39.191835884530846,96.0,-45.00001609038752,1.0,1.7671458676442586,1.0,Silt or smaller
1645,134928.0,414.4824064927558,492.85738126619316,385.67847212982804,1801.4987001723343,-65.04834416039253,1.2778970486594499,0.5224491666722128,0.8856332703213611,Medium Sand
1646,1262880.0,1268.049193152672,2619.8979084191724,830.1200068791518,10695.741551120173,51.43317486996857,3.1560471819836224,0.13872353562243006,0.6813767384041644,Very Coarse Sand
1647,150624.0,437.92742913202994,647.110242595537,303.7463523839691,1601.9696961967,83.54208146142557,2.13042967435381,0.737556759817602,0.9587534372135655,Medium Sand
1648,25056.0,178.61212174117478,237.6156491752838,141.53890717543464,641.4701294725885,40.03962689330475,1.6788009312574665,0.7651890182070564,0.9206349206349206,Fine Sand
1649,3312.0,64.93819655767211,64.86373677044891,64.32432003098062,177.94112549695427,90.00003218077504,1.0083858910472507,1.314460457011912,1.0,Very Fine Sand
1650,3744.0,69.0435287010191,91.8732784845262,50.910864116807915,201.9411254969543,7.913079867519072,1.8045908290563621,1.1537086777593573,1.0,Very Fine Sand
1651,1296.0,40.621650015438455,39.191835884530846,39.191835884530846,96.0,-45.00001609038752,1.0,1.7671458676442586,1.0,Silt or smaller
1652,12096.0,124.10119069983386,145.26957469584391,108.58090021812501,399.7645019878172,41.1709005574998,1.3378925244128212,0.9511372434123693,0.9438202247191011,Very Fine Sand
1653,13680.0,131.9769562157615,177.34753779309304,99.72871446928893,433.7056274847714,-9.954193767756845,1.7782996475674668,0.9139150870484555,0.95,Fine Sand
1654,12528.0,126.29784248530186,219.12750972132528,75.46548455074766,488.73506473629425,-79.58589290676156,2.9036785628000623,0.6590898305784588,0.8969072164948454,Fine Sand
1655,14256.0,134.72677146634396,221.94382944872063,103.62218547503034,601.7056274847714,72.82827642446044,2.1418562871577542,0.49481106657032337,0.7557251908396947,Fine Sand
1656,295920.0,613.8216728643828,1122.1616798434563,434.6504442827924,4171.468396369033,-31.6584285908682,2.5817566612524963,0.2137008585782635,0.723336853220697,Coarse Sand
1657,45792.0,241.4625959284638,505.3716353267202,143.1552993063076,1284.146319705837,-67.18348469235215,3.5302335140621155,0.34895582577420664,0.7082405345211581,Fine Sand
1658,14544.0,136.08084339328664,154.81422243771934,125.50649904720282,454.79393923934003,19.57788110351046,1.2335155837586858,0.8836176718843332,0.926605504587156,Fine Sand
1659,1296.0,40.621650015438455,39.191835884530846,39.191835884530846,96.0,-45.00001609038752,1.0,1.7671458676442586,1.0,Silt or smaller
1660,2783664.0,1882.6234578522765,3633.277239498969,1700.502599592964,27091.629421946185,-75.3509100638661,2.1365902294819414,0.04766026185933235,0.4591468338796257,Very Coarse Sand
1661,1105920.0,1186.6343486152384,2274.393754391521,815.9792592150957,10454.169691094918,-61.393767189134344,2.787318095044841,0.12716116135837857,0.6451612903225806,Very Coarse Sand
1662,337824.0,655.8436368225368,1630.915641106308,389.6959529823972,3763.967963093146,78.63176055720388,4.185097711753699,0.2996460294531822,0.638714946909883,Coarse Sand
1663,3168.0,63.51080914081473,72.07152646335487,55.275202087409184,177.94112549695427,40.583307185521754,1.303867263106246,1.2573100023592203,0.9565217391304348,Very Fine Sand
1664,3168.0,63.51080914081473,65.92557787522092,61.5566660930875,177.94112549695427,56.30995260843437,1.0709738206992343,1.2573100023592203,0.9565217391304348,Very Fine Sand
1665,3312.0,64.93819655767211,80.00737930564564,52.2274976058585,184.97056274847716,6.1612505218179034,1.5319014498728538,1.2164519430623792,1.0,Very Fine Sand
1666,38592.0,221.66835703460112,353.68277511087166,144.20881018256125,839.2935059634515,-28.56581603022495,2.452573977020729,0.6884611288275594,0.9115646258503401,Fine Sand
1667,2592.0,57.4476883778063,67.93592979450378,48.58713248336697,160.97056274847716,-72.70388165253863,1.3982288380109806,1.2570482174865225,0.9473684210526315,Silt or smaller
1668,47232.0,245.22979055761397,328.25879695254434,192.22096937949647,908.3818177180201,-26.55126267307044,1.707715854374203,0.7192987976337575,0.8937329700272479,Fine Sand
1669,7200.0,95.74614729634385,130.75113765185182,72.79436793287306,317.82337649086287,-45.223823255843186,1.7961710687895978,0.8957167302196741,0.9090909090909091,Very Fine Sand
1670,93168.0,344.42006605870927,421.48664605506366,310.5962818969253,1481.9696961967,-58.03561854566925,1.3570241198023694,0.5330868756269019,0.8684563758389262,Medium Sand
1671,1296.0,40.621650015438455,39.191835884530846,39.191835884530846,96.0,-45.00001609038752,1.0,1.7671458676442586,1.0,Silt or smaller
1672,40320.0,226.5767385318311,295.9721889620397,182.97857489668763,826.4406922210658,57.25644418933717,1.6175237408486207,0.7418344572359096,0.9003215434083601,Fine Sand
1673,15840.0,142.01448654487672,290.73525195820514,78.37019406882801,635.6467529817256,80.17426354005106,3.709768176698263,0.492644201620821,0.8148148148148148,Fine Sand
1674,5760.0,85.63795757533302,119.07581331261741,62.727272250104164,276.8528137423857,-68.89297680735855,1.8983100817431078,0.9443532166769276,0.9090909090909091,Very Fine Sand
1675,10512.0,115.69050995762804,139.8617653404155,101.94956132745489,382.79393923934003,-25.31899267344979,1.3718721642282428,0.9014987113442843,0.9125,Very Fine Sand
1676,160416.0,451.9380431079418,694.0447685776495,314.9971023911177,1816.7636354360397,-71.76357288118595,2.203336993607914,0.610746082746956,0.9064279902359642,Medium Sand
1677,1728.0,46.905841142680316,53.665631459994955,39.191835884530846,120.0,0.0,1.3693063937629155,1.5079644737231006,1.0,Silt or smaller
1678,3888.0,70.35876171402046,80.73804998157661,61.87749247744203,201.9411254969543,66.02365383386464,1.3048048126871068,1.1980820884424095,1.0,Very Fine Sand
1679,2736.0,59.02188911239122,66.53637880532507,51.548342602979766,160.97056274847716,-12.820507496305085,1.290756898195189,1.3268842295691072,1.0,Silt or smaller
1680,2160.0,52.4423246684198,55.42562584220407,48.3189403857328,136.97056274847716,45.00001609038753,1.1470786693528088,1.446802115179039,1.0,Silt or smaller
1681,10224.0,114.09470235454539,132.47410578280616,107.75645682272761,389.8233764908628,53.42525366422851,1.2293843885451994,0.8454636634998888,0.8875,Very Fine Sand
1682,1217088.0,1244.8472079024918,1765.1416716222573,1347.4564298762066,11616.96363033426,-68.02174463770068,1.309980517725849,0.11333044266298531,0.6533199350699544,Very Coarse Sand
1683,369072.0,685.50497099182,1064.8386763826124,654.860770100573,4062.4086553142115,4.592931061731342,1.6260535445100421,0.28103068672900217,0.6578542094455853,Coarse Sand
1684,4896.0,78.95429570975449,102.76047249086093,60.35702456684129,235.88225099390854,-78.87551637444204,1.7025437093417473,1.1057596701548216,0.9714285714285714,Very Fine Sand
1685,22176.0,168.03380655108356,183.3540168639744,159.4803515268286,566.5584412271571,-59.81219135582939,1.1496965933958934,0.8681677477877322,0.9221556886227545,Fine Sand
1686,9936.0,112.47625578978247,180.13872018134924,88.86177908719183,485.8233764908628,-38.16895672142188,2.027178861730821,0.5290109124780669,0.7666666666666667,Very Fine Sand
1687,20016.0,159.64073016438823,213.19749014997234,124.91773312190246,543.7645019878171,-80.4867108828478,1.70670316232781,0.8506784894181174,0.9205298013245033,Fine Sand
1688,16128.0,143.2997117146043,284.16412895615633,127.96154101078288,769.7056274847714,-39.6181237297357,2.2206994907337885,0.3420905326062884,0.6153846153846154,Fine Sand
1689,7632.0,98.57669199876186,170.11440762336912,65.68467639713722,389.8233764908628,1.6154286953833958,2.5898644395359054,0.6311207628942832,0.8153846153846154,Very Fine Sand
1690,51120.0,255.12351033736877,311.97155842017554,215.9366050613123,883.1757569573599,-44.47421458890817,1.4447367936140119,0.8235812120463509,0.9342105263157895,Medium Sand
1691,44496.0,238.02114776325192,366.9105816031226,172.65584630632165,1007.2935059634515,25.037491657055316,2.1250979300878066,0.5510852250018102,0.8803418803418803,Fine Sand
1692,118800.0,388.9226888657144,547.9991422000577,337.48123865218906,1781.6164491784257,-47.59569008340883,1.6237914273060676,0.4703247974495065,0.7568807339449541,Medium Sand
1693,14832.0,137.42157373393718,206.6715729034682,108.54256553980439,577.7056274847714,-43.834291196879256,1.9040601433700057,0.5584655457404775,0.8306451612903226,Fine Sand
1694,2448.0,55.82911790017533,68.34367819768178,44.475331873088955,153.94112549695427,24.901751783505492,1.5366648278803523,1.2981113960506483,0.9444444444444444,Silt or smaller
1695,5760.0,85.63795757533302,118.03135535499645,64.45928290837985,276.8528137423857,52.72232077548429,1.8310994170189894,0.9443532166769276,0.9302325581395349,Very Fine Sand
1696,1296.0,40.621650015438455,39.191835884530846,39.191835884530846,96.0,-45.00001609038752,1.0,1.7671458676442586,1.0,Silt or smaller
1697,2592.0,57.4476883778063,66.51112154271688,47.91941893564593,153.94112549695427,66.89058630010258,1.387978465098647,1.3744708899359803,1.0,Silt or smaller
1698,1728.0,46.905841142680316,53.665631459994955,39.191835884530846,120.0,90.00003218077504,1.3693063937629155,1.5079644737231006,1.0,Silt or smaller
1699,189504.0,491.20666392618523,892.2300553702601,412.8389815488516,2726.8510806388313,-30.090530403161598,2.1612059307550675,0.3202619943494031,0.643520782396088,Medium Sand
1700,2736.0,59.02188911239122,66.53637880532506,51.548342602979766,160.97056274847716,-12.82050749630509,1.2907568981951887,1.3268842295691072,1.0,Silt or smaller
1701,252432.0,566.9271600096317,870.4567807770202,571.7473988726217,3225.5272708720795,-47.25067723934305,1.5224499184314562,0.30489677875895826,0.6376864314296108,Coarse Sand
1702,1728.0,46.905841142680316,53.665631459994955,39.191835884530846,120.0,90.00003218077504,1.3693063937629155,1.5079644737231006,1.0,Silt or smaller
1703,12672.0,127.02161828162946,222.82403971681686,91.59410669977436,550.7939392393399,58.18702391214597,2.432733368394386,0.524900181236862,0.7333333333333333,Fine Sand
1704,11664.0,121.86495004631536,146.1715025054331,107.77802699803654,416.73506473629425,-6.922528160536786,1.3562272995412692,0.8439899721218997,0.9,Very Fine Sand
1705,17712.0,150.17196414893561,292.55608037458103,128.09958078043576,794.98484809835,41.73832384967538,2.283817625258475,0.35217600679920025,0.5885167464114832,Fine Sand
1706,1296.0,40.621650015438455,39.191835884530846,39.191835884530846,96.0,-45.00001609038752,1.0,1.7671458676442586,1.0,Silt or smaller
1707,81072.0,321.2850391331179,667.338730406148,226.30258954071877,1686.8225099390856,-21.7549513539053,2.948878012224749,0.3580485961352166,0.6891064871481029,Medium Sand
1708,1296.0,40.621650015438455,39.191835884530846,39.191835884530846,96.0,-45.00001609038752,1.0,1.7671458676442586,1.0,Silt or smaller
1709,10800.0,117.26460285670078,166.00956497939,95.02837647436523,423.7645019878171,-26.97747641403072,1.746947292361378,0.7557609911228504,0.8241758241758241,Very Fine Sand
1710,78480.0,316.1073227098916,464.18197435800096,302.09255330206804,1648.7636354360397,-9.24826941274775,1.5365555002405393,0.3627872853973069,0.7152230971128609,Medium Sand
1711,45072.0,239.5567839997508,270.6113017684152,221.1698844973049,898.4406922210655,-57.132043519398934,1.223544979387611,0.7016780096340794,0.871866295264624,Fine Sand
1712,5328.0,82.36395021093237,93.51504327090241,72.87789761200979,242.9116882454314,16.47897724737311,1.2831742727920263,1.1346900731413607,0.9736842105263158,Very Fine Sand
1713,18144.0,151.99229684321108,187.43778584446562,130.47338117445202,536.7350647362941,-50.04059314657491,1.4365979033979983,0.791449053687603,0.8936170212765957,Fine Sand
1714,1296.0,40.621650015438455,39.191835884530846,39.191835884530846,96.0,-45.00001609038752,1.0,1.7671458676442586,1.0,Silt or smaller
1715,10512.0,115.69050995762804,185.21863187496874,75.29447693053484,413.8233764908628,-86.67078499588595,2.459923216491001,0.7713743197351227,0.948051948051948,Very Fine Sand
1716,6624.0,91.83647828790974,103.52102245873726,81.49720783267945,269.8233764908628,-31.83388432324513,1.2702401126585163,1.1433285346948796,0.9787234042553191,Very Fine Sand
1717,1296.0,40.621650015438455,39.191835884530846,39.191835884530846,96.0,-45.00001609038752,1.0,1.7671458676442586,1.0,Silt or smaller
1718,69984.0,298.50694514323385,506.0192861877488,265.2557928512738,1641.734198184517,-6.449524996965566,1.907665354820238,0.32628937771939315,0.6731301939058172,Medium Sand
1719,1296.0,40.621650015438455,39.191835884530846,39.191835884530846,96.0,-45.00001609038752,1.0,1.7671458676442586,1.0,Silt or smaller
1720,30528.0,197.15338399752372,275.7202367024058,176.7745064121779,949.352380466497,-55.17900827692186,1.5597285055319017,0.4256506781278704,0.762589928057554,Fine Sand
1721,1728.0,46.905841142680316,53.665631459994955,39.191835884530846,120.0,90.00003218077504,1.3693063937629155,1.5079644737231006,1.0,Silt or smaller
1722,3744.0,69.0435287010191,97.52728867997078,48.46912795894421,211.88225099390854,66.03416165142882,2.012152741072241,1.0479885743570192,0.9285714285714286,Very Fine Sand
1723,2592.0,57.4476883778063,67.93592979450378,48.58713248336697,160.97056274847716,72.70388165253861,1.3982288380109806,1.2570482174865225,0.9473684210526315,Silt or smaller
1724,32400.0,203.10825007719225,332.85191547138555,129.8011370020679,833.4701294725886,64.74111948571894,2.56432203260348,0.5861041473068748,0.8687258687258688,Fine Sand
1725,1728.0,46.905841142680316,53.665631459994955,39.191835884530846,120.0,0.0,1.3693063937629155,1.5079644737231006,1.0,Silt or smaller
1726,219888.0,529.1220057914105,684.3644174051032,452.2346761103431,2284.4103884177657,-5.273190091174688,1.5132948744472692,0.5294965566984503,0.859313449634215,Coarse Sand
1727,39312.0,223.72660320719285,283.7186770912502,180.61805405899165,839.2935059634515,-7.482935305406098,1.5708212480164627,0.7013055528728496,0.9285714285714286,Fine Sand
1728,2880.0,60.555180528483845,67.88225099390857,53.665631459994955,168.0,90.00003218077504,1.2649110640673518,1.282282715750936,1.0,Silt or smaller
1729,119520.0,390.09946217182437,485.01988940066286,318.5910072115081,1346.2051942088829,18.876784667226747,1.5223903952777453,0.8287583644783044,0.9651162790697675,Medium Sand
1730,2160.0,52.4423246684198,55.42562584220407,48.3189403857328,136.97056274847716,-45.00001609038752,1.1470786693528088,1.446802115179039,1.0,Silt or smaller
1731,1296.0,40.621650015438455,39.191835884530846,39.191835884530846,96.0,-45.00001609038752,1.0,1.7671458676442586,1.0,Silt or smaller
1732,380016.0,695.5942774578278,1175.4308789997685,624.4735767813409,4171.967963093145,-66.88674612616006,1.8822748034563281,0.2743656999634524,0.6493602362204725,Coarse Sand
1733,402624.0,715.986590977408,1265.4968839863723,431.17967048689025,3682.0268375961905,-87.54574655708964,2.934964170637653,0.37319483444303203,0.878140703517588,Coarse Sand
1734,26496.0,183.67295657581948,290.0404499327077,123.43388888980994,751.5290039756343,72.57688846366509,2.3497635255713956,0.5895201946744023,0.847926267281106,Fine Sand
1735,908208.0,1075.3447542276072,1515.7018494329532,1006.8644047260741,7440.171424198474,-61.11317185378375,1.5053683915316407,0.20617181927507797,0.7278707443739181,Very Coarse Sand
1736,3888.0,70.35876171402046,77.0580081750734,63.1849268499109,194.9116882454314,-12.491582970195905,1.219563146098381,1.2860574036336336,1.0,Very Fine Sand
1737,514512.0,809.3806426155609,1717.5779427697282,496.5231429326246,4354.026837596191,80.19426965801298,3.4592102447131934,0.341054016948184,0.7342786683107275,Coarse Sand
1738,1296.0,40.621650015438455,39.191835884530846,39.191835884530846,96.0,-45.00001609038752,1.0,1.7671458676442586,1.0,Silt or smaller
1739,116784.0,385.60861892902665,611.0965796012874,325.30116402186917,2533.1454531540594,29.093295043951972,1.8785563877054094,0.22870357583461703,0.7021645021645022,Medium Sand
1740,45504.0,240.70208192624517,326.10945661479997,185.7148307699967,915.4112549695426,-14.264488600900105,1.7559688435366727,0.682381027068341,0.8901408450704226,Fine Sand
1741,1296.0,40.621650015438455,39.191835884530846,39.191835884530846,96.0,-45.00001609038752,1.0,1.7671458676442586,1.0,Silt or smaller
1742,57600.0,270.811000102923,686.0278487261926,150.98588666531887,1511.2935059634513,84.6175542543348,4.543655462625248,0.31690910364701613,0.6472491909385113,Medium Sand
1743,338112.0,656.1231355084923,1004.5216217950473,479.4296407390823,2807.5861453751254,-74.203810304495,2.095243048065385,0.5390192400834424,0.8436938555515631,Coarse Sand
1744,78336.0,315.81718283901796,551.0430011741522,217.1620871668397,1573.8519471906084,-61.77960889400732,2.5374733148093243,0.3974143130836052,0.7872648335745297,Medium Sand
1745,19296.0,156.7431984336472,269.1958931880523,98.3170577586188,693.5878784786801,-10.14178327565395,2.7380385390393123,0.5040506340120141,0.864516129032258,Fine Sand
1746,1346112.0,1309.1688317564467,2561.969702824042,1397.2400108528072,14929.341981845173,73.31831850757935,1.8335931428562087,0.07589439914853659,0.44912078408763334,Very Coarse Sand
1747,107856.0,370.5759359928214,542.047164097398,261.5303104531344,1445.1168824543142,-28.343845468479277,2.072597868897997,0.6490052716969709,0.9045893719806763,Medium Sand
1748,3744.0,69.0435287010191,81.47134156302216,57.749974520997114,194.9116882454314,-60.53260408703174,1.4107597836844115,1.2384256479434992,1.0,Very Fine Sand
1749,1296.0,40.621650015438455,39.191835884530846,39.191835884530846,96.0,-45.00001609038752,1.0,1.7671458676442586,1.0,Silt or smaller
1750,172944.0,469.25381173164476,743.0759989668625,392.2589715902807,2099.4398256692884,-42.00432205862148,1.8943505510003082,0.49306991071589223,0.80173564753004,Medium Sand
1751,8208.0,102.22891070135796,117.3013685002007,91.51789268799926,317.82337649086287,26.59071865849633,1.281731528719765,1.0211170724504286,0.95,Very Fine Sand
1752,96768.0,351.01117398870974,463.07135058274406,301.27053369613657,1479.0580079512683,-21.836226187374027,1.537061540342345,0.5558674130315238,0.8379052369077307,Medium Sand
1753,4140144.0,2295.951885754145,3795.0416308495205,2255.4486259245064,32054.477036377903,66.91005901150795,1.6826105401952733,0.05063466244497177,0.53434561201353,Very Coarse Sand
1754,18720.0,154.38602358193648,236.3105075689059,103.91221881774379,549.58787847868,36.48748298697883,2.274135902952677,0.7788277503024752,0.9154929577464789,Fine Sand
1755,106128.0,367.59538408915495,507.7129831989974,290.94410112202394,1669.8519471906088,53.179815830131716,1.7450533667498525,0.4782818597751211,0.8976857490864799,Medium Sand
1756,9360.0,109.16740419521352,152.25448524788789,92.09374375635107,406.7939392393399,-7.853874140455201,1.653255465981509,0.7107825630571968,0.8227848101265823,Very Fine Sand
1757,1087056.0,1176.4704358978288,2175.0973246631333,901.9350534214211,8251.347181155834,-44.646056575580786,2.4115897440864167,0.20063747794219625,0.6681122223205593,Very Coarse Sand
1758,46368.0,242.97648283379203,392.174281832754,181.18320765461004,1024.2640687119283,1.2876292820650785,2.1645178209912075,0.5553980518200079,0.8131313131313131,Fine Sand
1759,2880.0,60.555180528483845,74.78364958166196,48.24319387485856,170.91168824543144,42.11454694786035,1.550138860533334,1.2389643882700012,0.9523809523809523,Silt or smaller
1760,26496.0,183.67295657581948,257.81360697210334,133.73014194760592,672.4995667241113,43.055213262511224,1.9278646026795667,0.7362175422300171,0.9154228855721394,Fine Sand
1761,148032.0,434.1430597006424,953.6857279958201,273.04799129551765,2535.131167804187,16.257743164763472,3.4927403181796484,0.28944403339624364,0.7433116413593637,Medium Sand
1762,6768.0,92.82933393474059,184.87705715868555,48.91249419667422,375.7645019878171,-67.5824447805647,3.779751169819841,0.6023358510803677,0.8392857142857143,Very Fine Sand
1763,7488.0,97.64229468307727,149.05368461767532,66.3645503244345,341.82337649086287,-64.75647628652713,2.2459834940341006,0.8053268523755008,0.9122807017543859,Very Fine Sand
1764,3744.0,69.0435287010191,93.64694073431627,51.78884832307128,211.8822509939086,68.63445061757643,1.8082452838133058,1.0479885743570188,0.9285714285714286,Very Fine Sand
1765,10080.0,113.28836926591555,140.76801646020868,91.95572931635806,365.8233764908628,25.755292551878075,1.5308237725560334,0.9465149726776358,0.9459459459459459,Very Fine Sand
1766,31248.0,199.46475702209744,241.84676915733667,178.42262140191855,795.4112549695428,52.55769507683577,1.3554714489512378,0.620652667316916,0.875,Fine Sand
1767,48816.0,249.3079654078299,458.34866034225394,137.6626255560444,1025.9696961967,56.154867232758484,3.3295068904206957,0.5827777839353969,0.9287671232876712,Fine Sand
1768,2592.0,57.4476883778063,66.51112154271688,47.91941893564593,153.94112549695427,23.109445880672464,1.387978465098647,1.3744708899359803,1.0,Silt or smaller
1769,3744.0,69.0435287010191,79.61632322217237,61.34651516375175,201.9411254969543,-10.22477746140902,1.2978132989242042,1.1537086777593573,0.9629629629629629,Very Fine Sand
1770,388224.0,703.0662479562391,1510.9043303074295,434.53979760526005,4454.644153326394,-22.198953397470202,3.4770217564282775,0.24584773373206137,0.6918142160636387,Coarse Sand
1771,6768.0,92.82933393474059,122.63839072352177,82.9812920816969,341.8233764908628,47.75249233466227,1.4779040871378766,0.727891578108626,0.8392857142857143,Very Fine Sand
1772,3456.0,66.33487669849642,83.41062093766864,51.40688975995876,187.88225099390854,34.57278334219489,1.622557235560239,1.2303030149726661,1.0,Very Fine Sand
1773,1296.0,40.621650015438455,39.191835884530846,39.191835884530846,96.0,-45.00001609038752,1.0,1.7671458676442586,1.0,Silt or smaller
1774,561744.0,845.7154810086602,1696.7391530110704,640.9765616275309,5418.554975020048,-58.11217219083274,2.6471157520999014,0.24042594876973872,0.6730503795721187,Coarse Sand
1775,1296.0,40.621650015438455,39.191835884530846,39.191835884530846,96.0,-45.00001609038752,1.0,1.7671458676442586,1.0,Silt or smaller
1776,95472.0,348.65272953894316,601.9109291625388,267.85937854677553,1973.6164491784257,-36.72576823917905,2.247115379823928,0.30800684789151883,0.6710526315789473,Medium Sand
1777,84960.0,328.89881684296074,655.9505758468376,224.01060423125523,1915.6753236814711,-55.429750163254624,2.9282121625352757,0.29092467493569046,0.6916764361078547,Medium Sand
1778,143424.0,427.33255020428294,679.291196357027,334.9784680396187,2004.6458864299484,84.45208203495125,2.0278652545413327,0.44849371378834363,0.772093023255814,Medium Sand
1779,16416.0,144.57351198048843,215.01433114027066,103.28700705003826,532.6173157302028,-57.37470376048959,2.0817171228139584,0.7271879009183644,0.8702290076335878,Fine Sand
1780,1296.0,40.621650015438455,39.191835884530846,39.191835884530846,96.0,-45.00001609038752,1.0,1.7671458676442586,1.0,Silt or smaller
1781,90720.0,339.8651077977467,566.0340774821022,275.3499140132898,2257.4987001723343,-81.93231320572565,2.0556900462833725,0.22369582968898372,0.7142857142857143,Medium Sand
1782,4176.0,72.91809335695798,87.33289462028968,62.10757419904128,211.88225099390854,90.00003218077504,1.406155299841638,1.1689103329366752,1.0,Very Fine Sand
1783,317376.0,635.6852001972887,948.8486341168677,562.4499280159623,3938.9974003446687,-40.11522513374925,1.686992186955955,0.25704701086373455,0.6937362291469941,Coarse Sand
1784,4896.0,78.95429570975449,89.79501972005727,72.24082492895346,235.88225099390854,-23.86316402956244,1.2429954919308825,1.1057596701548216,0.9714285714285714,Very Fine Sand
1785,224928.0,535.151590036123,587.0396011844895,514.0874055362515,2506.2337649086285,45.24653840688477,1.1419062106221811,0.4499976360566627,0.8829847371396269,Coarse Sand
1786,125568.0,399.8476499284508,510.93610847197283,327.34788551068044,1923.5575746753798,73.35072414154963,1.560835218699778,0.42646015589560976,0.8852791878172589,Medium Sand
1787,22608.0,169.66260527108665,204.6552773547031,150.7879944438135,645.5878784786801,-12.716332233155178,1.3572385395109263,0.6816497402000145,0.8486486486486486,Fine Sand
1788,69408.0,297.2759834244572,400.3729158431021,230.19845849696998,1099.1757569573601,-5.118365354485297,1.739251072562556,0.7219134147034479,0.9323017408123792,Medium Sand
1789,2880.0,60.555180528483845,81.03332647744384,44.253813395005864,177.9411254969543,-71.5650767661759,1.831103813679221,1.1430090930538361,0.9090909090909091,Silt or smaller
1790,100944.0,358.50508030395645,427.244787230344,308.18428744000977,1243.17575695736,82.36673294633074,1.3863289098199407,0.8207772480125607,0.9498644986449865,Medium Sand
1791,6624.0,91.83647828790974,106.90223858878903,81.00518224815765,283.88225099390854,-16.073362274499807,1.3196962912977135,1.0328891308324937,0.9387755102040817,Very Fine Sand
1792,20592.0,161.92142756654067,346.54201124027725,83.97044910792127,765.5878784786798,83.54589413087187,4.126951980391237,0.441487382610386,0.8125,Fine Sand
1793,23760.0,173.93151405914762,333.1785971574483,138.05058331357986,945.2346314604055,39.54882567455228,2.413453019612659,0.33417738057091717,0.7051282051282052,Fine Sand
1794,67536.0,293.23967312291484,391.85159462674653,252.05643926217027,1359.0580079512683,-23.365877787803093,1.5546184647128645,0.45948274936856387,0.8330373001776199,Medium Sand
1795,87120.0,333.0534929066612,608.6702377765914,251.7977200300394,2223.5575746753802,-41.94863222352216,2.4172984477539243,0.22142720212719774,0.6797752808988764,Medium Sand
1796,1296.0,40.621650015438455,39.191835884530846,39.191835884530846,96.0,-45.00001609038752,1.0,1.7671458676442586,1.0,Silt or smaller
1797,209952.0,517.0291954002568,1052.389201221917,335.5107594680395,3631.894803240227,-81.51775713044022,3.136677950032081,0.2000153647252971,0.7016361886429259,Coarse Sand
1798,254016.0,568.7031002161383,643.973429596482,515.8717464471974,2010.4692629208112,-57.98182104972622,1.248320796848285,0.7897253179525066,0.9443254817987152,Coarse Sand
1799,65808.0,289.4638975069803,829.8536340247654,158.60674657404033,1922.704760932994,-16.622976694491925,5.232145869894478,0.2236986446581799,0.5748427672955975,Medium Sand
1800,1728.0,46.905841142680316,53.665631459994955,39.191835884530846,120.0,90.00003218077504,1.3693063937629155,1.5079644737231006,1.0,Silt or smaller
1801,5184.0,81.24330003087691,100.50109972988992,66.5396795384733,245.82337649086287,-78.01878340942224,1.5103935039509786,1.078024168905294,0.9473684210526315,Very Fine Sand
1802,4752.0,77.78453777314289,121.02982719393506,50.395911258305226,256.97056274847716,85.11086809158118,2.4015802903849544,0.9043146047865748,0.9705882352941176,Very Fine Sand
1803,18288.0,152.59424888938855,198.6004702392927,131.14026800554117,539.6467529817256,-32.46066781715624,1.514412569531283,0.7891452386209225,0.8758620689655172,Fine Sand
1804,4608.0,76.59691783707508,109.98181667894016,53.665631459994955,240.0,0.0,2.0493901531919194,1.0053096491487339,1.0,Very Fine Sand
1805,14688.0,136.7528516451122,240.03824487907525,82.1376650062208,532.6173157302028,-68.84512733147575,2.922389440470406,0.6506418060848523,0.8793103448275862,Fine Sand
1806,1728.0,46.905841142680316,53.665631459994955,39.191835884530846,120.0,0.0,1.3693063937629155,1.5079644737231006,1.0,Silt or smaller
1807,65232.0,288.1943128900432,431.0258153746196,209.68996355776704,1205.116882454314,-65.29077074952411,2.055538605956585,0.5644327659601255,0.8206521739130435,Medium Sand
1808,15696.0,141.36749235295613,252.44980705569526,98.53387861469574,597.5878784786801,75.3218784102074,2.5620609947048596,0.552325754881942,0.8074074074074075,Fine Sand
1809,52128.0,257.6265339361506,397.9891438480008,245.70884843351539,1299.9108216936543,-62.506340031942386,1.6197591026343925,0.3876625142763976,0.6728624535315985,Medium Sand
1810,4450608.0,2380.4810656072596,4661.473506017005,2184.880650587486,37303.53331122562,-68.48926955450733,2.1335140227286993,0.040191042362752206,0.5047194460774708,Very Coarse Sand
1811,3600.0,67.70275002573075,82.97143936285683,54.930962580822964,194.9116882454314,28.018630903238655,1.5104676026890365,1.1907938922533645,0.9615384615384616,Very Fine Sand
1812,2592.0,57.4476883778063,67.93592979450378,48.58713248336697,160.97056274847716,72.70388165253861,1.3982288380109806,1.2570482174865225,0.9473684210526315,Silt or smaller
1813,131328.0,408.91564280543184,761.6735048603601,287.7257340463592,2412.6458864299484,-67.58432751604352,2.6472206505436775,0.28351760236578044,0.6883018867924529,Medium Sand
1814,15552.0,140.71752342804092,300.02848689539843,77.22401845647751,632.7350647362944,-85.66029186050719,3.8851706100284167,0.4881488900252217,0.8120300751879699,Fine Sand
1815,1296.0,40.621650015438455,39.191835884530846,39.191835884530846,96.0,-45.00001609038752,1.0,1.7671458676442586,1.0,Silt or smaller
1816,19296.0,156.7431984336472,293.27401349990095,106.97272075445647,717.5878784786801,64.97184790155892,2.7415775856825926,0.47089813077992376,0.7570621468926554,Fine Sand
1817,311184.0,629.4535522887029,1305.5713006521928,395.24597252457136,4201.791339584008,-69.34835985370968,3.3031868542848444,0.22149205870624022,0.6862496030485868,Coarse Sand
1818,3456.0,66.33487669849642,69.28203230275508,63.245553203367585,184.97056274847716,45.00001609038752,1.0954451150103321,1.2693411579781348,1.0,Very Fine Sand
1819,1728.0,46.905841142680316,53.665631459994955,39.191835884530846,120.0,0.0,1.3693063937629155,1.5079644737231006,1.0,Silt or smaller
1820,119232.0,389.6291793460327,918.0902695552095,242.7506577061497,2227.74848353439,-66.51577756238946,3.782029998314403,0.30190505132654377,0.6287015945330297,Medium Sand
1821,11376.0,120.35104096312259,158.70598745084231,96.35443701850355,406.79393923934003,9.039145655619302,1.6471061672060312,0.8638741920233617,0.9404761904761905,Very Fine Sand
1822,6048.0,87.75279349717744,126.66702131834789,62.219135419724516,293.82337649086287,-52.94569535861256,2.035820981179888,0.8803370017183276,0.9130434782608695,Very Fine Sand
1823,11808.0,122.61489527880698,164.23959929913315,92.54913356904119,395.6467529817256,-51.82570184724738,1.7746206038397023,0.9479184945424236,0.9647058823529412,Very Fine Sand
1824,403344.0,716.6264933224695,1203.5636660522484,618.7525909319027,3847.1151493507605,-17.640691328563985,1.945145254647843,0.3424641332177759,0.6851761252446184,Coarse Sand
1825,3744.0,69.0435287010191,95.50646054656968,51.74935056411195,218.9116882454314,86.44504087955104,1.8455586303106803,0.9817655835924427,0.9629629629629629,Very Fine Sand
1826,81792.0,322.7085509294392,755.3379378111409,168.13477787720933,1760.528137423857,-42.33085903722552,4.49245508482946,0.3316154458859613,0.7696476964769647,Medium Sand
1827,4320.0,74.1646467884524,82.92443405049603,66.33504531848105,211.88225099390854,-40.629185234781595,1.2500848330225405,1.2092175857965606,0.967741935483871,Very Fine Sand
1828,3024.0,62.05059534991693,73.32121111929344,51.46665256776093,170.91168824543144,45.00001609038752,1.4246353213424716,1.3009126076835014,1.0,Silt or smaller
1829,9648.0,110.83417851730056,182.93127472010067,68.5394515205103,399.7645019878171,76.68367043605538,2.6689923928754937,0.7586451822455806,0.9054054054054054,Very Fine Sand
1830,5760.0,85.63795757533302,156.12731799230892,58.82941931150139,338.9116882454314,59.18419719921295,2.6538986755183793,0.6301722193381548,0.7407407407407407,Very Fine Sand
1831,23904.0,174.4577830804614,232.7434413124164,138.3226610051199,607.5290039756342,36.29128722596869,1.6826125207626073,0.8138538296264597,0.907103825136612,Fine Sand
1832,14976.0,138.0870574020382,251.17398279700043,80.57535455920646,577.7056274847714,11.57782136593792,3.117255694015454,0.5638875413301909,0.8666666666666667,Fine Sand
1833,13968.0,133.35895155879396,172.5764760025291,106.19319939867137,447.7645019878171,-72.89277685773818,1.62511796404816,0.8754770572166127,0.9150943396226415,Fine Sand
1834,27360.0,186.64360140105006,286.1258726144971,129.17454738048312,744.4995667241114,-84.77435176573368,2.215032902509149,0.6202932545216573,0.867579908675799,Fine Sand
1835,3888.0,70.35876171402046,78.21669333887424,63.560805876155584,201.9411254969543,8.307888681001884,1.2305805796621705,1.1980820884424095,0.9642857142857143,Very Fine Sand
1836,3693168.0,2168.475857128797,3921.2792905675396,2568.108386042846,30590.81773114986,-31.548817065312797,1.526913471362387,0.04959372792917507,0.4379535868581479,Very Coarse Sand
1837,5184.0,81.24330003087691,97.32616035588185,68.55700514772809,242.9116882454314,-60.76741768083746,1.419638447539553,1.1040227738672699,0.972972972972973,Very Fine Sand
1838,9504.0,110.00394826170097,170.09999700914906,78.99748469245971,409.7056274847714,-65.42929486463441,2.1532330766144643,0.7114959514774942,0.868421052631579,Very Fine Sand
1839,1728.0,46.905841142680316,53.665631459994955,39.191835884530846,120.0,0.0,1.3693063937629155,1.5079644737231006,1.0,Silt or smaller
1840,20448.0,161.3542754647196,298.9972786769797,93.68765341007958,689.4701294725885,-58.31918860870303,3.1914267013204056,0.5405424295553668,0.8452380952380952,Fine Sand
1841,2066400.0,1622.042599699755,4406.783190538052,1696.0301391800483,18354.67834385824,69.94986964234799,2.5982929717678993,0.0770780468140333,0.43487484089944844,Very Coarse Sand
1842,2304.0,54.162200020584606,53.665631459994955,53.665631459994955,144.0,-45.00001609038752,1.0,1.3962634015954636,1.0,Silt or smaller
1843,834480.0,1030.7729795112978,1695.3673536826964,825.8468308202928,5950.672724026139,82.95042604248508,2.0528835256275437,0.2961376770278806,0.7373711668151164,Very Coarse Sand
1844,19296.0,156.7431984336472,259.71249387577024,115.3741313466536,632.7350647362944,-79.35983789637716,2.251046147384954,0.605666215401664,0.8535031847133758,Fine Sand
1845,1296.0,40.621650015438455,39.191835884530846,39.191835884530846,96.0,-45.00001609038752,1.0,1.7671458676442586,1.0,Silt or smaller
1846,1296.0,40.621650015438455,39.191835884530846,39.191835884530846,96.0,-45.00001609038752,1.0,1.7671458676442586,1.0,Silt or smaller
1847,24912.0,178.09812895828628,299.72929059645406,114.71193260950511,682.4406922210657,27.415448406023497,2.61288676581514,0.6721847102164538,0.865,Fine Sand
1848,16992.0,147.08802243602258,156.35759074027823,152.48255097248267,525.5878784786801,83.87740367802519,1.0254130045902423,0.7729718572110975,0.8939393939393939,Fine Sand
1849,1296.0,40.621650015438455,39.191835884530846,39.191835884530846,96.0,-45.00001609038752,1.0,1.7671458676442586,1.0,Silt or smaller
1850,1296.0,40.621650015438455,39.191835884530846,39.191835884530846,96.0,-45.00001609038752,1.0,1.7671458676442586,1.0,Silt or smaller
1851,150192.0,437.29897519073097,695.2203099093203,460.69989718842396,2684.1748904055826,-0.5350633923239573,1.5090524529137863,0.26196003864470385,0.6032388663967612,Medium Sand
1852,1728.0,46.905841142680316,53.665631459994955,39.191835884530846,120.0,90.00003218077504,1.3693063937629155,1.5079644737231006,1.0,Silt or smaller
1853,15264.0,139.4084947585244,155.77525427445582,132.16705593863605,464.73506473629425,77.41629991614703,1.1786239253659463,0.8881111816517119,0.9217391304347826,Fine Sand
1854,4320.0,74.1646467884524,87.63560920082658,64.95290601659019,218.9116882454314,45.00001609038752,1.349217680552165,1.1328064426066646,1.0,Very Fine Sand
1855,14832.0,137.42157373393718,202.12851105526266,98.53719514788637,488.73506473629425,-73.67646055619976,2.0512915021774734,0.7803017534434628,0.9279279279279279,Fine Sand
1856,385056.0,700.1917781133558,1060.8379865978845,496.5594346417113,4167.850214087053,-48.60640860970266,2.1363766602548275,0.27855409900094397,0.8159902349710101,Coarse Sand
1857,671184.0,924.4338865454497,1484.2420667404858,822.781536885695,7381.450644812052,-62.094363313794034,1.8039321499100245,0.1547989528608968,0.5900746929991139,Coarse Sand
1858,2592.0,57.4476883778063,81.97560612767678,39.191835884530846,168.0,90.00003218077504,2.091650066335189,1.1540544441758422,1.0,Silt or smaller
1859,74016.0,306.98550151940043,478.19837680145815,225.52851076141926,1277.1168824543142,-45.98804561883649,2.1203455615743936,0.5702616721408914,0.8056426332288401,Medium Sand
1860,5616.0,84.56070767935114,88.67011718910561,81.0776581373144,245.82337649086287,-63.58312575540433,1.0936442816211156,1.1678595163140688,0.975,Very Fine Sand
1861,1296.0,40.621650015438455,39.191835884530846,39.191835884530846,96.0,-45.00001609038752,1.0,1.7671458676442586,1.0,Silt or smaller
1862,1131840.0,1200.4596812525801,2075.5085805235467,1065.1902664101751,9951.87531857969,-72.34079055936213,1.9484862432307715,0.1436101214413662,0.6277453877485824,Very Coarse Sand
1863,1296.0,40.621650015438455,39.191835884530846,39.191835884530846,96.0,-45.00001609038752,1.0,1.7671458676442586,1.0,Silt or smaller
1864,1296.0,40.621650015438455,39.191835884530846,39.191835884530846,96.0,-45.00001609038752,1.0,1.7671458676442586,1.0,Silt or smaller
1865,7632.0,98.57669199876186,146.62455537037124,68.16594021223779,334.79393923934,26.71732302016375,2.1509943956446422,0.8556438850455147,0.9137931034482759,Very Fine Sand
1866,38736.0,222.08153233635,249.79146380361226,207.0498767369873,810.6761902332485,21.09312270123497,1.2064313572179473,0.7406786057604854,0.890728476821192,Fine Sand
1867,6912.0,93.81168228536063,124.99252548171899,74.23522461541975,324.8528137423857,39.20392631276871,1.683736071780622,0.8230767383255253,0.8727272727272727,Very Fine Sand
1868,1728.0,46.905841142680316,53.665631459994955,39.191835884530846,120.0,90.00003218077504,1.3693063937629155,1.5079644737231006,1.0,Silt or smaller
1869,2880.0,60.555180528483845,67.88225099390857,53.665631459994955,168.0,90.00003218077504,1.2649110640673518,1.282282715750936,1.0,Silt or smaller
1870,24480.0,176.54717232263107,201.7534263757551,161.94258134142828,615.7645019878171,12.663398817900047,1.2458330891391218,0.8113196225316551,0.918918918918919,Fine Sand
1871,2880.0,60.555180528483845,67.88225099390857,53.665631459994955,168.0,0.0,1.2649110640673518,1.282282715750936,1.0,Silt or smaller
1872,162432.0,454.76900260508296,582.2461280499094,361.1971186877665,1744.7636354360397,-79.52622891015238,1.6119899576309376,0.6705146230162045,0.9447236180904522,Medium Sand
1873,13968.0,133.35895155879396,209.4359924364031,89.51359495641174,508.6173157302029,70.34973208462526,2.339711554858087,0.6785186781381466,0.8508771929824561,Fine Sand
1874,3024.0,62.05059534991693,79.72673034947627,47.251557564504616,177.94112549695427,-15.818023655270224,1.687282588317618,1.2001595477065286,0.9545454545454546,Silt or smaller
1875,15984.0,142.6585464774082,209.47549431966132,104.71200776189058,519.7645019878171,89.43589192938829,2.0004916226608627,0.7435019364756944,0.9173553719008265,Fine Sand
1876,5040.0,80.10697413749455,105.69813677425702,60.56025675950346,242.9116882454314,-76.10738098758966,1.74533831971692,1.073355474593179,0.9722222222222222,Very Fine Sand
1877,40608.0,227.38450130254148,259.01906028960525,220.40795567029897,847.5290039756344,-25.295526001575066,1.175180176694998,0.710415331655479,0.9245901639344263,Fine Sand
1878,91440.0,341.21111349219456,418.13183600084596,343.8327791145372,1655.793072687563,27.6826116062102,1.2160906737212462,0.41911572803981295,0.7687651331719129,Medium Sand
1879,348768.0,666.3821797873899,1252.8813064577434,399.43375575443645,3614.144586602283,-36.949877276532426,3.136643532020335,0.3355331617217401,0.796972688384337,Coarse Sand
1880,290736.0,608.421377236305,763.3028279467869,539.2570938970695,2654.8510806388313,-0.9032416158337921,1.4154710927038487,0.5183562566129813,0.8925729442970822,Coarse Sand
1881,103824.0,363.58330887512363,495.0837657609924,372.7299867466447,2098.2337649086285,-82.80308800107555,1.3282638461217102,0.29634655157293754,0.7487019730010385,Medium Sand
1882,6192.0,88.79132424398303,120.41234037434366,66.95995211020383,283.88225099390854,-20.456839798020933,1.7982739918357016,0.9655267962129834,0.9347826086956522,Very Fine Sand
1883,223920.0,533.9511202882692,603.4252981321947,520.4402988755221,3546.7619023324855,-30.01469881661733,1.1594515248645663,0.223685936330895,0.8562775330396476,Coarse Sand
1884,87984.0,334.7009233688765,396.09157774674264,299.0516948794018,1250.2051942088826,-51.03981118805543,1.3244920009782055,0.7073770548237049,0.9092261904761905,Medium Sand
1885,289872.0,607.5166609332382,704.761045061466,566.9551901146006,2980.9099551418767,-62.33360719778659,1.2430630451041647,0.40993822484704057,0.8384006663890046,Coarse Sand
1886,60480.0,277.4986984934932,762.5825183497366,240.9336885933775,1808.528137423857,-76.88290440558488,3.1651136991338022,0.2323652105628968,0.4827586206896552,Medium Sand
1887,1296.0,40.621650015438455,39.191835884530846,39.191835884530846,96.0,-45.00001609038752,1.0,1.7671458676442586,1.0,Silt or smaller
1888,3600.0,67.70275002573075,74.88946717884127,62.764191269140525,194.9116882454314,78.69982991311814,1.1931877980822867,1.1907938922533645,0.9615384615384616,Very Fine Sand
1889,11520.0,121.11036105696769,263.02765551563414,77.11687515679613,601.7056274847714,-59.00556528466396,3.4107665148625275,0.3998473265214734,0.6896551724137931,Very Fine Sand
1890,46080.0,242.22072211393538,518.3730797924311,172.32998910958528,1248.999133448223,-66.80701376661042,3.008025953409628,0.3711915321899045,0.6639004149377593,Fine Sand
1891,163008.0,455.574617058709,536.2729490461021,428.32968172035646,1754.704760932994,-86.62411212140758,1.252009776423149,0.6652895075190979,0.90199203187251,Medium Sand
1892,2592.0,57.4476883778063,67.93592979450379,48.58713248336697,160.97056274847716,72.70388165253863,1.398228838010981,1.2570482174865225,0.9473684210526315,Silt or smaller
1893,6768.0,92.82933393474059,130.8477652142658,65.55937151252866,300.8528137423857,-73.1653327298351,1.9958666807728664,0.9396412173254625,0.9215686274509803,Very Fine Sand
1894,74592.0,308.17768271061624,939.458342505069,208.2753988595224,2223.55757467538,89.10203986523587,4.510654391490158,0.18958560446593134,0.4850187265917603,Medium Sand
1895,8352.0,103.12175656779746,185.13909920411243,61.49778597266919,392.73506473629425,-64.8629358159209,3.010500236323822,0.6804574809452872,0.8529411764705882,Very Fine Sand
1896,109008.0,372.54972324844186,444.40046299001256,332.8733581004636,1438.0874452027915,66.08311090439587,1.3350436500114535,0.6623654119923467,0.902264600715137,Medium Sand
1897,102240.0,360.79912839933945,447.10223919290297,321.0612374589532,1480.7636354360397,-53.10050006706319,1.392576203628642,0.5859481992007634,0.8637469586374696,Medium Sand
1898,5328.0,82.36395021093237,124.73194562820362,67.43014263452422,314.91168824543144,-83.10297263039354,1.8497950731657047,0.6751441669180009,0.8222222222222222,Very Fine Sand
1899,1728.0,46.905841142680316,53.665631459994955,39.191835884530846,120.0,90.00003218077504,1.3693063937629155,1.5079644737231006,1.0,Silt or smaller
1900,1728.0,46.905841142680316,53.665631459994955,39.191835884530846,120.0,90.00003218077504,1.3693063937629155,1.5079644737231006,1.0,Silt or smaller
1901,2592.0,57.4476883778063,81.97560612767678,39.191835884530846,168.0,90.00003218077504,2.091650066335189,1.1540544441758422,1.0,Silt or smaller
1902,19728.0,158.48807443632876,200.41281417763236,142.46235765880874,632.7350647362944,18.85839439966434,1.4067773232955507,0.6192259067912534,0.8616352201257862,Fine Sand
1903,4752.0,77.78453777314289,101.0642796188543,59.552836294687665,235.88225099390854,-88.03494370526732,1.6970523304507934,1.0732373269149738,0.9428571428571428,Very Fine Sand
1904,9360.0,109.16740419521352,151.1885861375722,83.4290518224563,382.79393923934003,-52.70652629605542,1.8121815223228668,0.8027043320188831,0.8666666666666667,Very Fine Sand
1905,21888.0,166.93911211924916,183.68448372860436,155.22293651984432,549.5878784786801,66.65465244763847,1.1833591597149136,0.9106293695844322,0.9212121212121213,Fine Sand
1906,482544.0,783.8329559763894,1177.0078268038574,798.8913514877881,4423.6147160748715,65.98091547825051,1.4733015004003946,0.309879035553107,0.67046818727491,Coarse Sand
1907,1376496.0,1323.8614505943483,3255.3942737861134,1245.3972026348242,14319.607783660655,61.78787218840709,2.6139405700437095,0.08435728082744165,0.4278488944588667,Very Coarse Sand
1908,2736.0,59.02188911239122,66.53637880532506,51.548342602979766,160.97056274847716,-77.17952468446995,1.2907568981951887,1.3268842295691072,1.0,Silt or smaller
1909,811152.0,1016.2631564663832,1560.5911373457204,904.4950830849365,9363.30259200266,-48.806977733309836,1.725372715154023,0.11626633699623456,0.6396774926186691,Very Coarse Sand
1910,1799712.0,1513.758398006237,2088.410586165668,1579.181840309131,14849.386570998344,-38.50046563474474,1.322463653556739,0.10256421251178913,0.6891265990295545,Very Coarse Sand
1911,27792.0,188.11133253283717,340.1260444092022,171.96434223627006,1055.2935059634513,-31.809822968758027,1.9778870432446207,0.31360511238331923,0.6390728476821192,Fine Sand
1912,2304.0,54.162200020584606,53.665631459994955,53.665631459994955,144.0,-45.00001609038752,1.0,1.3962634015954636,1.0,Silt or smaller
1913,1728.0,46.905841142680316,53.665631459994955,39.191835884530846,120.0,90.00003218077504,1.3693063937629155,1.5079644737231006,1.0,Silt or smaller
1914,45072.0,239.5567839997508,365.98995038951955,177.76268816305685,973.3523804664972,-25.619932475490454,2.058868225787669,0.5978283456384119,0.8505434782608695,Fine Sand
1915,37440.0,218.33480839042704,353.4300701206974,141.33755547529938,932.3818177180199,-22.360609533279113,2.5006097560705585,0.5412004044590668,0.87248322147651,Fine Sand
1916,2592.0,57.4476883778063,81.97560612767678,39.191835884530846,168.0,90.00003218077504,2.091650066335189,1.1540544441758422,1.0,Silt or smaller
1917,199584.0,504.1014196532507,861.068919659398,342.25191784070944,2557.1454531540594,-86.04443970641442,2.5158921682366024,0.3835524159607197,0.7804054054054054,Coarse Sand
1918,1296.0,40.621650015438455,39.191835884530846,39.191835884530846,96.0,-45.00001609038752,1.0,1.7671458676442586,1.0,Silt or smaller
1919,1296.0,40.621650015438455,39.191835884530846,39.191835884530846,96.0,-45.00001609038752,1.0,1.7671458676442586,1.0,Silt or smaller
1920,123552.0,396.62487596105075,586.1483331734938,311.12621539139514,2209.4987001723343,-60.135108501817506,1.8839567486658826,0.3180329686654807,0.8370731707317073,Medium Sand
1921,30816.0,198.0811697526011,396.9431790287164,124.90400940608572,1104.4995667241114,-79.5042896028704,3.1779858862511103,0.31743516075847467,0.7670250896057348,Fine Sand
1922,69840.0,298.19968109356483,480.809449014404,212.36439965431526,1298.2051942088829,-76.65272691207103,2.2640774527042242,0.5207477592022534,0.8248299319727891,Medium Sand
1923,6912.0,93.81168228536063,143.78908567464276,68.605384926041,334.79393923934,68.73598460801705,2.0958862898248065,0.7749227638148056,0.8727272727272727,Very Fine Sand
1924,257040.0,572.0782224300503,865.1068232479472,443.77220694093603,2838.116015902537,-76.51483083505912,1.9494389457406665,0.40100546155661787,0.7975871313672922,Coarse Sand
1925,1728.0,46.905841142680316,53.665631459994955,39.191835884530846,120.0,0.0,1.3693063937629155,1.5079644737231006,1.0,Silt or smaller
1926,3024.0,62.05059534991693,96.0,39.191835884530846,192.0,0.0,2.4494897427831783,1.030835089459151,1.0,Silt or smaller
1927,103104.0,362.3204245145093,463.44521527074585,332.31683152424023,1689.734198184517,-14.851683273823243,1.3945884508619621,0.453783385510332,0.8044943820224719,Medium Sand
1928,77184.0,313.4863968672944,740.2234029050458,154.97926305913612,1664.0285706997456,-75.12283131461766,4.776273859442702,0.35028019955224443,0.7712230215827338,Medium Sand
1929,56880.0,269.1131087564039,593.736853363585,141.21570598590614,1330.940258945177,-39.83547040912004,4.204467549968148,0.40350816555895586,0.7852882703777336,Medium Sand
1930,16992.0,147.08802243602258,206.05539677959058,107.95936014835296,505.7056274847713,-66.77207226136443,1.908638551547901,0.8349467728480162,0.9147286821705426,Fine Sand
1931,682992.0,932.5301191584957,1738.8807263116614,863.9042402954683,6619.554108468272,-72.97451367849388,2.0128165197070196,0.195870038125262,0.5959291368262345,Coarse Sand
1932,222048.0,531.7144858186143,749.4350958956993,402.8938285782259,2584.4103884177657,5.901089687076454,1.8601304927910776,0.4177666558143107,0.8658057271195957,Coarse Sand
1933,236736.0,549.0187946349592,768.7155767499497,459.9183530210012,2713.4987001723343,-32.80336577393319,1.6714174846482979,0.404031228072061,0.8422131147540983,Coarse Sand
1934,2016.0,50.66409894773703,57.37097324805089,42.54745250054008,129.94112549695427,-45.00001609038752,1.3483997249264839,1.5004003042392393,1.0,Silt or smaller
1935,4320.0,74.1646467884524,88.24081010429425,62.367615251329596,218.9116882454314,43.47482721308464,1.4148498343042397,1.1328064426066646,0.9375,Very Fine Sand
1936,277200.0,594.0892204042984,691.3177737763228,528.8612720793371,2260.909955141877,82.51677957497238,1.30718169447018,0.6814540198019452,0.9219348659003831,Coarse Sand
1937,2880.0,60.555180528483845,67.88225099390857,53.665631459994955,168.0,0.0,1.2649110640673518,1.282282715750936,1.0,Silt or smaller
1938,7200.0,95.74614729634385,109.63963832930625,100.7293130474884,345.9411254969543,47.18532593763647,1.0884581162349147,0.7560281605144269,0.847457627118644,Very Fine Sand
1939,17712.0,150.17196414893561,192.62954666427635,132.1239275505837,583.5290039756342,-42.185899881041024,1.4579459620629887,0.6536609984801279,0.8723404255319149,Fine Sand
1940,7488.0,97.64229468307727,118.42966077934702,80.61172226925451,300.8528137423857,-71.24143308906207,1.469136962286642,1.0396030489558308,0.9454545454545454,Very Fine Sand
1941,123120.0,395.93086864728446,563.8676496560277,299.08517443899154,1583.793072687563,-46.28438096364958,1.8853079251210005,0.6167960626035828,0.9028511087645196,Medium Sand
1942,24912.0,178.09812895828628,211.30318638142586,155.56097290185127,597.5878784786801,55.77335884785601,1.3583303218008558,0.8766271155465686,0.9251336898395722,Fine Sand
1943,296208.0,614.1202969019287,913.4437800780513,643.3978289200304,4262.644153326395,63.16165099330974,1.4197184681386072,0.2048559061612231,0.6021662763466042,Coarse Sand
1944,6336.0,89.81784764422932,163.30562204851643,51.37547174093203,331.88225099390854,1.6694837418571389,3.17866905187767,0.7228646357194041,0.9565217391304348,Very Fine Sand
1945,6480.0,90.83277079272577,174.86589291984896,48.30403185391374,345.9411254969543,2.704411777130976,3.620109672184244,0.6804253444629841,0.9375,Very Fine Sand
1946,1296.0,40.621650015438455,39.191835884530846,39.191835884530846,96.0,-45.00001609038752,1.0,1.7671458676442586,1.0,Silt or smaller
1947,260064.0,575.4335486935092,802.089233122523,464.7264672141805,2533.1454531540594,-86.64458908185188,1.7259383523617144,0.5092955091952137,0.8616412213740458,Coarse Sand
1948,5328.0,82.36395021093237,104.64931093732771,65.08253026103202,249.9411254969543,-80.47833238622286,1.6079477936337425,1.071762698663801,0.9736842105263158,Very Fine Sand
1949,9936.0,112.47625578978247,146.81992696126898,88.22547893916004,365.82337649086287,88.65669868113399,1.6641442894576457,0.9329933302108121,0.9452054794520548,Very Fine Sand
1950,67104.0,292.30030176157595,447.958796484844,243.4888128216939,1529.9696961967,-34.46722354784414,1.839751039456925,0.36024056489057726,0.7385103011093502,Medium Sand
1951,81936.0,322.9925004352582,526.414891044024,227.8558389539225,1568.0285706997456,-52.685816186748035,2.3102980088672505,0.4187710773932511,0.81169757489301,Medium Sand
1952,11664.0,121.86495004631536,169.25793720874356,89.69830743740897,413.8233764908628,64.97483223381995,1.8869691306812104,0.8559084917608895,0.9204545454545454,Very Fine Sand
1953,3600.0,67.70275002573075,83.05465507593505,54.3999804247893,194.9116882454314,-59.746084863962814,1.526740532393431,1.1907938922533645,0.9615384615384616,Very Fine Sand
1954,8784.0,105.75507628929057,117.71313306767077,97.04468823637447,331.88225099390854,-34.60692734628907,1.2129786308443136,1.0021532449746282,0.9242424242424242,Very Fine Sand
1955,14112.0,134.04460621488136,166.3080671248353,111.61841861433965,457.7056274847714,-83.76544434248373,1.4899697486259644,0.8464979829455366,0.8990825688073395,Fine Sand
1956,5328.0,82.36395021093237,106.97192671985464,63.56434100603006,252.8528137423857,-40.922068129173894,1.6828920905465958,1.0472213761144604,0.9487179487179487,Very Fine Sand
1957,1728.0,46.905841142680316,53.665631459994955,39.191835884530846,120.0,0.0,1.3693063937629155,1.5079644737231006,1.0,Silt or smaller
1958,2160.0,52.4423246684198,55.42562584220407,48.3189403857328,136.97056274847716,45.00001609038752,1.1470786693528088,1.446802115179039,1.0,Silt or smaller
1959,1296.0,40.621650015438455,39.191835884530846,39.191835884530846,96.0,-45.00001609038752,1.0,1.7671458676442586,1.0,Silt or smaller
1960,1728.0,46.905841142680316,53.665631459994955,39.191835884530846,120.0,0.0,1.3693063937629155,1.5079644737231006,1.0,Silt or smaller
1961,18144.0,151.99229684321108,179.89505883888657,143.51239884302703,532.6173157302028,73.66833434674014,1.2535157957721457,0.8037339957518764,0.8936170212765957,Fine Sand
1962,9504.0,110.00394826170097,160.55853219578515,94.93207168814338,413.82337649086287,-18.421399626967336,1.6912991504412542,0.6974069192125765,0.7857142857142857,Very Fine Sand
1963,42624.0,232.9604308778458,388.3551201014358,171.31179449194752,1113.2346314604058,-57.15552570663434,2.2669491102650863,0.4322058597153741,0.7728459530026109,Fine Sand
1964,19872.0,159.06544638285573,356.30767268024374,76.24160214538287,769.7056274847714,84.98535724584053,4.67340221944459,0.42150440624703395,0.8414634146341463,Fine Sand
1965,9936.0,112.47625578978247,177.0057631568452,78.49269696321821,416.7350647362943,-70.60319696717333,2.2550602795542924,0.7189544206964331,0.8734177215189873,Very Fine Sand
1966,7056.0,94.78385003602305,154.10304573884818,63.23077186784442,348.8528137423857,-64.53209820749197,2.4371526898474607,0.7285912909699365,0.875,Very Fine Sand
1967,2016.0,50.66409894773703,57.37097324805089,42.54745250054008,129.94112549695427,-45.00001609038752,1.3483997249264839,1.5004003042392393,1.0,Silt or smaller
1968,32976.0,204.905703256856,384.0793425294911,115.39638927452609,850.4406922210655,-75.00464091959341,3.328348009362518,0.5729540238859708,0.8641509433962264,Fine Sand
1969,6336.0,89.81784764422932,100.00727246282915,89.32140868563805,297.9411254969543,40.601309162572534,1.1196338474105287,0.8969415123995946,0.88,Very Fine Sand
1970,480528.0,782.193871078327,1890.2552784783143,624.4223682865829,6376.142853498729,-48.11193571191027,3.0272062220723788,0.14852942014659118,0.540579944921432,Coarse Sand
1971,4752.0,77.78453777314289,85.21203500146507,71.84924529587472,225.9411254969543,-45.000016090387504,1.185983717025314,1.1697571821464494,1.0,Very Fine Sand
1972,1728.0,46.905841142680316,53.665631459994955,39.191835884530846,120.0,90.00003218077504,1.3693063937629155,1.5079644737231006,1.0,Silt or smaller
1973,62208.0,281.43504685608184,455.33258433697836,190.41038360398935,1114.940258945177,-51.39175446171986,2.391322236312319,0.6288584601039441,0.8727272727272727,Medium Sand
1974,1296.0,40.621650015438455,39.191835884530846,39.191835884530846,96.0,-45.00001609038752,1.0,1.7671458676442586,1.0,Silt or smaller
1975,1243296.0,1258.1786967720639,3092.7211429510007,950.7460011266003,14504.931593427407,-39.326602273634876,3.252941520959579,0.07425967265833527,0.4586454183266932,Very Coarse Sand
1976,1296.0,40.621650015438455,39.191835884530846,39.191835884530846,96.0,-45.00001609038752,1.0,1.7671458676442586,1.0,Silt or smaller
1977,1296.0,40.621650015438455,39.191835884530846,39.191835884530846,96.0,-45.00001609038752,1.0,1.7671458676442586,1.0,Silt or smaller
1978,1296.0,40.621650015438455,39.191835884530846,39.191835884530846,96.0,-45.00001609038752,1.0,1.7671458676442586,1.0,Silt or smaller
1979,14976.0,138.0870574020382,152.1508313948005,125.80559440181534,426.6761902332486,-57.94190208011235,1.209412285027962,1.0337341843865526,0.9541284403669725,Fine Sand
1980,544896.0,832.9364531391402,1697.8001820927589,511.56040582103356,5326.173157302028,-66.56955771464516,3.3188655000925236,0.24137535237500798,0.6940572267057961,Coarse Sand
1981,2475648.0,1775.4134539437612,3650.9562969080316,1734.4209767858442,22720.278774583232,-75.05782341526613,2.105000081164741,0.06026587229841835,0.5278315065549108,Very Coarse Sand
1982,10656.0,116.4802154389229,140.86241608502684,96.9361482733166,368.7350647362943,26.060999402220236,1.453146412294594,0.9848615864073058,0.9487179487179487,Very Fine Sand
1983,146304.0,431.60171263901776,1130.0169858418094,317.4808019359392,3286.3800846144654,-74.68557799286037,3.559323836122294,0.17022779898915827,0.5062282012954659,Medium Sand
1984,1296.0,40.621650015438455,39.191835884530846,39.191835884530846,96.0,-45.00001609038752,1.0,1.7671458676442586,1.0,Silt or smaller
1985,15696.0,141.36749235295613,244.08779212470574,95.74584093244728,594.6761902332485,-52.85982116744182,2.5493304956914,0.5577476551259138,0.8074074074074075,Fine Sand
1986,672192.0,925.1277944449721,1340.2987616318,818.9012831630778,6034.319477007865,-72.86175863208216,1.6367037018855055,0.23197789571098937,0.7503616781867867,Coarse Sand
1987,2448.0,55.82911790017533,68.34367819768178,44.475331873088976,153.94112549695427,-65.09828039726953,1.5366648278803514,1.2981113960506483,0.9444444444444444,Silt or smaller
1988,6048.0,87.75279349717744,118.25091271242513,67.68042560464103,286.79393923934003,62.199356063249915,1.7471951698884758,0.9240207162045377,0.9130434782608695,Very Fine Sand
1989,1728.0,46.905841142680316,53.665631459994955,39.191835884530846,120.0,0.0,1.3693063937629155,1.5079644737231006,1.0,Silt or smaller
1990,3024.0,62.05059534991693,73.24992164096945,52.37229365663818,177.9411254969543,45.00001609038752,1.3986387940388598,1.200159547706528,0.9130434782608695,Silt or smaller
1991,4752.0,77.78453777314289,108.6429878564809,56.691775311447486,242.9116882454314,-13.30146483612849,1.9163800614750401,1.0120208760449974,0.9428571428571428,Very Fine Sand
1992,15984.0,142.6585464774082,242.90012823212953,89.5665131806498,577.7056274847714,-64.25210304584516,2.7119524876693126,0.6018415104581846,0.8604651162790697,Fine Sand
1993,4032.0,71.64985585730216,78.55844048495726,65.05256900917809,201.9411254969543,90.00003218077504,1.20761472884912,1.2424554991254617,1.0,Very Fine Sand
1994,1728.0,46.905841142680316,53.665631459994955,39.191835884530846,120.0,0.0,1.3693063937629155,1.5079644737231006,1.0,Silt or smaller
1995,51552.0,256.1992291365981,648.8134931829552,154.5516263582541,1452.9991334482227,-66.47964188505773,4.198037306181373,0.3068489716641649,0.6462093862815884,Medium Sand
1996,8784.0,105.75507628929057,188.96589475438907,59.58952351743679,399.7645019878171,17.871828836016586,3.171126124193539,0.6907068077161256,0.8970588235294118,Very Fine Sand
1997,124560.0,398.23952301625195,698.5557053688294,262.4943266483141,1812.6458864299486,-28.85856194537604,2.661222108258148,0.47638987654517645,0.8245948522402288,Medium Sand
1998,179712.0,478.3475985760204,537.4263828539939,449.54224402865475,2118.042856049618,-46.53154051295632,1.1954969527173898,0.5034049189614229,0.8684759916492694,Medium Sand
1999,118080.0,387.7423441440566,613.9244032406673,353.2297850882156,2298.469262920811,-47.953162004660456,1.7380312452624738,0.2808722334802767,0.6618240516545602,Medium Sand
2000,50688.0,254.04323656325892,335.86595131806314,194.23593351689436,887.2935059634515,23.650221176800848,1.729164862735607,0.8090594104371974,0.9336870026525199,Medium Sand
2001,506016.0,802.6702819145032,1204.9097819580043,657.2975444300719,4056.585278823348,-66.42802916254783,1.833126857339403,0.3864140355351732,0.7349926793557833,Coarse Sand
2002,24768.0,177.58264848796605,212.99738638372006,157.25964802930645,604.6173157302028,23.530406882398403,1.3544312800701837,0.8514117537619911,0.9297297297297298,Fine Sand
2003,331056.0,649.2407802363034,1123.3338924908765,556.1621915841962,4044.9385258416223,-34.4313558350305,2.0197955011848685,0.2542655228791609,0.6716330704060766,Coarse Sand
2004,199152.0,503.555559807552,656.9122206443341,464.79277645203615,2500.0571413994912,-35.174100399599475,1.4133442986330995,0.40040055072709857,0.786242183058556,Coarse Sand
2005,3600.0,67.70275002573075,78.21761014977086,60.78817535062605,201.9411254969543,69.10361744260793,1.2867240988664634,1.109335267076305,0.9615384615384616,Very Fine Sand
2006,25632.0,180.65346941216404,275.3112963796946,127.18749606503727,757.3523804664972,64.97847050475933,2.1646097682347194,0.5615602630767155,0.9081632653061225,Fine Sand
2007,2160.0,52.4423246684198,55.42562584220407,48.3189403857328,136.97056274847716,45.00001609038752,1.1470786693528088,1.446802115179039,1.0,Silt or smaller
2008,232704.0,544.3233735731466,613.937974410038,498.5493060007951,1937.9696961967,-29.488595787438648,1.2314488597624462,0.7786095908928138,0.9461358313817331,Coarse Sand
2009,1344672.0,1308.4684043178577,2500.529913944164,1285.232493335466,12621.345448052278,52.49821804877087,1.9455856640028835,0.10607545871320215,0.5379342128002765,Very Coarse Sand
2010,6624.0,91.83647828790974,140.70280371798788,63.730164603111774,324.8528137423857,-67.11314119781372,2.207789742804426,0.7887818742286284,0.8518518518518519,Very Fine Sand
2011,28224.0,189.5677000720461,291.8622905929861,128.01976952391908,710.5584412271571,-62.550428739312856,2.2798220281005492,0.702471681331903,0.937799043062201,Fine Sand
2012,6048.0,87.75279349717744,142.46023065701246,71.42357859355683,326.9116882454314,-43.136881278194146,1.9945826499074901,0.7111492390731659,0.7636363636363637,Very Fine Sand
2013,116064.0,384.418098585566,516.2598720783792,342.5006420592521,1744.7636354360397,-64.20099256575924,1.5073252679890365,0.4791088529707986,0.8232890704800817,Medium Sand
2014,63360.0,284.02897308975344,329.8692561652017,308.8178549825524,1836.6458864299484,-15.35476164558649,1.068167694461315,0.2360337855328887,0.7801418439716312,Medium Sand
2015,847008.0,1038.4816225177221,2005.5048499281397,809.4229704313868,8021.994800689337,-59.86091257810867,2.4776969806766096,0.16539890268300084,0.6572067039106145,Very Coarse Sand
2016,6336.0,89.81784764422932,171.677252537624,57.8122807378163,360.85281374238565,-55.14763119396899,2.9695637388221234,0.6114554784662012,0.7457627118644068,Very Fine Sand
2017,1296.0,40.621650015438455,39.191835884530846,39.191835884530846,96.0,-45.00001609038752,1.0,1.7671458676442586,1.0,Silt or smaller
2018,11232.0,119.5868996440051,161.12012777985663,99.00270296023963,423.7645019878172,47.98652655825553,1.627431605019551,0.785991430767764,0.8764044943820225,Very Fine Sand
2019,1296.0,40.621650015438455,39.191835884530846,39.191835884530846,96.0,-45.00001609038752,1.0,1.7671458676442586,1.0,Silt or smaller
2020,1728.0,46.905841142680316,53.665631459994955,39.191835884530846,120.0,90.00003218077504,1.3693063937629155,1.5079644737231006,1.0,Silt or smaller
2021,2736.0,59.02188911239122,66.53637880532507,51.548342602979766,160.97056274847716,12.820507496305085,1.290756898195189,1.3268842295691072,1.0,Silt or smaller
2022,1477296.0,1371.4779205219006,2282.840072165384,977.4626954233303,9307.140253843396,-61.28530536112221,2.335475392415571,0.2143112003735948,0.7372619475386274,Very Coarse Sand
2023,7056.0,94.78385003602305,157.73411413837275,57.92430007294271,341.8233764908628,-14.326843692232075,2.723107813814615,0.758865687815376,0.875,Very Fine Sand
2024,489456.0,789.426839300447,1100.7080097325984,957.4830395794384,5545.584412271572,-23.82646923305941,1.1495848638907167,0.1999994862600752,0.5914390116582565,Coarse Sand
2025,52560.0,258.69184461687263,323.4399298293597,229.27612421940455,1126.0874452027913,48.78637100254311,1.410700442231157,0.5208599770996825,0.8468677494199536,Medium Sand
2026,8064.0,101.32819789547406,142.06886067640946,74.91021870828631,341.82337649086287,73.49390542150145,1.8965217713440516,0.867275071789001,0.9032258064516129,Very Fine Sand
2027,1728.0,46.905841142680316,53.665631459994955,39.191835884530846,120.0,90.00003218077504,1.3693063937629155,1.5079644737231006,1.0,Silt or smaller
2028,101520.0,359.52646436877734,552.972129303181,236.96179559293628,1402.9402589451772,-39.21586599299971,2.3335919105419913,0.648161330264133,0.9191655801825294,Medium Sand
2029,100656.0,357.993295488704,368.74852517057275,352.8481154121753,1246.0874452027913,28.573122217959625,1.0450630428897816,0.8146151657905182,0.9562243502051984,Medium Sand
2030,121248.0,392.90933855031875,693.3838364748491,272.1226515924758,2112.2926394116744,-59.309520652636905,2.548056298941419,0.3414886520236158,0.6895986895986896,Medium Sand
2031,2160.0,52.4423246684198,67.88225099390857,39.191835884530846,144.0,0.0,1.7320508075688776,1.308996938995747,1.0,Silt or smaller
2032,71712.0,302.1697440711892,492.27324409181483,222.85930120083395,1614.8225099390856,84.91016400781828,2.2088970100834757,0.3455827924240675,0.8084415584415584,Medium Sand
2033,15840.0,142.01448654487672,206.9429847493151,114.65848422682683,580.6173157302029,-17.172215142521,1.8048641244892396,0.5904526471532808,0.8396946564885496,Fine Sand
2034,37296.0,217.914529255033,277.11206125166393,183.64423688997013,925.352380466497,-79.48021979026333,1.5089613806813593,0.5473408057070706,0.8519736842105263,Fine Sand
2035,1296.0,40.621650015438455,39.191835884530846,39.191835884530846,96.0,-45.00001609038752,1.0,1.7671458676442586,1.0,Silt or smaller
2036,2160.0,52.4423246684198,55.42562584220407,48.3189403857328,136.97056274847716,45.00001609038753,1.1470786693528088,1.446802115179039,1.0,Silt or smaller
2037,1296.0,40.621650015438455,39.191835884530846,39.191835884530846,96.0,-45.00001609038752,1.0,1.7671458676442586,1.0,Silt or smaller
2038,64656.0,286.91911055974765,398.28849298549255,238.7767297551333,1313.9696961966997,-11.960907838861635,1.6680373057874582,0.47059574764445167,0.7904929577464789,Medium Sand
2039,1728.0,46.905841142680316,53.665631459994955,39.191835884530846,120.0,0.0,1.3693063937629155,1.5079644737231006,1.0,Silt or smaller
2040,10080.0,113.28836926591555,176.32230661639272,74.11337223859698,399.7645019878171,5.5175997544374935,2.379088972618184,0.7926143695103082,0.958904109589041,Very Fine Sand
2041,3744.0,69.0435287010191,76.45856925722984,61.94370103876577,194.9116882454314,3.5082521267862554,1.2343235546965516,1.2384256479434992,0.9629629629629629,Very Fine Sand
2042,513072.0,808.247214468667,1534.367459024066,599.0425837842324,6244.496100517003,-54.79518279749627,2.5613662543508355,0.16534588118828852,0.6727719033232629,Coarse Sand
2043,210240.0,517.3836892337453,717.4311209127663,391.95756914764445,2086.5870119269025,-55.81354286417672,1.8303795547893118,0.6068092778951933,0.8946078431372549,Coarse Sand
2044,37440.0,218.33480839042704,343.74738027827857,149.9815005408443,990.3229432149742,39.39923702674222,2.2919318651880416,0.4797246368873231,0.8387096774193549,Fine Sand
2045,1296.0,40.621650015438455,39.191835884530846,39.191835884530846,96.0,-45.00001609038752,1.0,1.7671458676442586,1.0,Silt or smaller
2046,263664.0,579.4026504280524,706.7731245075279,484.41330705156395,2202.469262920811,43.98272860150075,1.4590291270266333,0.6830319011392548,0.9252147549267307,Coarse Sand
2047,164880.0,458.1830814597301,546.4489481789748,423.4603748003407,1808.528137423857,56.958040092215825,1.2904370295251888,0.6334718240345639,0.8821263482280431,Medium Sand
2048,7920.0,100.41940646260807,136.48293838438394,76.03853911531249,327.7645019878171,-26.563701796176467,1.7949179451936534,0.9264270201529877,0.8870967741935484,Very Fine Sand
2049,1048608.0,1155.4778978957795,2378.021530602165,951.4016271520527,11234.66925781903,-64.0219304165709,2.49949281432342,0.10440046850177467,0.5772035510462904,Very Coarse Sand
2050,4464.0,75.39059177177062,106.69970952456897,52.67658257306145,235.8822509939086,-21.552196576983082,2.025562485504416,1.008192640435278,0.9393939393939394,Very Fine Sand
2051,473760.0,776.6659299298062,944.3585314825493,812.0033160103396,4016.32121011142,-53.85662228441367,1.1629983681871126,0.3690722364968832,0.7335562987736901,Coarse Sand
2052,3600.0,67.70275002573075,77.44887931954526,59.20481646071133,194.9116882454314,64.74009997629881,1.3081516665276853,1.1907938922533645,0.9259259259259259,Very Fine Sand
2053,10224.0,114.09470235454539,138.31998120607307,94.04119447764691,351.7645019878171,-77.52464018608528,1.4708445801265422,1.0383091544711966,0.9594594594594594,Very Fine Sand
2054,511056.0,806.6577395489201,1557.3665419128338,730.2263308151844,5725.231165253296,87.48085025939417,2.132717592057076,0.19592610376620992,0.595869711215581,Coarse Sand
2055,16272.0,143.9380209393285,189.2857982238127,110.54327247499901,471.764501987817,88.614006702853,1.7123230929012208,0.9187561965256974,0.9416666666666667,Fine Sand
2056,3024.0,62.05059534991693,88.26429880659929,43.29803319584318,187.88225099390857,-32.84922469658038,2.0385290575986965,1.0765151381010827,0.9130434782608695,Silt or smaller
2057,176688.0,474.305965258889,553.5388928897192,421.7415233566205,1931.4398256692882,72.65424961093635,1.3125074535799317,0.5951885317198486,0.8910675381263616,Medium Sand
2058,27216.0,186.15178604975077,219.22037893046252,163.42376031773702,624.4995667241114,-37.77815564817008,1.341422927145005,0.8769399947986494,0.9593908629441624,Fine Sand
2059,485424.0,786.1685778276321,1742.7487949709903,847.320199194095,7126.745883879057,-62.18491409598355,2.056777115225811,0.12010153594074305,0.49068413391557497,Coarse Sand
2060,4464.0,75.39059177177062,118.37394482955975,53.13071101461101,266.9116882454314,-23.941615031173864,2.2279759214403656,0.7874062641037542,0.8157894736842105,Very Fine Sand
2061,88560.0,335.79472015168136,542.3488345107229,392.96433955630266,2051.4398256692884,-49.78012938590844,1.3801477129530144,0.2644416796499095,0.5942028985507246,Medium Sand
2062,2304.0,54.162200020584606,53.665631459994955,53.665631459994955,144.0,-45.00001609038752,1.0,1.3962634015954636,1.0,Silt or smaller
2063,1387584.0,1329.1827641230518,3457.8703329313184,743.7890208588256,12281.934193082736,-84.15115266593195,4.648993512889776,0.11559408597062175,0.6113437381043015,Very Coarse Sand
2064,8352.0,103.12175656779746,166.7217914363999,64.20960976951679,355.88225099390854,4.141944456032246,2.596523978807146,0.8286815924640315,0.9830508474576272,Very Fine Sand
2065,280368.0,597.4743715661017,1001.24405166792,436.2411842243015,2831.086578651014,-5.219213922893493,2.2951616854980657,0.43957400914089145,0.8115881617340559,Coarse Sand
2066,11232.0,119.5868996440051,156.84861996882367,95.44155434365234,399.7645019878171,68.6416880435702,1.6433996810662317,0.8831988688829148,0.9285714285714286,Very Fine Sand
2067,13104.0,129.1686145865534,165.59383746404507,118.88712787389099,485.8233764908628,-66.73726749213468,1.3928659933621916,0.6976810584855664,0.8198198198198198,Fine Sand
2068,2592.0,57.4476883778063,67.93592979450379,48.58713248336697,160.97056274847716,72.70388165253863,1.398228838010981,1.2570482174865225,0.9473684210526315,Silt or smaller
2069,182016.0,481.40416385249034,822.6006189849189,292.59584254983884,2138.704760932994,-86.13985874095367,2.81138860968198,0.5000549810521595,0.9139551699204628,Medium Sand
2070,6480.0,90.83277079272577,99.40280545046404,84.55377014867508,276.8528137423857,89.26012599636461,1.1756164778421963,1.0623973687615433,0.9183673469387755,Very Fine Sand
2071,57312.0,270.1331241959446,434.3951193533712,208.8579921102356,1493.9696961967,-25.055023446774094,2.0798587354229503,0.3226798538613035,0.763915547024952,Medium Sand
2072,465408.0,769.7894972238206,1485.8582059484265,585.2079995783826,4283.9393923934,-77.56038748655247,2.5390257942798526,0.31868166115213326,0.6493871810327506,Coarse Sand
2073,1296.0,40.621650015438455,39.191835884530846,39.191835884530846,96.0,-45.00001609038752,1.0,1.7671458676442586,1.0,Silt or smaller
2074,5328.0,82.36395021093237,106.94728141908692,64.91529541266014,252.8528137423857,-67.32068212918104,1.6474897131597965,1.0472213761144604,0.9487179487179487,Very Fine Sand
2075,3024.0,62.05059534991693,79.72673034947627,47.251557564504616,177.94112549695427,-15.818023655270224,1.687282588317618,1.2001595477065286,0.9545454545454546,Silt or smaller
2076,60480.0,277.4986984934932,322.9201503527578,257.437666254098,987.4112549695426,-45.71315981907888,1.2543624833594738,0.7795168370730098,0.9480812641083521,Medium Sand
2077,272736.0,589.2862296650833,1200.8568598809718,444.1089587476962,3458.4978336205563,-53.80614141314866,2.7039690063158432,0.28653476023789703,0.6798277099784638,Coarse Sand
2078,2016.0,50.66409894773703,57.37097324805089,42.54745250054008,129.94112549695427,45.00001609038752,1.3483997249264839,1.5004003042392393,1.0,Silt or smaller
2079,1296.0,40.621650015438455,39.191835884530846,39.191835884530846,96.0,-45.00001609038752,1.0,1.7671458676442586,1.0,Silt or smaller
2080,2160.0,52.4423246684198,67.88225099390857,39.191835884530846,144.0,90.00003218077504,1.7320508075688776,1.308996938995747,1.0,Silt or smaller
2081,17280.0,148.3292935769048,213.02737707657184,106.8238578964272,518.5584412271571,36.72563731155091,1.9941928822970987,0.8075291079633888,0.9375,Fine Sand
2082,24336.0,176.0271500669,223.08723119783588,148.265156114835,610.4406922210657,-68.02642714758733,1.5046504319939429,0.8206767093810379,0.9285714285714286,Fine Sand
2083,1296.0,40.621650015438455,39.191835884530846,39.191835884530846,96.0,-45.00001609038752,1.0,1.7671458676442586,1.0,Silt or smaller
2084,57456.0,270.4722745168227,321.98267583780097,232.0630969035624,915.411254969543,13.450284438662797,1.3874790095195795,0.861614018355278,0.9410377358490566,Medium Sand
2085,1296.0,40.621650015438455,39.191835884530846,39.191835884530846,96.0,-45.00001609038752,1.0,1.7671458676442586,1.0,Silt or smaller
2086,45216.0,239.9391574019237,396.41861022125374,174.99035849206794,1137.2346314604056,-66.25305267998054,2.2653740105299733,0.4393411183327109,0.7969543147208121,Fine Sand
2087,35856.0,213.66627510214147,295.02048714570003,187.36619221200615,895.5290039756342,-83.03431216174631,1.5745662740046629,0.5618396578529292,0.8006430868167203,Fine Sand
2088,213840.0,521.7945421774428,574.0979341650615,491.4691393059933,1912.7636354360395,-79.40467849927565,1.1681261105748142,0.7344736110358996,0.938685208596713,Coarse Sand
2089,3888.0,70.35876171402046,77.0580081750734,63.1849268499109,194.9116882454314,12.491582970195905,1.219563146098381,1.2860574036336336,1.0,Very Fine Sand
2090,6912.0,93.81168228536063,115.51623262554922,75.72978278062072,283.88225099390854,90.00003218077504,1.5253738804478634,1.0777973539121675,0.96,Very Fine Sand
2091,2880.0,60.555180528483845,81.03332647744384,44.253813395005864,177.9411254969543,-18.43495541459913,1.831103813679221,1.1430090930538361,0.9090909090909091,Silt or smaller
2092,5904.0,86.7018239261228,128.845225864116,59.831510228017166,293.82337649086287,-31.205007374959408,2.1534677191514704,0.8593765969155104,0.9111111111111111,Very Fine Sand
2093,454752.0,760.9259027312743,1267.8344981332123,521.2030832331001,3904.556708123602,-83.44004369980061,2.432515345589759,0.3748357562805625,0.8334652942728952,Coarse Sand
2094,20736.0,162.48660006175382,194.33952316538642,160.23605767833493,590.5584412271571,10.881840405565374,1.2128326544048675,0.7471522095685007,0.8727272727272727,Fine Sand
2095,31680.0,200.83881292521613,368.4747571057654,187.02974436349322,1007.2935059634515,-71.20862013667136,1.970139874594668,0.39235841262264803,0.6376811594202898,Fine Sand
2096,147888.0,433.93184924800545,1120.9733498969072,292.9319645528938,3477.880517890354,-59.66756450458539,3.8267361897765735,0.15364324962731882,0.5581521739130435,Medium Sand
2097,316944.0,635.2524177573364,1265.6212436160777,388.30334601314354,4479.850214087053,-81.72971293493055,3.2593621883784594,0.1984565384072683,0.7174054758800521,Coarse Sand
2098,120672.0,391.9749511668846,511.56352178697864,339.4578910217664,1645.8519471906088,-55.865484332537136,1.5070014140698726,0.5598025127254109,0.8313492063492064,Medium Sand
2099,112752.0,378.89352745590554,432.317399747324,336.75675953287003,1309.8519471906086,63.05752921779672,1.2837675488593319,0.8258281794798297,0.9583843329253366,Medium Sand
2100,2160.0,52.4423246684198,67.88225099390857,39.191835884530846,144.0,0.0,1.7320508075688776,1.308996938995747,1.0,Silt or smaller
2101,119520.0,390.09946217182437,511.06130177853447,375.27066916030304,1972.4103884177655,-43.494779991089416,1.361847177990418,0.38606095977034915,0.7384341637010676,Medium Sand
2102,1296.0,40.621650015438455,39.191835884530846,39.191835884530846,96.0,-45.00001609038752,1.0,1.7671458676442586,1.0,Silt or smaller
2103,2448.0,55.82911790017533,68.34367819768178,44.475331873088976,153.94112549695427,-65.09828039726953,1.5366648278803514,1.2981113960506483,0.9444444444444444,Silt or smaller
2104,457344.0,763.0913879394514,1460.9474654551811,456.8201104659001,4197.174023853806,81.59544118126118,3.1980804522051254,0.32624126854900054,0.8583783783783784,Coarse Sand
2105,43200.0,234.52920571340155,361.10757218710364,155.47658765594167,901.3523804664972,-66.78693560779531,2.322584883237908,0.6681967989082404,0.9433962264150944,Fine Sand
2106,13248.0,129.87639311534423,164.49643767220007,104.87277136907598,430.79393923934003,-67.54397102344778,1.5685333335312757,0.8970590132275069,0.9292929292929293,Fine Sand
2107,235728.0,547.8487121471861,737.6439247688089,422.7372015128734,2383.322076663197,78.34527942973519,1.7449231393143567,0.5215015022334545,0.897970378496983,Coarse Sand
2108,1728.0,46.905841142680316,53.665631459994955,39.191835884530846,120.0,90.00003218077504,1.3693063937629155,1.5079644737231006,1.0,Silt or smaller
2109,3024.0,62.05059534991693,67.41347587225688,56.55189783174089,170.91168824543144,-38.9526353895556,1.192063899832902,1.3009126076835014,0.9545454545454546,Silt or smaller
2110,5040.0,80.10697413749455,107.50445256171619,67.14704565824324,269.82337649086287,-57.215671297242345,1.6010302688353424,0.8699238850939299,0.875,Very Fine Sand
2111,1296.0,40.621650015438455,39.191835884530846,39.191835884530846,96.0,-45.00001609038752,1.0,1.7671458676442586,1.0,Silt or smaller
2112,80064.0,319.28146032877646,407.56653362107215,267.9411438077173,1368.9991334482227,63.730403272002704,1.521104701686107,0.5368349733946988,0.8881789137380192,Medium Sand
2113,34128.0,208.45411769193151,326.83759409914546,135.9958389963643,781.3523804664972,29.625555198380198,2.403291133840375,0.7024684489965786,0.9045801526717557,Fine Sand
2114,1296.0,40.621650015438455,39.191835884530846,39.191835884530846,96.0,-45.00001609038752,1.0,1.7671458676442586,1.0,Silt or smaller
2115,35280.0,211.94313184969343,362.44635063381463,137.82960167232883,867.4112549695428,78.20780259563399,2.6296698694340104,0.5892347271759778,0.8361774744027304,Fine Sand
2116,62496.0,282.08576459610424,445.27143241880765,205.48910731776778,1281.2346314604056,-83.1843005964491,2.1668858180898183,0.4784149556288344,0.8460038986354775,Medium Sand
2117,3456.0,66.33487669849642,111.99015619298169,40.37579616393421,225.9411254969543,78.3386796605098,2.7736953034505656,0.8507324961065086,0.8888888888888888,Very Fine Sand
2118,18000.0,151.3879513212096,233.2475072725659,108.16575354119401,594.6761902332485,88.3523158891177,2.1563896116503787,0.6396188705572408,0.8802816901408451,Fine Sand
2119,2160.0,52.4423246684198,55.42562584220407,48.3189403857328,136.97056274847716,-45.00001609038752,1.1470786693528088,1.446802115179039,1.0,Silt or smaller
2120,63792.0,284.9956088043209,351.93137619645563,241.83983863319642,986.2051942088827,21.664346392426808,1.4552249876838421,0.8242168924253719,0.9714912280701754,Medium Sand
2121,1296.0,40.621650015438455,39.191835884530846,39.191835884530846,96.0,-45.00001609038752,1.0,1.7671458676442586,1.0,Silt or smaller
2122,77040.0,313.1938290043355,472.94983072633534,326.5487421979698,1665.6610383315983,-56.04152238911682,1.4483284410864767,0.34894170893358556,0.7535211267605634,Medium Sand
2123,31968.0,201.7496512167832,378.97397141466706,123.55867643042998,895.5290039756342,-16.128297403597255,3.0671579071830646,0.5009172853146598,0.8740157480314961,Fine Sand
2124,80064.0,319.28146032877646,337.23385453360913,308.7711396469939,1055.793072687563,-55.59464347910718,1.0921806193388266,0.90258795041046,0.9636048526863085,Medium Sand
2125,12096.0,124.10119069983386,181.46758747165651,96.67178008376408,464.7350647362943,39.20799098362335,1.8771516084054587,0.7037862194221113,0.8155339805825242,Very Fine Sand
2126,1728.0,46.905841142680316,53.665631459994955,39.191835884530846,120.0,90.00003218077504,1.3693063937629155,1.5079644737231006,1.0,Silt or smaller
2127,66528.0,291.04309033567677,346.27111620042854,261.0543299125657,1060.6173157302028,74.55471039973467,1.3264331463738,0.7431849483187479,0.9314516129032258,Medium Sand
2128,45360.0,240.32092241248364,299.1326455869649,228.20681221718436,1092.146319705837,-56.31938151577292,1.3107963021817264,0.4778826426538266,0.8467741935483871,Fine Sand
2129,74448.0,307.88007020014044,447.49963547382197,223.61515111972957,1351.5290039756342,83.70072303467263,2.001204449846149,0.5121676679526401,0.94,Medium Sand
2130,15696.0,141.36749235295613,193.30782763649574,105.61783285018917,484.6173157302028,25.879757064508443,1.8302574709205417,0.8398485922387833,0.923728813559322,Fine Sand
2131,49536.0,251.13978993381556,378.09405972687375,178.6896763712234,984.4995667241114,79.10472506883801,2.115925594612375,0.642243533183566,0.945054945054945,Medium Sand
2132,17424.0,148.94605005660765,208.64232842584784,107.5004211167898,508.6173157302028,71.27886108529604,1.9408512660538904,0.8463995881929461,0.952755905511811,Fine Sand
2133,1296.0,40.621650015438455,39.191835884530846,39.191835884530846,96.0,-45.00001609038752,1.0,1.7671458676442586,1.0,Silt or smaller
2134,41472.0,229.7907535112252,476.8869424744345,116.47465002044606,1036.6173157302028,-88.60140752219324,4.094341063834245,0.4849845747193242,0.935064935064935,Fine Sand
2135,16560.0,145.2062218391977,219.39899362613394,102.0203675520804,526.7939392393399,84.65239884679363,2.1505411016494613,0.7498746235876628,0.9663865546218487,Fine Sand
2136,14112.0,134.04460621488136,209.72138617345433,94.60404204493119,502.7939392393399,-85.21984783382158,2.2168332519433935,0.7014849595847088,0.8990825688073395,Fine Sand
2137,27072.0,185.65866786948118,534.046896727325,79.2359388552978,1102.4406922210655,88.11768319880589,6.739957959009128,0.27991085134427596,0.7704918032786885,Fine Sand
2138,16704.0,145.83618671391596,288.584383907384,80.6420422432482,636.8528137423856,87.12019596446336,3.5785847664534547,0.5175498671528118,0.8923076923076924,Fine Sand
2139,10656.0,116.4802154389229,191.88176469799868,78.60400277933755,454.79393923934003,83.63467083231797,2.441119509354531,0.6474030467271351,0.8705882352941177,Very Fine Sand
2140,10656.0,116.4802154389229,211.80449497324383,72.58462097471946,457.27922061357856,-86.22874153904772,2.9180354202994785,0.6403849872287545,0.9024390243902439,Very Fine Sand
2141,1296.0,40.621650015438455,39.191835884530846,39.191835884530846,96.0,-45.00001609038752,1.0,1.7671458676442586,1.0,Silt or smaller
2142,3744.0,69.0435287010191,104.29663851249884,47.76605290766405,225.9411254969543,-86.85878501349731,2.1834887365324773,0.921626870782051,0.896551724137931,Very Fine Sand
2143,2592.0,57.4476883778063,66.51112154271688,47.91941893564593,153.94112549695427,-66.89058630010258,1.387978465098647,1.3744708899359803,1.0,Silt or smaller
2144,4176.0,72.91809335695798,171.87504675492966,39.203853683746786,307.4558441227157,-82.1851673308976,4.384136522430344,0.5551429756427508,0.7837837837837838,Very Fine Sand
2145,1296.0,40.621650015438455,39.191835884530846,39.191835884530846,96.0,-45.00001609038752,1.0,1.7671458676442586,1.0,Silt or smaller
2146,4464.0,75.39059177177062,135.21075279461982,44.1381839205559,259.4558441227157,-82.99210654855766,3.0633510666860464,0.8333110391447908,0.9117647058823529,Very Fine Sand
2147,2880.0,60.555180528483845,92.77212993249404,38.38400588511375,184.97056274847716,-87.08028498101972,2.4169475747312066,1.0577842983151124,1.0,Silt or smaller
2148,864.0,33.16743834924821,39.191835884530846,24.0,72.0,90.00003218077504,1.6329931618554518,2.0943951023931953,1.0,Silt or smaller
2149,4032.0,71.64985585730216,193.49418595916518,24.0,336.0,90.00003218077504,8.06225774829855,0.4487989505128276,1.0,Very Fine Sand
2150,1440.0,42.81897878766651,67.88225099390857,24.0,120.0,90.00003218077504,2.8284271247461903,1.2566370614359172,1.0,Silt or smaller
2151,864.0,33.16743834924821,39.191835884530846,24.0,72.0,90.00003218077504,1.6329931618554518,2.0943951023931953,1.0,Silt or smaller
2152,864.0,33.16743834924821,39.191835884530846,24.0,72.0,90.00003218077504,1.6329931618554518,2.0943951023931953,1.0,Silt or smaller
2153,1152.0,38.29845891853754,53.665631459994955,24.0,96.0,90.00003218077504,2.23606797749979,1.5707963267948966,1.0,Silt or smaller
