Label,Area (µm^2),EquivalentDiameter (µm),MajorAxisLength (µm),MinorAxisLength (µm),Perimeter (µm),Orientation (deg),AspectRatio,Circularity,Solidity,Grain Class
1,3888.0,70.35876171402046,77.8019536758298,65.57921760742359,208.97056274847716,62.87696610976037,1.1863812426304792,1.118834618782173,0.9642857142857143,Very Fine Sand
2,6624.0,91.83647828790974,108.48822278064688,79.02706601227965,280.97056274847716,81.75586894845269,1.372798311451793,1.0544076427200093,0.9787234042553191,Very Fine Sand
3,168480.0,463.1580707458095,1020.6050883556311,355.6318140155878,5376.158871952155,-40.473656390430705,2.869836297353579,0.07325107954744835,0.5111402359108781,Medium Sand
4,3600.0,67.70275002573075,118.92199864026333,37.703302765211525,218.48528137423855,86.85560532872738,3.1541533478067474,0.9476937012743862,0.9615384615384616,Very Fine Sand
5,124272.0,397.7788640731533,860.5229314991691,273.720091217862,3427.8216433873085,-44.65180383689154,3.1438062426124698,0.1329066521921026,0.5951724137931035,Medium Sand
6,48528.0,248.57145577661964,386.1762757010424,195.63321284336772,1369.352380466497,-87.53977952757018,1.9739811563092386,0.32521593326110343,0.7929411764705883,Fine Sand
7,88848.0,336.3402846383849,474.1445538438478,293.36577614588623,2078.704760932994,-68.46234513861889,1.616223133021703,0.25838773720673375,0.7460701330108828,Medium Sand
8,864.0,33.16743834924821,39.191835884530846,24.0,72.0,90.00003218077504,1.6329931618554518,2.0943951023931953,1.0,Silt or smaller
9,864.0,33.16743834924821,39.191835884530846,24.0,72.0,90.00003218077504,1.6329931618554518,2.0943951023931953,1.0,Silt or smaller
10,11232.0,119.5868996440051,231.6306916355601,72.00824389938613,509.8233764908628,-78.12342035369251,3.216724628907868,0.5430345587188795,0.8041237113402062,Very Fine Sand
11,549648.0,836.5605592451707,2524.719571004316,517.0903229388283,14583.035057083624,-65.05556214800379,4.882550415284005,0.03247870289225667,0.4682860998650472,Coarse Sand
12,2448.0,55.82911790017533,66.62614153525328,47.009262480218595,153.9411254969543,-63.72185075642261,1.4172981667876503,1.2981113960506478,1.0,Silt or smaller
13,1184112.0,1227.8673478008295,2303.710028366132,1269.3972409989099,32540.06838106369,-53.37438155189868,1.8148062355589367,0.014052892494194025,0.4648126165847041,Very Coarse Sand
14,6048.0,87.75279349717744,97.95561790846338,81.95645298252757,273.9411254969543,35.67154836587783,1.1952154387324048,1.0127614806253273,0.9545454545454546,Very Fine Sand
15,1930176.0,1567.6659119527787,3748.9270536679232,1641.1115571137284,51654.791314075104,-76.6748900276345,2.2843828242007342,0.009090453562626732,0.4175180662845751,Very Coarse Sand
16,2016.0,50.66409894773703,65.39224399076777,37.750217425172735,136.97056274847716,-82.83866963102754,1.7322348969349957,1.3503486408337697,1.0,Silt or smaller
17,78480.0,316.1073227098916,492.3205092061529,287.34713554789283,2294.3515139147203,-87.7206197977783,1.7133301442780406,0.1873479502721254,0.6566265060240963,Medium Sand
18,3168.0,63.51080914081473,86.29806850165114,49.58720910445178,204.42640687119285,27.76827589082721,1.7403292111050384,0.9526229639294096,0.88,Very Fine Sand
19,15264.0,139.4084947585244,223.43539242402647,110.71385698543085,707.6467529817257,-63.058657861455345,2.018133940121235,0.38304093149153934,0.8153846153846154,Fine Sand
20,15408.0,140.06453835742786,235.14670354221073,99.62522857024265,591.7645019878171,84.70508084886625,2.360312813500007,0.5529149265980241,0.823076923076923,Fine Sand
21,219168.0,528.2550184716811,921.3410311729824,585.8753342445242,7648.496100517002,-68.07759454789571,1.5725888722743981,0.04707983253218137,0.4941558441558442,Coarse Sand
22,1296.0,40.621650015438455,39.191835884530846,39.191835884530846,96.0,-45.00001609038752,1.0,1.7671458676442586,1.0,Silt or smaller
23,155808.0,445.3997159699321,674.7724761714317,439.39380166633134,4502.997400344669,46.30769429408976,1.5356895650609181,0.09655977039743147,0.6071829405162739,Medium Sand
24,2160.0,52.4423246684198,76.10741758456585,35.68278280359475,139.4558441227157,-86.48583280474891,2.132889074360497,1.3956938910021737,0.9375,Silt or smaller
25,13248.0,129.87639311534423,168.43187975676025,109.54562709065817,509.8233764908628,-37.903552163427705,1.537550007517587,0.6405023000273963,0.8598130841121495,Fine Sand
26,86112.0,331.12113142509395,411.6090650653506,377.67384242530653,2567.866232540481,62.662775423945895,1.0898532512130636,0.1641076201177862,0.682648401826484,Medium Sand
27,1440.0,42.81897878766651,67.88225099390857,24.0,120.0,90.00003218077504,2.8284271247461903,1.2566370614359172,1.0,Silt or smaller
28,222768.0,532.5758414550577,975.5008172812888,469.33994021536046,6129.893070136673,82.78505494763465,2.078452596285908,0.07450010285126851,0.5590892663534514,Coarse Sand
29,10224.0,114.09470235454539,145.7456751557922,94.40695040971083,379.88225099390854,55.62857195214379,1.543802384499019,0.890292468268286,0.9342105263157895,Very Fine Sand
30,1152.0,38.29845891853754,53.665631459994955,24.0,96.0,90.00003218077504,2.23606797749979,1.5707963267948966,1.0,Silt or smaller
31,4464.0,75.39059177177062,97.12642227922504,61.29859222244065,228.8528137423857,83.45737245244483,1.5844804710485385,1.0710790804616994,1.0,Very Fine Sand
32,16560.0,145.2062218391977,198.5725660845935,129.41756237225144,567.7645019878172,67.59088853944459,1.5343556349286458,0.6455557067703084,0.8333333333333334,Fine Sand
33,2448.0,55.82911790017533,79.02804847209717,38.15530199412393,160.97056274847716,-85.69220654836944,2.0712206257538677,1.187212205403938,1.0,Silt or smaller
34,1152.0,38.29845891853754,53.665631459994955,24.0,96.0,0.0,2.23606797749979,1.5707963267948966,1.0,Silt or smaller
35,5040.0,80.10697413749455,95.64492836456215,68.05077579499768,242.9116882454314,69.74595530210142,1.405493578099559,1.073355474593179,0.9459459459459459,Very Fine Sand
36,4896.0,78.95429570975449,99.95089710574806,63.64796809401418,242.9116882454314,64.12723310585109,1.5703705883919334,1.0426881753190882,0.918918918918919,Very Fine Sand
37,14544.0,136.08084339328664,219.17284548622243,113.28700498885664,632.7350647362942,-7.825558025776836,1.9346689014135483,0.4565096101161798,0.7372262773722628,Fine Sand
38,3888.0,70.35876171402046,81.74650185573506,60.01463444802902,201.9411254969543,-66.71022415011609,1.3621094689250373,1.1980820884424095,0.9642857142857143,Very Fine Sand
39,1296.0,40.621650015438455,39.191835884530846,39.191835884530846,96.0,-45.00001609038752,1.0,1.7671458676442586,1.0,Silt or smaller
40,10080.0,113.28836926591555,168.09096692726334,86.4842553838235,436.6173157302028,2.6440013674546137,1.943601944437901,0.6644594547538862,0.8433734939759037,Very Fine Sand
41,3168.0,63.51080914081473,77.6003748819436,51.26112054314501,177.94112549695427,-90.00003218077504,1.5138251770487456,1.2573100023592203,1.0,Very Fine Sand
42,2304.0,54.162200020584606,70.38361039434363,40.86743676641883,153.9411254969543,63.93751468730511,1.7222418620631117,1.2217519021653156,0.8888888888888888,Silt or smaller
43,5616.0,84.56070767935114,124.55105698668362,68.13859789448645,300.8528137423857,64.94472300426186,1.8279075419126267,0.7797022867168731,0.7959183673469388,Very Fine Sand
44,7920.0,100.41940646260807,118.2008077408107,86.95987366557233,307.88225099390854,3.8310677258721544,1.3592568935344111,1.0499430409233184,0.9821428571428571,Very Fine Sand
45,1728.0,46.905841142680316,53.665631459994955,39.191835884530846,120.0,90.00003218077504,1.3693063937629155,1.5079644737231006,1.0,Silt or smaller
46,32976.0,204.905703256856,330.61173468299205,167.3232676858399,1199.2935059634513,-6.917248229996926,1.9758861947624442,0.28810903272676275,0.722397476340694,Fine Sand
47,4896.0,78.95429570975449,94.33316067762233,66.52061199952495,232.97056274847716,-84.6078813189545,1.4181042212644708,1.1335721714472213,1.0,Very Fine Sand
48,5040.0,80.10697413749455,101.93854854202178,67.59101554474796,252.8528137423857,-16.5421974391724,1.508167139085732,0.9906148152434087,0.9210526315789473,Very Fine Sand
49,29520.0,193.8711720720283,280.44271516742225,228.4616848126401,1201.77878733769,-2.78241889301509,1.2275262497403512,0.25684856825772723,0.6193353474320241,Fine Sand
50,15120.0,138.7493492467466,203.6287396694048,107.28267854292058,550.7939392393399,-37.317167865684354,1.898057938476425,0.6263013526121648,0.7954545454545454,Fine Sand
51,2160.0,52.4423246684198,76.10741758456585,35.68278280359475,139.4558441227157,3.5141993760261263,2.132889074360497,1.3956938910021737,0.9375,Silt or smaller
52,2304.0,54.162200020584606,70.38361039434363,40.86743676641883,153.9411254969543,63.93751468730511,1.7222418620631117,1.2217519021653156,0.8888888888888888,Silt or smaller
53,1296.0,40.621650015438455,39.191835884530846,39.191835884530846,96.0,-45.00001609038752,1.0,1.7671458676442586,1.0,Silt or smaller
54,1728.0,46.905841142680316,53.665631459994955,39.191835884530846,120.0,90.00003218077504,1.3693063937629155,1.5079644737231006,1.0,Silt or smaller
55,1728.0,46.905841142680316,53.665631459994955,39.191835884530846,120.0,0.0,1.3693063937629155,1.5079644737231006,1.0,Silt or smaller
56,5472.0,83.46955605962458,102.1160997672221,69.52631743829231,259.88225099390854,-38.64786377872908,1.468740234341545,1.0181287778766266,0.926829268292683,Very Fine Sand
57,9792.0,111.65823580035067,180.67162086434988,75.49921983872109,430.79393923934003,72.89783550511335,2.3930263286202766,0.6630436184725051,0.8395061728395061,Very Fine Sand
58,7776.0,99.50231504774462,128.91340762956608,77.93888077078392,307.8822509939086,0.0,1.654032061464891,1.030853167451985,1.0,Very Fine Sand
59,47088.0,244.85567929392477,396.4165797723525,228.09491765570525,1524.9991334482227,-58.11447388363778,1.737945693164098,0.2544373800429577,0.6742268041237114,Fine Sand
60,11520.0,121.11036105696769,170.9223644156809,95.30889435175077,495.764501987817,-19.82407830549651,1.7933516654266084,0.5889948388275078,0.8791208791208791,Very Fine Sand
61,37152.0,217.49343798377174,325.51178554918687,187.89513150468025,1163.2935059634513,88.782492257662,1.7324120265515168,0.3449955193954386,0.7701492537313432,Fine Sand
62,5040.0,80.10697413749455,94.82005016841421,71.12563564034483,249.9411254969543,21.31752372428808,1.3331346611492232,1.013829579817109,0.9459459459459459,Very Fine Sand
63,4464.0,75.39059177177062,127.3376159904611,54.45321262809379,280.97056274847716,-53.58797096900472,2.3384775634847377,0.7105790635721803,0.7560975609756098,Very Fine Sand
64,486576.0,787.1008859854348,1727.4634097734029,717.2996161432587,13520.285706997456,-46.43212841319663,2.408287096348306,0.03344943679275473,0.4670998064694498,Coarse Sand
65,1296.0,40.621650015438455,39.191835884530846,39.191835884530846,96.0,-45.00001609038752,1.0,1.7671458676442586,1.0,Silt or smaller
66,1728.0,46.905841142680316,53.665631459994955,39.191835884530846,120.0,0.0,1.3693063937629155,1.5079644737231006,1.0,Silt or smaller
67,1728.0,46.905841142680316,53.665631459994955,39.191835884530846,120.0,90.00003218077504,1.3693063937629155,1.5079644737231006,1.0,Silt or smaller
68,2592.0,57.4476883778063,94.99473669630333,39.191835884530846,168.0,-56.309952608434315,2.4238399287081647,1.1540544441758422,0.8181818181818182,Silt or smaller
69,14256.0,134.72677146634396,196.44575055679218,109.86049279833902,556.6173157302028,-76.06152998484977,1.7881382611071104,0.5782213528624602,0.8181818181818182,Fine Sand
70,2736.0,59.02188911239122,66.53637880532506,51.548342602979766,160.97056274847716,12.820507496305092,1.2907568981951887,1.3268842295691072,1.0,Silt or smaller
71,14976.0,138.0870574020382,187.23787794662795,111.42217076940628,512.7350647362942,79.62734347174188,1.6804364576070416,0.7158460910004453,0.9043478260869565,Fine Sand
72,5328.0,82.36395021093237,105.68627833212395,66.94869045583445,266.9116882454314,-48.6143914515297,1.5786160657144503,0.9398074765109325,0.9024390243902439,Very Fine Sand
73,3456.0,66.33487669849642,74.3774159271482,58.78775382679627,187.88225099390854,0.0,1.2651855375574148,1.2303030149726661,0.9230769230769231,Very Fine Sand
74,8064.0,101.32819789547406,121.275505849316,85.06088244198298,310.79393923934003,-58.612585465090376,1.425749444017745,1.049096168643729,0.9655172413793104,Very Fine Sand
75,2160.0,52.4423246684198,55.42562584220407,48.3189403857328,136.97056274847716,-45.00001609038752,1.1470786693528088,1.446802115179039,1.0,Silt or smaller
76,3024.0,62.05059534991693,77.92242766912692,49.225152862260856,177.94112549695427,-85.55210210552355,1.5829799023106177,1.2001595477065286,0.9545454545454546,Silt or smaller
77,1296.0,40.621650015438455,39.191835884530846,39.191835884530846,96.0,-45.00001609038752,1.0,1.7671458676442586,1.0,Silt or smaller
78,3744.0,69.0435287010191,108.3916541623839,44.071830357032894,225.9411254969543,-11.281598052795289,2.4594316433941112,0.921626870782051,0.896551724137931,Very Fine Sand
79,2736.0,59.02188911239122,66.53637880532506,51.548342602979766,160.97056274847716,12.820507496305092,1.2907568981951887,1.3268842295691072,1.0,Silt or smaller
80,5040.0,80.10697413749455,104.37448064619704,65.59697941371984,259.88225099390854,-49.862886261760266,1.5911476653201924,0.9377501901495247,0.875,Very Fine Sand
81,1296.0,40.621650015438455,39.191835884530846,39.191835884530846,96.0,-45.00001609038752,1.0,1.7671458676442586,1.0,Silt or smaller
82,11808.0,122.61489527880698,149.48649836213136,112.05093498275687,461.8233764908628,15.757516093292372,1.3340941633832446,0.6957198331774715,0.9010989010989011,Very Fine Sand
83,25488.0,180.14530112164965,266.1702319055654,133.3990305663499,778.4406922210658,3.693526129596777,1.9952935997775327,0.5285603265823741,0.8676470588235294,Fine Sand
84,3312.0,64.93819655767211,95.73885453380385,44.735727815037905,201.9411254969543,-78.4007327764586,2.1400982885455875,1.0205884457102006,0.92,Very Fine Sand
85,2304.0,54.162200020584606,53.665631459994955,53.665631459994955,144.0,-45.00001609038752,1.0,1.3962634015954636,1.0,Silt or smaller
86,27792.0,188.11133253283717,315.98737559773906,130.16713151706648,963.4112549695428,-85.59273951130439,2.4275511944911323,0.3762757533169688,0.7845528455284553,Fine Sand
87,1296.0,40.621650015438455,39.191835884530846,39.191835884530846,96.0,-45.00001609038752,1.0,1.7671458676442586,1.0,Silt or smaller
88,8496.0,104.00693809583063,115.00881073437805,99.97163716060831,331.88225099390854,-49.49974807853182,1.1504143975316912,0.9692957615328373,0.9365079365079365,Very Fine Sand
89,1728.0,46.905841142680316,53.665631459994955,39.191835884530846,120.0,0.0,1.3693063937629155,1.5079644737231006,1.0,Silt or smaller
90,2304.0,54.162200020584606,70.38361039434363,40.86743676641883,153.9411254969543,-63.93751468730511,1.7222418620631117,1.2217519021653156,0.8888888888888888,Silt or smaller
91,7632.0,98.57669199876186,148.31904706668203,75.79317832528827,389.82337649086287,17.821950383769238,1.9568917723720214,0.6311207628942831,0.8548387096774194,Very Fine Sand
92,80208.0,319.56845495780385,561.7347276871125,309.9608721622717,2843.086578651014,-17.97698050918627,1.8122762520587803,0.12469452377646875,0.5718685831622177,Medium Sand
93,6192.0,88.79132424398303,143.16250770341065,56.87551435194034,310.79393923934003,-63.12805328096395,2.5171202288832855,0.8055559866371491,0.86,Very Fine Sand
94,36144.0,214.52265639066593,303.02884985977187,234.75267925558484,1405.352380466497,-77.88834869122547,1.2908429876953693,0.22997234321714363,0.6675531914893617,Fine Sand
95,1728.0,46.905841142680316,53.665631459994955,39.191835884530846,120.0,0.0,1.3693063937629155,1.5079644737231006,1.0,Silt or smaller
96,31536.0,200.3818412001649,246.56627386125294,196.09642574981,843.4112549695428,-25.16733979192898,1.2573726059435422,0.5571058085514206,0.8295454545454546,Fine Sand
97,6480.0,90.83277079272577,141.35557162346504,71.39677968074767,341.82337649086287,1.9900718798773958,1.979859207313547,0.6969174684018756,0.8181818181818182,Very Fine Sand
98,31392.0,199.9238249642254,392.0260709246496,163.6144960142237,1298.2051942088829,-67.73477024513537,2.396035073142719,0.23406806496101282,0.6038781163434903,Fine Sand
99,3744.0,69.0435287010191,91.2679908502765,51.6923076923077,201.9411254969543,90.00003218077504,1.7656010134726108,1.1537086777593573,1.0,Very Fine Sand
100,2448.0,55.82911790017533,68.34367819768178,44.47533187308896,153.94112549695427,-24.90175178350549,1.536664827880352,1.2981113960506483,0.9444444444444444,Silt or smaller
101,2160.0,52.4423246684198,55.42562584220407,48.3189403857328,136.97056274847716,45.00001609038753,1.1470786693528088,1.446802115179039,1.0,Silt or smaller
102,2160.0,52.4423246684198,55.42562584220407,48.3189403857328,136.97056274847716,-45.00001609038752,1.1470786693528088,1.446802115179039,1.0,Silt or smaller
103,4608.0,76.59691783707508,81.01953804464019,72.89433760610697,218.9116882454314,-48.3579468248184,1.1114654540444373,1.2083268721137757,1.0,Very Fine Sand
104,8784.0,105.75507628929057,137.21736651740238,84.51409447730816,348.8528137423857,1.7953639359075968,1.6236033452886953,0.9070218112074719,0.9104477611940298,Very Fine Sand
105,58752.0,273.5057032902244,472.4353501706556,243.19584098368068,1956.2194795587554,-37.05540914602713,1.9426127858919995,0.1929289322878606,0.6296296296296297,Medium Sand
106,1296.0,40.621650015438455,39.191835884530846,39.191835884530846,96.0,-45.00001609038752,1.0,1.7671458676442586,1.0,Silt or smaller
107,2592.0,57.4476883778063,66.51112154271688,47.91941893564593,153.94112549695427,-23.109445880672464,1.387978465098647,1.3744708899359803,1.0,Silt or smaller
108,87408.0,333.60354033824507,591.4507754654218,281.93305417922176,3162.5424227737303,-58.03946104724075,2.0978411956245577,0.10982174178240227,0.6100502512562814,Medium Sand
109,4608.0,76.59691783707508,112.26759642368083,53.96282788410488,249.9411254969543,-13.234942507910525,2.0804616960548508,0.9269299015470711,0.9142857142857143,Very Fine Sand
110,3024.0,62.05059534991693,73.59700630695625,51.98401490372773,177.9411254969543,-37.98189184699543,1.4157622577489424,1.200159547706528,0.9130434782608695,Silt or smaller
111,25488.0,180.14530112164965,274.50506836473664,121.63954840999988,676.6173157302028,-22.907264539622354,2.256709038737025,0.6996154741880998,0.917098445595855,Fine Sand
112,3312.0,64.93819655767211,70.54834482871576,60.24264924968429,184.97056274847716,37.892086812010845,1.171069760500041,1.2164519430623792,0.9583333333333334,Very Fine Sand
113,7920.0,100.41940646260807,111.40782323021551,106.78078601484458,379.8822509939086,-34.059173124407955,1.043332114213204,0.6896631796444469,0.8333333333333334,Very Fine Sand
114,25488.0,180.14530112164965,229.92664121480007,188.3140913461483,994.4406922210655,-30.963055522997518,1.2209741691191975,0.3238827723609449,0.7662337662337663,Fine Sand
115,1728.0,46.905841142680316,53.665631459994955,39.191835884530846,120.0,0.0,1.3693063937629155,1.5079644737231006,1.0,Silt or smaller
116,3744.0,69.0435287010191,93.65736617266974,50.87345489040459,208.97056274847716,-83.30743824389562,1.8409869424915895,1.0773962995680184,0.9629629629629629,Very Fine Sand
117,10944.0,118.04377822478244,209.09255246779725,83.29219543907467,509.8233764908628,-85.01650323447582,2.5103498757064355,0.5291105956748057,0.8,Very Fine Sand
118,3312.0,64.93819655767211,95.73885453380385,44.735727815037926,201.9411254969543,-11.599299404316442,2.140098288545586,1.0205884457102006,0.92,Very Fine Sand
119,6192.0,88.79132424398303,103.37622847653739,87.42526471858959,307.88225099390854,52.27986163215289,1.182452564590932,0.8208645592673217,0.8431372549019608,Very Fine Sand
120,15840.0,142.01448654487672,205.4805077462736,107.094111439092,515.6467529817256,16.93979138143984,1.9186909997674075,0.7486183471004204,0.873015873015873,Fine Sand
121,120816.0,392.20875670581785,686.818317230488,373.1660326550353,3680.2480502585013,-60.84343313728902,1.8405167060459688,0.11209342375792083,0.6224035608308606,Medium Sand
122,108864.0,372.30357209950154,759.5957127602863,260.21266942161066,2992.909955141877,-63.637265240787116,2.919134239115576,0.15272384520079998,0.6347607052896725,Medium Sand
123,2160.0,52.4423246684198,67.88225099390857,39.191835884530846,144.0,90.00003218077504,1.7320508075688776,1.308996938995747,1.0,Silt or smaller
124,23760.0,173.93151405914762,310.2819642493883,113.77510011132924,744.4995667241113,-23.388189571932397,2.7271517576849114,0.5386757210319657,0.7894736842105263,Fine Sand
125,1296.0,40.621650015438455,39.191835884530846,39.191835884530846,96.0,-45.00001609038752,1.0,1.7671458676442586,1.0,Silt or smaller
126,1296.0,40.621650015438455,39.191835884530846,39.191835884530846,96.0,-45.00001609038752,1.0,1.7671458676442586,1.0,Silt or smaller
127,2592.0,57.4476883778063,66.51112154271688,47.91941893564593,153.94112549695427,23.109445880672464,1.387978465098647,1.3744708899359803,1.0,Silt or smaller
128,17136.0,147.70996187996852,335.7245722793445,121.04882051811613,830.5584412271571,48.757158348561056,2.773464217514619,0.3121612021793177,0.5560747663551402,Fine Sand
129,14688.0,136.7528516451122,204.7307748613024,97.94678555455134,498.6761902332485,66.18767563778752,2.0902245408276094,0.7422244593773952,0.85,Fine Sand
130,10656.0,116.4802154389229,157.5179845927555,110.0269962269208,512.7350647362944,50.297025168201685,1.431630327050725,0.5093520262887782,0.7789473684210526,Very Fine Sand
131,3744.0,69.0435287010191,96.87353412113958,50.57811390132413,218.9116882454314,-27.583681188714888,1.915325160407048,0.9817655835924427,0.9285714285714286,Very Fine Sand
132,3888.0,70.35876171402046,97.1073185237857,52.867370017590424,225.9411254969543,-24.45069320670885,1.8368100870437742,0.9570740581198222,0.9,Very Fine Sand
133,58176.0,272.1616867865733,450.7577916713479,275.9416648951393,1933.8519471906084,-34.33210986148156,1.6335256650808443,0.19548222656985753,0.5949926362297496,Medium Sand
134,6192.0,88.79132424398303,92.47530961143002,85.47466278145104,259.88225099390854,62.94207908939602,1.0819031816232938,1.1520930907551303,0.9772727272727273,Very Fine Sand
135,2592.0,57.4476883778063,66.51112154271688,47.91941893564593,153.94112549695427,23.109445880672464,1.387978465098647,1.3744708899359803,1.0,Silt or smaller
136,4320.0,74.1646467884524,91.5252257365378,59.86194996720202,218.9116882454314,-22.586557328700746,1.528938261895643,1.1328064426066646,0.967741935483871,Very Fine Sand
137,1728.0,46.905841142680316,53.665631459994955,39.191835884530846,120.0,90.00003218077504,1.3693063937629155,1.5079644737231006,1.0,Silt or smaller
138,1296.0,40.621650015438455,39.191835884530846,39.191835884530846,96.0,-45.00001609038752,1.0,1.7671458676442586,1.0,Silt or smaller
139,46944.0,244.48099555598895,524.5942780515119,169.72173097641098,1885.8519471906084,-81.01797057954577,3.0909081296397063,0.1658726439176905,0.6317829457364341,Fine Sand
140,16128.0,143.2997117146043,220.79903239600367,117.60853236404779,645.5878784786801,18.419616054580043,1.8774065789082204,0.4862724261299466,0.7777777777777778,Fine Sand
141,1296.0,40.621650015438455,39.191835884530846,39.191835884530846,96.0,-45.00001609038752,1.0,1.7671458676442586,1.0,Silt or smaller
142,8064.0,101.32819789547406,114.42864321665537,91.5046775840375,314.91168824543144,-3.450249894314858,1.2505223365391853,1.0218398202002177,0.9824561403508771,Very Fine Sand
143,4176.0,72.91809335695798,91.39510478742982,59.92972682566543,218.9116882454314,13.665855580909765,1.5250379006948696,1.095046227853109,0.9666666666666667,Very Fine Sand
144,2160.0,52.4423246684198,67.88225099390857,39.191835884530846,144.0,0.0,1.7320508075688776,1.308996938995747,1.0,Silt or smaller
145,2448.0,55.82911790017533,68.34367819768178,44.475331873088976,153.94112549695427,65.09828039726953,1.5366648278803514,1.2981113960506483,0.9444444444444444,Silt or smaller
146,3456.0,66.33487669849642,84.92370525341775,56.391172057606916,208.97056274847716,-63.26445030458497,1.505975175807007,0.9945196611397092,0.9230769230769231,Very Fine Sand
147,2160.0,52.4423246684198,55.42562584220407,48.3189403857328,136.97056274847716,-45.00001609038752,1.1470786693528088,1.446802115179039,1.0,Silt or smaller
148,1296.0,40.621650015438455,39.191835884530846,39.191835884530846,96.0,-45.00001609038752,1.0,1.7671458676442586,1.0,Silt or smaller
149,74016.0,306.98550151940043,530.3222606818729,262.5019902870804,2871.2043276571053,15.304764951600829,2.0202599610840886,0.11282550219382512,0.644918444165621,Medium Sand
150,17424.0,148.94605005660765,256.53208277926694,114.75776666267546,646.79393923934,-36.215229971878706,2.235422405294186,0.5233905089946449,0.7289156626506024,Fine Sand
151,191376.0,493.62687438310786,771.4986280809337,427.51737123464534,4910.644153326393,-45.29733929989614,1.8046018243724002,0.09972875749287562,0.6479765967820575,Medium Sand
152,1728.0,46.905841142680316,53.665631459994955,39.191835884530846,120.0,90.00003218077504,1.3693063937629155,1.5079644737231006,1.0,Silt or smaller
153,6480.0,90.83277079272577,128.81333519366362,68.00297549581832,314.9116882454314,-61.60032419366376,1.894230866435906,0.8211212840894608,0.9,Very Fine Sand
154,7920.0,100.41940646260807,123.1038636092034,82.59643652404213,310.79393923934003,-5.934350896748988,1.490425843896672,1.0303623084893767,0.9482758620689655,Very Fine Sand
155,2016.0,50.66409894773703,57.37097324805089,42.54745250054008,129.94112549695427,-45.00001609038752,1.3483997249264839,1.5004003042392393,1.0,Silt or smaller
156,156528.0,446.42764190662024,730.6031599730416,414.61825182033164,4145.83592873718,-40.21075800848147,1.762110463698634,0.11443995500397763,0.5617571059431524,Medium Sand
157,1296.0,40.621650015438455,39.191835884530846,39.191835884530846,96.0,-45.00001609038752,1.0,1.7671458676442586,1.0,Silt or smaller
158,1296.0,40.621650015438455,39.191835884530846,39.191835884530846,96.0,-45.00001609038752,1.0,1.7671458676442586,1.0,Silt or smaller
159,1296.0,40.621650015438455,39.191835884530846,39.191835884530846,96.0,-45.00001609038752,1.0,1.7671458676442586,1.0,Silt or smaller
160,11664.0,121.86495004631536,191.90112549288773,82.8106356793239,447.7645019878171,-8.968434579552437,2.3173487791593113,0.7310684704592332,0.9204545454545454,Very Fine Sand
161,3024.0,62.05059534991693,96.0,39.191835884530846,192.0,90.00003218077504,2.4494897427831783,1.030835089459151,1.0,Silt or smaller
162,59184.0,274.5093973174796,454.7588613158724,312.8849363817201,2243.0134187980957,-32.02627779753521,1.4534380164632341,0.14782586688781538,0.5965166908563135,Medium Sand
163,471600.0,774.893392214118,1351.3871613258877,808.312262648959,12967.006486383878,-48.23170994727062,1.6718627488060023,0.03524554287687565,0.48568886252409904,Coarse Sand
164,5040.0,80.10697413749455,110.5240916497314,63.666996077179355,259.88225099390854,-61.299412700748725,1.7359715152219564,0.9377501901495247,0.875,Very Fine Sand
165,20304.0,160.78512280774845,237.77951434026,142.21047045284905,826.0142853498728,-18.91907281069385,1.6720253690398807,0.3739524236900606,0.7305699481865285,Fine Sand
166,19296.0,156.7431984336472,188.05610469376347,142.296244355617,604.6173157302029,-83.64716385974347,1.3215816450066424,0.6633091570006208,0.8701298701298701,Fine Sand
167,11520.0,121.11036105696769,161.82409835355196,103.76743801434026,450.6761902332485,-51.517179265056185,1.5594882310883351,0.7127432521687899,0.851063829787234,Very Fine Sand
168,2592.0,57.4476883778063,67.93592979450378,48.58713248336697,160.97056274847716,-72.70388165253863,1.3982288380109806,1.2570482174865225,0.9473684210526315,Silt or smaller
169,4320.0,74.1646467884524,83.03186875964485,67.35064045932386,218.9116882454314,-50.539100352996414,1.2328296834800199,1.1328064426066646,0.9375,Very Fine Sand
170,5904.0,86.7018239261228,112.97773513458947,73.62962088973018,295.8822509939086,-53.91310017658717,1.5344060416090985,0.8474583921689339,0.8541666666666666,Very Fine Sand
171,4032.0,71.64985585730216,76.07930100919191,67.47955970781771,204.8528137423857,-45.613805725923896,1.1274421667629506,1.2073870691739297,0.9333333333333333,Very Fine Sand
172,2160.0,52.4423246684198,55.42562584220407,48.3189403857328,136.97056274847716,-45.00001609038752,1.1470786693528088,1.446802115179039,1.0,Silt or smaller
173,1296.0,40.621650015438455,39.191835884530846,39.191835884530846,96.0,-45.00001609038752,1.0,1.7671458676442586,1.0,Silt or smaller
174,10656.0,116.4802154389229,163.3537256768082,87.0304937238678,406.79393923934003,77.18689404775148,1.8769711475508846,0.8091986102497313,0.891566265060241,Very Fine Sand
175,1296.0,40.621650015438455,39.191835884530846,39.191835884530846,96.0,-45.00001609038752,1.0,1.7671458676442586,1.0,Silt or smaller
176,21168.0,164.1704439993811,317.47270302288916,125.38953862406825,885.5878784786798,-29.387889090741933,2.5318914680331313,0.33917697605378183,0.65625,Fine Sand
177,2160.0,52.4423246684198,55.42562584220407,48.3189403857328,136.97056274847716,-45.00001609038752,1.1470786693528088,1.446802115179039,1.0,Silt or smaller
178,26496.0,183.67295657581948,389.49195313929715,120.65528201731155,949.352380466497,89.3829842360412,3.2281384339511394,0.3694326640355101,0.6690909090909091,Fine Sand
179,3600.0,67.70275002573075,84.9623468724395,59.731114286670305,218.9116882454314,-44.2478199039888,1.422413559282952,0.9440053688388872,0.8620689655172413,Very Fine Sand
180,4032.0,71.64985585730216,96.37065398670791,54.1762346154935,218.9116882454314,-19.975761329640594,1.7788363231716275,1.0572860130995538,0.9333333333333333,Very Fine Sand
181,3024.0,62.05059534991693,77.92242766912692,49.225152862260856,177.94112549695427,85.55210210552355,1.5829799023106177,1.2001595477065286,0.9545454545454546,Silt or smaller
182,318384.0,636.6938818702124,1143.6196069612402,529.549824301247,8314.185709548346,-44.124140929705554,2.159607187992692,0.05787908501473815,0.6311732800456752,Coarse Sand
183,2160.0,52.4423246684198,55.42562584220407,48.3189403857328,136.97056274847716,-45.00001609038752,1.1470786693528088,1.446802115179039,1.0,Silt or smaller
184,11376.0,120.35104096312259,239.03109994939402,89.46766640687159,555.7645019878172,75.8696519009309,2.6717037511893253,0.4628260974618805,0.6869565217391305,Very Fine Sand
185,2736.0,59.02188911239122,66.53637880532507,51.548342602979766,160.97056274847716,-12.820507496305085,1.290756898195189,1.3268842295691072,1.0,Silt or smaller
186,57600.0,270.811000102923,500.17359629489124,225.0648065989773,2165.6164491784257,-55.562960846173574,2.2223536582781045,0.15433671934179208,0.6410256410256411,Medium Sand
187,14544.0,136.08084339328664,215.46315996996154,100.027221039431,570.6761902332485,58.051171420224016,2.1540452461937876,0.5611955560802196,0.8211382113821138,Fine Sand
188,1728.0,46.905841142680316,53.665631459994955,39.191835884530846,120.0,90.00003218077504,1.3693063937629155,1.5079644737231006,1.0,Silt or smaller
189,5616.0,84.56070767935114,131.63249426647437,57.90370554557365,293.82337649086287,-46.279864332188666,2.2733000077667187,0.8174557873098757,0.8666666666666667,Very Fine Sand
190,1296.0,40.621650015438455,39.191835884530846,39.191835884530846,96.0,-45.00001609038752,1.0,1.7671458676442586,1.0,Silt or smaller
191,11376.0,120.35104096312259,169.17951010792848,93.80300711155056,430.79393923934003,0.3073187331487009,1.8035616907967584,0.770300674401881,0.8977272727272727,Very Fine Sand
192,1296.0,40.621650015438455,39.191835884530846,39.191835884530846,96.0,-45.00001609038752,1.0,1.7671458676442586,1.0,Silt or smaller
193,7632.0,98.57669199876186,125.15191472682437,81.56937884983789,368.73506473629425,-36.35660741911135,1.5343002054388342,0.7053738389133408,0.9298245614035088,Very Fine Sand
194,2880.0,60.555180528483845,67.88225099390857,53.665631459994955,168.0,90.00003218077504,1.2649110640673518,1.282282715750936,1.0,Silt or smaller
195,90864.0,340.1347350577648,659.1236772243109,359.3877361297587,3294.6155826266486,-67.32710929288122,1.8340182787604389,0.1051943026554981,0.536108751062022,Medium Sand
196,5184.0,81.24330003087691,103.37939134233213,64.80596081225907,249.9411254969543,-89.26200947286715,1.5952142371875193,1.042796139240455,0.9473684210526315,Very Fine Sand
197,3744.0,69.0435287010191,78.12501649942757,60.25397056262601,194.9116882454314,-17.107857183373216,1.2965953242571289,1.2384256479434992,0.9629629629629629,Very Fine Sand
198,5472.0,83.46955605962458,121.40755047488662,60.037075669963116,283.88225099390854,-25.03730716306692,2.0222095949891092,0.8532562385137993,0.9047619047619048,Very Fine Sand
199,2160.0,52.4423246684198,55.42562584220407,48.3189403857328,136.97056274847716,-45.00001609038752,1.1470786693528088,1.446802115179039,1.0,Silt or smaller
200,2448.0,55.82911790017533,68.34367819768178,44.475331873088976,153.94112549695427,-65.09828039726953,1.5366648278803514,1.2981113960506483,0.9444444444444444,Silt or smaller
201,2448.0,55.82911790017533,68.34367819768178,44.47533187308896,153.94112549695427,-24.90175178350549,1.536664827880352,1.2981113960506483,0.9444444444444444,Silt or smaller
202,1296.0,40.621650015438455,39.191835884530846,39.191835884530846,96.0,-45.00001609038752,1.0,1.7671458676442586,1.0,Silt or smaller
203,5904.0,86.7018239261228,126.1250038516103,67.37420958565737,324.8528137423857,-3.6781800175368686,1.8720071764442607,0.7030447139863863,0.82,Very Fine Sand
204,2448.0,55.82911790017533,68.34367819768178,44.475331873088976,153.94112549695427,-65.09828039726953,1.5366648278803514,1.2981113960506483,0.9444444444444444,Silt or smaller
205,4032.0,71.64985585730216,105.44495042695996,51.50208219356074,235.88225099390854,35.68819876801378,2.047391987583439,0.9106256107157354,0.875,Very Fine Sand
206,81360.0,321.8551993671266,509.67699536794004,339.37897303867567,2529.380951166243,-44.42709317665661,1.5017930863673665,0.1598057187762803,0.5788934426229508,Medium Sand
207,8640.0,104.8846493368396,126.94657011139842,106.32971521146763,447.7645019878172,7.994694139730048,1.1938955150865227,0.5415322003401725,0.8,Very Fine Sand
208,169632.0,464.73881961002047,726.163118898395,463.22858112496897,5017.438092565733,7.972618195348906,1.567612942048781,0.08467468724939735,0.6472527472527473,Medium Sand
209,177264.0,475.0784510561744,744.5115837898072,535.1966529635363,5203.261469056597,-45.34722094567838,1.391099102857304,0.08227712517344023,0.5631290027447392,Medium Sand
210,9072.0,107.47478378595324,159.02814120944683,90.1501416299195,471.7645019878171,-64.77998706518004,1.7640365099178916,0.5122269060276011,0.7777777777777778,Very Fine Sand
211,1296.0,40.621650015438455,39.191835884530846,39.191835884530846,96.0,-45.00001609038752,1.0,1.7671458676442586,1.0,Silt or smaller
212,2592.0,57.4476883778063,66.51112154271688,47.91941893564593,153.94112549695427,66.89058630010258,1.387978465098647,1.3744708899359803,1.0,Silt or smaller
213,4032.0,71.64985585730216,90.98127050148405,58.344160556108875,218.9116882454314,5.211139206242424,1.5593894853279868,1.0572860130995538,0.9333333333333333,Very Fine Sand
214,1728.0,46.905841142680316,53.665631459994955,39.191835884530846,120.0,90.00003218077504,1.3693063937629155,1.5079644737231006,1.0,Silt or smaller
215,1728.0,46.905841142680316,53.665631459994955,39.191835884530846,120.0,0.0,1.3693063937629155,1.5079644737231006,1.0,Silt or smaller
216,3456.0,66.33487669849642,84.92370525341775,56.391172057606916,208.97056274847716,63.26445030458497,1.505975175807007,0.9945196611397092,0.9230769230769231,Very Fine Sand
217,1728.0,46.905841142680316,53.665631459994955,39.191835884530846,120.0,0.0,1.3693063937629155,1.5079644737231006,1.0,Silt or smaller
218,2016.0,50.66409894773703,57.37097324805089,42.54745250054008,129.94112549695427,-45.00001609038752,1.3483997249264839,1.5004003042392393,1.0,Silt or smaller
219,46944.0,244.48099555598895,389.56566431325916,250.49183930284255,1896.146319705837,65.03203617655643,1.5552030173816462,0.164076453904303,0.618595825426945,Fine Sand
220,1296.0,40.621650015438455,39.191835884530846,39.191835884530846,96.0,-45.00001609038752,1.0,1.7671458676442586,1.0,Silt or smaller
221,32459328.0,6428.724601748726,10699.873888097643,7684.356584278449,857742.6622867659,-76.32927239330986,1.3924228750639567,0.0005544155025352551,0.4595799165705012,Very Coarse Sand
222,15408.0,140.06453835742786,186.97571986715042,113.73331760204704,515.6467529817256,-25.146489879161948,1.643983696328798,0.7282014830885908,0.8699186991869918,Fine Sand
223,7632.0,98.57669199876186,131.85520100073603,80.1676611013682,389.8233764908628,-65.70069653388079,1.6447430196823554,0.6311207628942832,0.8688524590163934,Very Fine Sand
224,11952.0,123.36028144696601,211.39401244914256,96.01012511018803,562.7939392393399,71.67453153806512,2.2017887405784733,0.47418916333203387,0.7280701754385965,Very Fine Sand
225,2160.0,52.4423246684198,55.42562584220407,48.3189403857328,136.97056274847716,-45.00001609038752,1.1470786693528088,1.446802115179039,1.0,Silt or smaller
226,4752.0,77.78453777314289,86.81937044629132,70.89032541626318,228.8528137423857,24.275405635181343,1.22469984354697,1.1401809566205188,0.9428571428571428,Very Fine Sand
227,160272.0,451.735152842674,742.9703974494125,435.09059218792675,5004.158871952155,-55.63432935967952,1.7076222993314105,0.08042764309281306,0.5939167556029883,Medium Sand
228,1296.0,40.621650015438455,39.191835884530846,39.191835884530846,96.0,-45.00001609038752,1.0,1.7671458676442586,1.0,Silt or smaller
229,9504.0,110.00394826170097,117.81019425693522,107.519736171241,361.7056274847714,-33.114976552946,1.0957076203135874,0.9128633272113803,0.9041095890410958,Very Fine Sand
230,1296.0,40.621650015438455,39.191835884530846,39.191835884530846,96.0,-45.00001609038752,1.0,1.7671458676442586,1.0,Silt or smaller
231,4752.0,77.78453777314289,80.1453225539253,76.1381953646685,225.9411254969543,-54.462341681800545,1.0526296580850703,1.1697571821464494,0.9705882352941176,Very Fine Sand
232,2160.0,52.4423246684198,67.88225099390857,39.191835884530846,144.0,0.0,1.7320508075688776,1.308996938995747,1.0,Silt or smaller
233,1296.0,40.621650015438455,39.191835884530846,39.191835884530846,96.0,-45.00001609038752,1.0,1.7671458676442586,1.0,Silt or smaller
234,11808.0,122.61489527880698,176.83488338268194,113.18751393648205,560.7350647362944,0.5020301360017638,1.5623179380184742,0.4719226030664106,0.7387387387387387,Very Fine Sand
235,1296.0,40.621650015438455,39.191835884530846,39.191835884530846,96.0,-45.00001609038752,1.0,1.7671458676442586,1.0,Silt or smaller
236,3456.0,66.33487669849642,83.15916148419495,53.856790298397726,201.9411254969543,35.94500110268952,1.544079419204991,1.0649618563932528,0.9230769230769231,Very Fine Sand
237,10944.0,118.04377822478244,183.82272726888738,97.60777101024757,486.24978336205567,44.448003736513925,1.883279634052788,0.5816571978130352,0.8,Very Fine Sand
238,1296.0,40.621650015438455,39.191835884530846,39.191835884530846,96.0,-45.00001609038752,1.0,1.7671458676442586,1.0,Silt or smaller
239,100368.0,357.4807779811088,597.5740166258047,335.3778428025089,2957.3363620130694,-25.34690550702547,1.7817933696284551,0.1442127597357302,0.6066144473455178,Medium Sand
240,9648.0,110.83417851730056,163.26487616171923,79.53172787474116,382.79393923934003,-79.30534655418013,2.0528269726373094,0.8274029268502334,0.9305555555555556,Very Fine Sand
241,4176.0,72.91809335695798,102.90431611653088,51.83418351544416,228.8528137423857,-40.190482397059874,1.9852597096638016,1.00197720430288,0.9666666666666667,Very Fine Sand
242,1728.0,46.905841142680316,53.665631459994955,39.191835884530846,120.0,90.00003218077504,1.3693063937629155,1.5079644737231006,1.0,Silt or smaller
243,1728.0,46.905841142680316,53.665631459994955,39.191835884530846,120.0,0.0,1.3693063937629155,1.5079644737231006,1.0,Silt or smaller
244,1296.0,40.621650015438455,39.191835884530846,39.191835884530846,96.0,-45.00001609038752,1.0,1.7671458676442586,1.0,Silt or smaller
245,11376.0,120.35104096312259,147.25978009958666,109.79356550190292,457.7056274847714,-68.38227073049715,1.3412423526498407,0.6823810270683407,0.8404255319148937,Very Fine Sand
246,2160.0,52.4423246684198,67.88225099390857,39.191835884530846,144.0,90.00003218077504,1.7320508075688776,1.308996938995747,1.0,Silt or smaller
247,1728.0,46.905841142680316,53.665631459994955,39.191835884530846,120.0,90.00003218077504,1.3693063937629155,1.5079644737231006,1.0,Silt or smaller
248,4464.0,75.39059177177062,79.01326960829775,72.29492147568774,218.9116882454314,60.94541769281253,1.0929297382924654,1.17056665736022,0.9393939393939394,Very Fine Sand
249,6480.0,90.83277079272577,98.89947402916457,83.83569004692151,262.79393923934003,17.82390553148868,1.1796822328749497,1.1791096126948946,1.0,Very Fine Sand
250,43488.0,235.30967111753557,396.06224489625134,295.29693505479463,1765.4255403194156,-66.84471089938661,1.3412338493210536,0.17533979265432748,0.5613382899628253,Fine Sand
251,8352.0,103.12175656779746,112.07084566141626,98.78034815563319,341.8233764908628,24.84441485038455,1.1345459674311256,0.8982491814957512,0.90625,Very Fine Sand
252,212112.0,519.6820049923462,1090.9728742681568,465.99075761134253,6319.834195633626,-59.1881996525027,2.3411899408916557,0.06673654728270025,0.5047978067169294,Coarse Sand
253,26928.0,185.16423645139594,293.6366074053592,139.2789919180953,912.4995667241113,-51.37161029158529,2.1082620096650024,0.4063952552469243,0.7362204724409449,Fine Sand
254,400464.0,714.0634432897557,1152.2212907769062,817.4557147413113,12134.316010800756,-28.07322881983714,1.4095213599938359,0.03417769289085666,0.5133837917666605,Coarse Sand
255,6192.0,88.79132424398303,97.11307893286605,80.89364738903804,259.8822509939086,-47.227818303632624,1.2005031552826968,1.1520930907551297,0.9772727272727273,Very Fine Sand
256,4320.0,74.1646467884524,91.13916278719955,62.057175301880605,225.9411254969543,87.03171601788809,1.4686321500108246,1.0634156201331357,0.9375,Very Fine Sand
257,10512.0,115.69050995762804,175.90691126044013,83.5878988888696,430.79393923934003,56.21967231872502,2.1044542762620337,0.7117968257131306,0.8488372093023255,Very Fine Sand
258,1728.0,46.905841142680316,53.665631459994955,39.191835884530846,120.0,0.0,1.3693063937629155,1.5079644737231006,1.0,Silt or smaller
259,5616.0,84.56070767935114,90.83254958379376,79.49041478452934,249.9411254969543,81.37929939884101,1.142685565674918,1.129695817510493,0.975,Very Fine Sand
260,9936.0,112.47625578978247,190.7589362757339,76.03831904059606,447.7645019878171,-45.76922467745487,2.5087211117053982,0.6227620303911987,0.8214285714285714,Very Fine Sand
261,6048.0,87.75279349717744,118.58769892510998,65.27288487865513,273.9411254969543,-2.0936659021382518,1.8167988000770792,1.0127614806253273,0.9767441860465116,Very Fine Sand
262,2160.0,52.4423246684198,55.42562584220407,48.3189403857328,136.97056274847716,-45.00001609038752,1.1470786693528088,1.446802115179039,1.0,Silt or smaller
263,12240.0,124.83770274864239,171.7230763647992,99.31036383786261,436.6173157302028,-13.8895947054164,1.7291556462844098,0.8068436236297188,0.9042553191489362,Very Fine Sand
264,1296.0,40.621650015438455,39.191835884530846,39.191835884530846,96.0,-45.00001609038752,1.0,1.7671458676442586,1.0,Silt or smaller
265,3168.0,63.51080914081473,78.03765201379449,55.570155871167216,180.42640687119285,-38.02596550453102,1.4043086759503696,1.222910956932402,0.9166666666666666,Very Fine Sand
266,5616.0,84.56070767935114,118.04739174200678,60.126565139325606,262.79393923934,51.54082150845631,1.9633150749334627,1.0218949976689091,0.975,Very Fine Sand
267,13104.0,129.1686145865534,148.87378033504862,125.75840314391775,471.7645019878172,-44.77652280722968,1.1838078141361073,0.7398833087065346,0.900990099009901,Fine Sand
268,1296.0,40.621650015438455,39.191835884530846,39.191835884530846,96.0,-45.00001609038752,1.0,1.7671458676442586,1.0,Silt or smaller
269,1296.0,40.621650015438455,39.191835884530846,39.191835884530846,96.0,-45.00001609038752,1.0,1.7671458676442586,1.0,Silt or smaller
270,1296.0,40.621650015438455,39.191835884530846,39.191835884530846,96.0,-45.00001609038752,1.0,1.7671458676442586,1.0,Silt or smaller
271,2160.0,52.4423246684198,55.42562584220407,48.3189403857328,136.97056274847716,45.00001609038752,1.1470786693528088,1.446802115179039,1.0,Silt or smaller
272,1728.0,46.905841142680316,53.665631459994955,39.191835884530846,120.0,90.00003218077504,1.3693063937629155,1.5079644737231006,1.0,Silt or smaller
273,15984.0,142.6585464774082,241.94132555528773,112.27573780530817,707.6467529817256,-13.717782662834594,2.154885198570917,0.4011088999581215,0.7302631578947368,Fine Sand
274,8496.0,104.00693809583063,142.3178302473696,99.70228032719578,447.7645019878171,43.03501162065068,1.4274280365536394,0.5325066636678365,0.7662337662337663,Very Fine Sand
275,39456.0,224.13598434225278,409.90056157568097,196.0009744437009,1472.0285706997456,-23.03502074485755,2.091318998484981,0.22881813433660816,0.6270022883295194,Fine Sand
276,2304.0,54.162200020584606,53.665631459994955,53.665631459994955,144.0,-45.00001609038752,1.0,1.3962634015954636,1.0,Silt or smaller
277,5328.0,82.36395021093237,102.89151160749554,71.96871597747185,276.8528137423857,0.6598909235857117,1.429669964373178,0.873526725426158,0.9024390243902439,Very Fine Sand
278,1296.0,40.621650015438455,39.191835884530846,39.191835884530846,96.0,-45.00001609038752,1.0,1.7671458676442586,1.0,Silt or smaller
279,3024.0,62.05059534991693,73.32121111929344,51.46665256776093,170.91168824543144,-45.00001609038752,1.4246353213424716,1.3009126076835014,1.0,Silt or smaller
280,7344.0,96.69886874485675,147.49150073663725,80.94152560247375,387.33809511662423,67.08452414766823,1.8221981812031671,0.615123200274803,0.796875,Very Fine Sand
281,1296.0,40.621650015438455,39.191835884530846,39.191835884530846,96.0,-45.00001609038752,1.0,1.7671458676442586,1.0,Silt or smaller
282,1728.0,46.905841142680316,53.665631459994955,39.191835884530846,120.0,90.00003218077504,1.3693063937629155,1.5079644737231006,1.0,Silt or smaller
283,5472.0,83.46955605962458,96.6115916234802,72.90479374660836,249.9411254969543,-21.848483243433574,1.3251747472089201,1.1007292580871468,0.9743589743589743,Very Fine Sand
284,55872.0,266.7179031175879,414.5843179426254,220.96098431753182,1757.1900423072327,-69.81378460819276,1.8762783811048165,0.2273875145486862,0.708029197080292,Medium Sand
285,8208.0,102.22891070135796,110.99832559199695,96.02211756690966,310.79393923934,76.56512083318435,1.1559662336612357,1.0678300287980818,0.95,Very Fine Sand
286,8208.0,102.22891070135796,127.86938624706012,93.70905409725856,365.82337649086287,39.88408024111749,1.364536089696811,0.7707336206089317,0.8636363636363636,Very Fine Sand
287,2304.0,54.162200020584606,53.665631459994955,53.665631459994955,144.0,-45.00001609038752,1.0,1.3962634015954636,1.0,Silt or smaller
288,27936.0,188.59803795830302,371.68177311474693,123.74760703716547,992.3818177180201,-55.47197379971537,3.00354715548656,0.356464667071002,0.7132352941176471,Fine Sand
289,1296.0,40.621650015438455,39.191835884530846,39.191835884530846,96.0,-45.00001609038752,1.0,1.7671458676442586,1.0,Silt or smaller
290,1296.0,40.621650015438455,39.191835884530846,39.191835884530846,96.0,-45.00001609038752,1.0,1.7671458676442586,1.0,Silt or smaller
291,2160.0,52.4423246684198,55.42562584220407,48.3189403857328,136.97056274847716,-45.00001609038752,1.1470786693528088,1.446802115179039,1.0,Silt or smaller
292,1728.0,46.905841142680316,53.665631459994955,39.191835884530846,120.0,0.0,1.3693063937629155,1.5079644737231006,1.0,Silt or smaller
293,64656.0,286.91911055974765,480.6776074425227,262.41199078287144,2229.380951166243,22.701136784909824,1.8317669326332409,0.16347454042959225,0.6460431654676259,Medium Sand
294,4032.0,71.64985585730216,109.72982588853117,48.08684749813996,232.97056274847716,-83.29255587235191,2.2819093285908503,0.9335300235447705,0.9333333333333333,Very Fine Sand
295,1728.0,46.905841142680316,53.665631459994955,39.191835884530846,120.0,0.0,1.3693063937629155,1.5079644737231006,1.0,Silt or smaller
296,3024.0,62.05059534991693,82.33754731408911,47.747184298370776,184.97056274847716,-78.95108217222348,1.7244482271365815,1.110673513230868,0.9545454545454546,Silt or smaller
297,15984.0,142.6585464774082,204.04397689683782,127.63423008769016,631.5290039756342,-53.600741735129766,1.5986618695991734,0.5036266843522151,0.7872340425531915,Fine Sand
298,6768.0,92.82933393474059,113.95702199385525,80.12468180839656,300.8528137423857,-61.61535255186698,1.4222461721141373,0.9396412173254625,0.9038461538461539,Very Fine Sand
299,3744.0,69.0435287010191,94.55724669538287,51.61525160241129,211.88225099390854,18.18295497493864,1.831963300765262,1.0479885743570192,0.896551724137931,Very Fine Sand
300,1296.0,40.621650015438455,39.191835884530846,39.191835884530846,96.0,-45.00001609038752,1.0,1.7671458676442586,1.0,Silt or smaller
301,80640.0,320.4278965499782,475.695048191571,282.4530387253827,2160.292639411674,-78.28312426692423,1.6841562418242184,0.21713768899817862,0.7272727272727273,Medium Sand
302,279216.0,596.2456311980602,924.0289114286352,619.2602906941454,8629.877051683245,-31.834265848455594,1.4921494649574034,0.04711302047641143,0.6163382072472982,Coarse Sand
303,14112.0,134.04460621488136,189.35286494506744,124.71724885616759,613.7056274847714,87.70219059668143,1.5182572313108194,0.47084527928436143,0.7716535433070866,Fine Sand
304,8784.0,105.75507628929057,135.3083884687052,95.05261344126663,406.79393923934003,-33.49967710712189,1.4235104493188162,0.6670420976382919,0.8472222222222222,Very Fine Sand
305,4320.0,74.1646467884524,83.03186875964487,67.35064045932387,218.9116882454314,-39.46093182777861,1.2328296834800199,1.1328064426066646,0.9375,Very Fine Sand
306,1296.0,40.621650015438455,39.191835884530846,39.191835884530846,96.0,-45.00001609038752,1.0,1.7671458676442586,1.0,Silt or smaller
307,4752.0,77.78453777314289,104.43220941538519,59.42615043589312,242.9116882454314,6.364249006162331,1.7573443450294337,1.0120208760449974,0.9166666666666666,Very Fine Sand
308,2736.0,59.02188911239122,66.53637880532507,51.548342602979766,160.97056274847716,-12.820507496305085,1.290756898195189,1.3268842295691072,1.0,Silt or smaller
309,3888.0,70.35876171402046,81.74650185573506,60.01463444802902,201.9411254969543,-23.289808030658957,1.3621094689250373,1.1980820884424095,0.9642857142857143,Very Fine Sand
310,121968.0,394.0742072151619,725.5128884394783,279.5028299630789,3662.1445866022823,-33.31887047374081,2.5957264494792964,0.11428383164239941,0.657608695652174,Medium Sand
311,23184.0,171.8103186806311,382.918607858472,111.19515006695777,883.5290039756342,-28.609061600401024,3.4436628542512153,0.37321286894390826,0.6764705882352942,Fine Sand
312,4896.0,78.95429570975449,97.53055184155193,63.91072198636154,235.88225099390854,-37.81349679681488,1.5260436560607908,1.1057596701548216,0.9714285714285714,Very Fine Sand
313,1296.0,40.621650015438455,39.191835884530846,39.191835884530846,96.0,-45.00001609038752,1.0,1.7671458676442586,1.0,Silt or smaller
314,14832.0,137.42157373393718,205.8596478074371,100.09261313127942,539.6467529817256,-17.012159083587402,2.0566917114796057,0.6400154297476771,0.8803418803418803,Fine Sand
315,2304.0,54.162200020584606,70.38361039434363,40.86743676641883,153.9411254969543,63.93751468730511,1.7222418620631117,1.2217519021653156,0.8888888888888888,Silt or smaller
316,15984.0,142.6585464774082,189.56306961905796,132.16770720005644,652.6173157302028,-88.97631283913913,1.4342616183250019,0.47160472718168744,0.7762237762237763,Fine Sand
317,6192.0,88.79132424398303,100.83242254569267,81.01036169540353,273.9411254969543,-36.289915875138,1.244685499921843,1.0368748492116446,0.9555555555555556,Very Fine Sand
318,20880.0,163.04981353583386,403.12981374046,97.83311704542248,999.8376618407357,-26.729970220210557,4.120586422216239,0.26247102963836594,0.5918367346938775,Fine Sand
319,7488.0,97.64229468307727,166.60239365620336,70.13459462301536,389.82337649086287,-52.13220455890558,2.37546669445682,0.6192128239717495,0.7761194029850746,Very Fine Sand
320,87840.0,334.42691519902627,901.2399829338059,274.5167404325378,3073.1454531540594,-62.532240351044194,3.2830055519156387,0.1168788578522743,0.4607250755287009,Medium Sand
321,4320.0,74.1646467884524,83.54368235599381,65.33829763929273,211.8822509939086,-48.69005752187414,1.278632676002762,1.20921758579656,0.967741935483871,Very Fine Sand
322,2880.0,60.555180528483845,74.78364958166196,48.24319387485855,170.91168824543144,-47.88548523291468,1.5501388605333344,1.2389643882700012,0.9523809523809523,Silt or smaller
323,1728.0,46.905841142680316,53.665631459994955,39.191835884530846,120.0,90.00003218077504,1.3693063937629155,1.5079644737231006,1.0,Silt or smaller
324,4464.0,75.39059177177062,88.39948403951132,68.38508444930218,235.88225099390854,-58.8894856098535,1.2926720022557985,1.0081926404352783,0.9117647058823529,Very Fine Sand
325,381744.0,697.1739788355414,1306.61447825503,568.3797084409491,11087.258002849487,-76.7121918178258,2.2988408256850685,0.03902417911400432,0.5657276995305164,Coarse Sand
326,7632.0,98.57669199876186,122.11867338849812,83.58781496283129,324.85281374238565,-35.844412800915244,1.4609626228751191,0.908813898567768,0.8983050847457628,Very Fine Sand
327,174240.0,471.0087666643316,1105.3179439320336,341.75444116469595,5398.173157302028,-38.34637498832004,3.2342460281280334,0.07513877385668953,0.508189836203276,Medium Sand
328,2592.0,57.4476883778063,67.93592979450379,48.58713248336697,160.97056274847716,-17.29615052823642,1.398228838010981,1.2570482174865225,0.9473684210526315,Silt or smaller
329,3600.0,67.70275002573075,82.66370801829962,56.18590015889491,201.9411254969543,31.845950810679568,1.471253602496799,1.109335267076305,0.9615384615384616,Very Fine Sand
330,4320.0,74.1646467884524,98.92349319428106,59.31662915440347,235.8822509939086,29.716808059606457,1.6677194001833684,0.9756702971954302,0.8823529411764706,Very Fine Sand
331,8208.0,102.22891070135796,191.78220970690114,69.01085543131619,450.24978336205567,-18.005762725570204,2.779015105786864,0.5087918976915632,0.76,Very Fine Sand
332,3600.0,67.70275002573075,98.75934400312573,51.239859212065326,225.9411254969543,24.471160243665555,1.927392961686185,0.8861796834442798,0.8333333333333334,Very Fine Sand
333,28080.0,189.0834905965176,319.68478560074095,177.82699919413398,1099.9554108468271,-81.84245708315267,1.7977291808863098,0.2916465253461622,0.6372549019607843,Fine Sand
334,6048.0,87.75279349717744,128.795884369756,69.29637448201183,314.9116882454314,56.12533324778814,1.8586237062544917,0.7663798651501635,0.8571428571428571,Very Fine Sand
335,4320.0,74.1646467884524,92.05491660895123,59.73384575028662,218.9116882454314,11.033953726550175,1.5410847142469397,1.1328064426066646,0.967741935483871,Very Fine Sand
336,4464.0,75.39059177177062,113.33699637263457,52.4221534573366,259.88225099390854,-46.71520228120846,2.1620057341763554,0.8305787398467217,0.8611111111111112,Very Fine Sand
337,1728.0,46.905841142680316,53.665631459994955,39.191835884530846,120.0,0.0,1.3693063937629155,1.5079644737231006,1.0,Silt or smaller
338,1296.0,40.621650015438455,39.191835884530846,39.191835884530846,96.0,-45.00001609038752,1.0,1.7671458676442586,1.0,Silt or smaller
339,12096.0,124.10119069983386,198.19747622970132,94.32750809559175,498.6761902332485,-40.18230477571877,2.1011630671812878,0.6112436724284431,0.8316831683168316,Very Fine Sand
340,3168.0,63.51080914081473,66.03380051093043,59.671829808773865,170.9116882454314,-45.00001609038752,1.106615981486479,1.362860827097002,1.0,Very Fine Sand
341,28512.0,190.5324274224442,336.38583050900326,133.2644864701918,963.4112549695426,82.19692780404235,2.5241971017105524,0.3860238298277713,0.7674418604651163,Fine Sand
342,1296.0,40.621650015438455,39.191835884530846,39.191835884530846,96.0,-45.00001609038752,1.0,1.7671458676442586,1.0,Silt or smaller
343,10080.0,113.28836926591555,229.701743449302,70.45277818730939,509.8233764908628,-45.516039622170226,3.260364592558793,0.4873387065425842,0.7070707070707071,Very Fine Sand
344,1296.0,40.621650015438455,39.191835884530846,39.191835884530846,96.0,-45.00001609038752,1.0,1.7671458676442586,1.0,Silt or smaller
345,12528.0,126.29784248530186,176.5046009898761,111.01678924419284,529.7056274847714,-14.291411132933918,1.5898910623476608,0.5610769598096039,0.7981651376146789,Fine Sand
346,2880.0,60.555180528483845,67.88225099390857,53.665631459994955,168.0,90.00003218077504,1.2649110640673518,1.282282715750936,1.0,Silt or smaller
347,4896.0,78.95429570975449,135.61502854025127,49.90048941358601,283.4558441227157,-75.17034224818833,2.717709387902886,0.7657384278158589,0.85,Very Fine Sand
348,36000.0,214.09489393833255,458.41277247863536,139.24118739960124,1208.0285706997456,-65.5829166333976,3.2922210808434125,0.3099973299806653,0.6578947368421053,Fine Sand
349,42912.0,233.74613439301044,384.4902194715644,223.12240194733454,1444.6904755831215,10.021090863486847,1.7232255305422843,0.25836816512213756,0.6340425531914894,Fine Sand
350,1728.0,46.905841142680316,53.665631459994955,39.191835884530846,120.0,90.00003218077504,1.3693063937629155,1.5079644737231006,1.0,Silt or smaller
351,2736.0,59.02188911239122,66.53637880532506,51.548342602979766,160.97056274847716,-77.17952468446995,1.2907568981951887,1.3268842295691072,1.0,Silt or smaller
352,2160.0,52.4423246684198,67.88225099390857,39.191835884530846,144.0,90.00003218077504,1.7320508075688776,1.308996938995747,1.0,Silt or smaller
353,1728.0,46.905841142680316,53.665631459994955,39.191835884530846,120.0,0.0,1.3693063937629155,1.5079644737231006,1.0,Silt or smaller
354,2448.0,55.82911790017533,68.34367819768178,44.47533187308896,153.94112549695427,-24.90175178350549,1.536664827880352,1.2981113960506483,0.9444444444444444,Silt or smaller
355,4032.0,71.64985585730216,80.49320856602733,63.01689526652149,201.9411254969543,-69.49548139829992,1.2773274250594564,1.2424554991254617,1.0,Very Fine Sand
356,15696.0,141.36749235295613,241.98266884658167,95.69571581241934,611.6467529817256,-8.149521042676826,2.528667733892193,0.5272268324495178,0.8195488721804511,Fine Sand
357,15408.0,140.06453835742786,282.4502708365071,81.6567689113888,659.2203461105328,-66.16724091200412,3.4589939646401238,0.4455484405725673,0.7697841726618705,Fine Sand
358,24480.0,176.54717232263107,270.1901290461189,158.05376613535984,1014.3229432149743,-1.6131286386320522,1.7094823847140956,0.2989983415800863,0.6938775510204082,Fine Sand
359,52272.0,257.98212628474175,507.06764301507246,188.72257687279927,1799.793072687563,-78.32467872354314,2.6868414548877246,0.20278406718953468,0.6685082872928176,Medium Sand
360,4032.0,71.64985585730216,94.03887742904294,55.781971168072225,218.9116882454314,13.9394770850437,1.6858292286893533,1.0572860130995538,0.9032258064516129,Very Fine Sand
361,2016.0,50.66409894773703,57.37097324805089,42.54745250054008,129.94112549695427,-45.00001609038752,1.3483997249264839,1.5004003042392393,1.0,Silt or smaller
362,1728.0,46.905841142680316,53.665631459994955,39.191835884530846,120.0,0.0,1.3693063937629155,1.5079644737231006,1.0,Silt or smaller
363,4176.0,72.91809335695798,87.33289462028968,62.10757419904128,211.88225099390854,90.00003218077504,1.406155299841638,1.1689103329366752,1.0,Very Fine Sand
364,190944.0,493.0694186723721,730.8367845760296,577.6669520990446,5394.835062185404,66.02327529532431,1.265152493007291,0.08244409163963547,0.5351089588377724,Medium Sand
365,16560.0,145.2062218391977,279.15347339312746,116.04649968178137,798.6761902332485,-6.837546999696668,2.405531180678541,0.32623362448709403,0.7666666666666667,Fine Sand
366,2592.0,57.4476883778063,67.93592979450378,48.58713248336697,160.97056274847716,17.296150528236417,1.3982288380109806,1.2570482174865225,0.9473684210526315,Silt or smaller
367,7056.0,94.78385003602305,107.98639370073342,82.64643964405988,279.7645019878171,90.00003218077504,1.3066067233604637,1.1328782007946039,0.9607843137254902,Very Fine Sand
368,3168.0,63.51080914081473,72.07152646335486,55.27520208740918,177.94112549695427,-49.4167249952533,1.303867263106246,1.2573100023592203,0.9565217391304348,Very Fine Sand
369,41472.0,229.7907535112252,428.2969110890783,235.5376364273372,1662.396103067893,19.526326878678933,1.8183799310612803,0.18858008170457352,0.5647058823529412,Fine Sand
370,4176.0,72.91809335695798,105.08280209293213,49.80210010798413,225.9411254969543,-82.26152576683214,2.1100074467760357,1.0279684327953644,0.9666666666666667,Very Fine Sand
371,11376.0,120.35104096312259,142.16216547326127,105.27990073994823,396.8528137423857,-24.91857699271052,1.3503257931864494,0.9076962049650006,0.9518072289156626,Very Fine Sand
372,3168.0,63.51080914081473,80.53781101287771,50.05921953111046,184.97056274847716,79.92651570568823,1.6088507125610625,1.1635627281466239,0.9565217391304348,Very Fine Sand
373,6768.0,92.82933393474059,116.98340005392288,79.7718197962062,331.88225099390854,-36.18520355612932,1.4664752584657268,0.7721508608820906,0.8545454545454545,Very Fine Sand
374,12096.0,124.10119069983386,162.7851999973694,104.3350132426649,450.6761902332485,-16.89455844150084,1.5602164119034485,0.7483804147772294,0.865979381443299,Very Fine Sand
375,2736.0,59.02188911239122,66.53637880532506,51.548342602979766,160.97056274847716,77.17952468446995,1.2907568981951887,1.3268842295691072,1.0,Silt or smaller
376,3312.0,64.93819655767211,70.77213895435062,58.36020085193556,177.94112549695427,-45.00001609038752,1.212678125181665,1.314460457011912,1.0,Very Fine Sand
377,4320.0,74.1646467884524,93.79775799747651,58.400518787480266,218.9116882454314,19.4234548695306,1.6061117254592712,1.1328064426066646,0.967741935483871,Very Fine Sand
378,4032.0,71.64985585730216,104.36615609313165,49.31646404203559,228.8528137423857,-52.9016372206817,2.1162538336928143,0.9674262662234705,0.9333333333333333,Very Fine Sand
379,2592.0,57.4476883778063,66.51112154271688,47.91941893564593,153.94112549695427,-23.109445880672464,1.387978465098647,1.3744708899359803,1.0,Silt or smaller
380,5040.0,80.10697413749455,87.0098677296098,74.57306825867192,235.88225099390854,-12.395065339822153,1.1667733373635412,1.1382820133946692,0.9459459459459459,Very Fine Sand
381,3456.0,66.33487669849642,69.28203230275508,63.24555320336758,184.97056274847716,-45.00001609038748,1.0954451150103321,1.2693411579781348,1.0,Very Fine Sand
382,6192.0,88.79132424398303,125.30657417669167,78.18005352956736,321.9411254969543,42.08397209435559,1.6027946838038587,0.7507371298877844,0.8775510204081632,Very Fine Sand
383,1296.0,40.621650015438455,39.191835884530846,39.191835884530846,96.0,-45.00001609038752,1.0,1.7671458676442586,1.0,Silt or smaller
384,2160.0,52.4423246684198,55.42562584220407,48.3189403857328,136.97056274847716,-45.00001609038752,1.1470786693528088,1.446802115179039,1.0,Silt or smaller
385,4464.0,75.39059177177062,104.5583613073118,54.48182416160697,235.88225099390854,15.854604963393646,1.9191420793320917,1.0081926404352783,0.9117647058823529,Very Fine Sand
386,1728.0,46.905841142680316,53.665631459994955,39.191835884530846,120.0,0.0,1.3693063937629155,1.5079644737231006,1.0,Silt or smaller
387,277344.0,594.2435092578033,1050.5489346865074,545.5297545347629,6811.980515339464,-70.72766095644515,1.9257408527284336,0.07510724721770466,0.6188946015424165,Coarse Sand
388,1296.0,40.621650015438455,39.191835884530846,39.191835884530846,96.0,-45.00001609038752,1.0,1.7671458676442586,1.0,Silt or smaller
389,183312.0,483.1149836472599,979.7008532076292,360.9565647058532,5228.1142827989825,-44.81738209663209,2.7141793473294946,0.08427730027069291,0.5451820128479657,Medium Sand
390,169344.0,464.34413688947484,805.6462889562774,402.5267420191888,5110.952811191495,77.95836967351492,2.0014727094029237,0.08146591420268186,0.584493041749503,Medium Sand
391,1586880.0,1421.4353199317002,4378.062543906627,1312.6839277931044,45216.73590577917,-69.20452786069319,3.3351993204236634,0.009753388731707982,0.37488093618179347,Very Coarse Sand
392,10800.0,117.26460285670078,174.3939476004897,103.35336975792158,502.79393923934003,-8.388017316660152,1.6873561840215003,0.5368507343760525,0.7653061224489796,Very Fine Sand
393,5472.0,83.46955605962458,102.09471912800433,69.59210930827186,252.8528137423857,-71.05391248872196,1.467044470167671,1.0755246565499865,0.95,Very Fine Sand
394,5904.0,86.7018239261228,116.70995112677983,77.48045162190868,324.42640687119285,-22.762424216923613,1.506314801781285,0.7048940092288668,0.82,Very Fine Sand
395,5472.0,83.46955605962458,113.1132282454002,68.04847001810018,290.9116882454314,21.426857838860943,1.6622449882460733,0.8125191609774439,0.8837209302325582,Very Fine Sand
396,3888.0,70.35876171402046,80.04838513623841,61.546804332151964,201.9411254969543,27.560627255795698,1.300609934258134,1.1980820884424095,0.9642857142857143,Very Fine Sand
397,2592.0,57.4476883778063,81.97560612767678,39.191835884530846,168.0,0.0,2.091650066335189,1.1540544441758422,1.0,Silt or smaller
398,3600.0,67.70275002573075,95.035151391472,48.950587330490734,208.97056274847716,-8.130105261189254,1.9414506867883021,1.0359579803538639,0.9615384615384616,Very Fine Sand
399,1296.0,40.621650015438455,39.191835884530846,39.191835884530846,96.0,-45.00001609038752,1.0,1.7671458676442586,1.0,Silt or smaller
400,4320.0,74.1646467884524,89.08738529526858,61.152250827360106,211.88225099390854,-14.603683359016792,1.456812857907268,1.2092175857965606,1.0,Very Fine Sand
401,37872.0,219.59081956723526,320.98986361348625,201.91985596776743,1208.38181771802,-15.666431895444736,1.5896894442353704,0.32592655092072265,0.7245179063360881,Fine Sand
402,35712.0,213.23679471794293,281.5865047107378,198.83429217467074,1154.2051942088829,-41.57643147551964,1.4161868238672402,0.3368666270626023,0.7560975609756098,Fine Sand
403,2592.0,57.4476883778063,64.0,50.59644256269407,153.94112549695427,90.00003218077504,1.2649110640673518,1.3744708899359803,1.0,Silt or smaller
404,2448.0,55.82911790017533,68.34367819768178,44.47533187308896,153.94112549695427,-24.90175178350549,1.536664827880352,1.2981113960506483,0.9444444444444444,Silt or smaller
405,2160.0,52.4423246684198,67.88225099390857,39.191835884530846,144.0,90.00003218077504,1.7320508075688776,1.308996938995747,1.0,Silt or smaller
406,5040.0,80.10697413749455,141.89637857573922,58.164809756667,303.33809511662423,-33.932064197059795,2.439557168146238,0.6883138210651261,0.7608695652173914,Very Fine Sand
407,1296.0,40.621650015438455,39.191835884530846,39.191835884530846,96.0,-45.00001609038752,1.0,1.7671458676442586,1.0,Silt or smaller
408,342432.0,660.301418885914,1295.2239895751811,784.2437220290594,9828.464063610147,-65.52566640219167,1.6515579955477002,0.04454642931668913,0.452177220003803,Coarse Sand
409,6912.0,93.81168228536063,103.7854865442416,84.58470773594388,276.8528137423857,28.743759565048304,1.2270005929232342,1.133223860012313,0.9795918367346939,Very Fine Sand
410,2736.0,59.02188911239122,66.53637880532507,51.548342602979766,160.97056274847716,-12.820507496305085,1.290756898195189,1.3268842295691072,1.0,Silt or smaller
411,9504.0,110.00394826170097,153.49074433781823,111.74940825614121,451.8822509939086,44.96716928651256,1.3735262381524345,0.5848785910732247,0.717391304347826,Very Fine Sand
412,5616.0,84.56070767935114,101.06453710596563,70.9710803834879,252.8528137423857,-11.797414503271916,1.4240242160591268,1.1038279369855124,0.9512195121951219,Very Fine Sand
413,1296.0,40.621650015438455,39.191835884530846,39.191835884530846,96.0,-45.00001609038752,1.0,1.7671458676442586,1.0,Silt or smaller
414,107856.0,370.5759359928214,622.878630570022,335.349486412617,3395.1597385039327,-7.130401870204074,1.8574014746026077,0.117580079494364,0.6331360946745562,Medium Sand
415,7632.0,98.57669199876186,107.37634382645318,93.28389488119738,300.8528137423857,26.591651131083015,1.1510705461345,1.0595954152819045,0.9636363636363636,Very Fine Sand
416,3744.0,69.0435287010191,91.51237470674609,54.16799484995401,211.8822509939086,-75.49712985969622,1.6894178003124622,1.0479885743570188,0.896551724137931,Very Fine Sand
417,1296.0,40.621650015438455,39.191835884530846,39.191835884530846,96.0,-45.00001609038752,1.0,1.7671458676442586,1.0,Silt or smaller
418,2880.0,60.555180528483845,81.6854560805809,44.80855124758538,177.94112549695427,-73.88109401361547,1.822988108435725,1.1430090930538366,0.9523809523809523,Silt or smaller
419,7056.0,94.78385003602305,117.41112999190631,81.44322500294291,317.8233764908628,35.74607522925276,1.4416316395582778,0.8778023956152811,0.9074074074074074,Very Fine Sand
420,8496.0,104.00693809583063,119.80854445552808,96.69766781571246,334.7939392393399,-55.747318135688566,1.2390013860919644,0.9525092305223656,0.921875,Very Fine Sand
421,2736.0,59.02188911239122,66.53637880532507,51.548342602979766,160.97056274847716,12.820507496305085,1.290756898195189,1.3268842295691072,1.0,Silt or smaller
422,2160.0,52.4423246684198,55.42562584220407,48.3189403857328,136.97056274847716,-45.00001609038752,1.1470786693528088,1.446802115179039,1.0,Silt or smaller
423,1296.0,40.621650015438455,39.191835884530846,39.191835884530846,96.0,-45.00001609038752,1.0,1.7671458676442586,1.0,Silt or smaller
424,9648.0,110.83417851730056,181.36152507269213,74.77166777857414,426.24978336205567,38.95887956473028,2.425538047509773,0.6672964528405905,0.8481012658227848,Very Fine Sand
425,2160.0,52.4423246684198,55.42562584220407,48.3189403857328,136.97056274847716,-45.00001609038752,1.1470786693528088,1.446802115179039,1.0,Silt or smaller
426,2016.0,50.66409894773703,57.37097324805089,42.54745250054008,129.94112549695427,-45.00001609038752,1.3483997249264839,1.5004003042392393,1.0,Silt or smaller
427,9216.0,108.32440004116921,177.73858743370738,77.66833033528117,423.7645019878171,70.15826832136304,2.288430646911549,0.6449160457581656,0.8205128205128205,Very Fine Sand
428,4176.0,72.91809335695798,95.28685411776402,56.22214071464499,218.9116882454314,-18.530430380505422,1.6948279255567955,1.095046227853109,0.9666666666666667,Very Fine Sand
429,2304.0,54.162200020584606,70.38361039434363,40.86743676641883,153.9411254969543,26.062517493469926,1.7222418620631117,1.2217519021653156,0.8888888888888888,Silt or smaller
430,2304.0,54.162200020584606,75.8946638440411,37.46998799039039,153.9411254969543,0.0,2.025478734167333,1.2217519021653156,1.0,Silt or smaller
431,1728.0,46.905841142680316,53.665631459994955,39.191835884530846,120.0,90.00003218077504,1.3693063937629155,1.5079644737231006,1.0,Silt or smaller
432,11232.0,119.5868996440051,169.13035765236293,92.76954453145252,450.6761902332485,-31.61316646933507,1.8231237256427522,0.6949246708645701,0.8571428571428571,Very Fine Sand
433,25776.0,181.16021225725464,321.01107510147443,135.48946401348908,1052.3818177180199,57.74296653803827,2.3692696508823383,0.29246824224968576,0.685823754789272,Fine Sand
434,2160.0,52.4423246684198,55.42562584220407,48.3189403857328,136.97056274847716,45.00001609038753,1.1470786693528088,1.446802115179039,1.0,Silt or smaller
435,2160.0,52.4423246684198,67.88225099390857,39.191835884530846,144.0,90.00003218077504,1.7320508075688776,1.308996938995747,1.0,Silt or smaller
436,68688.0,295.7300759962856,684.3635268724092,233.13694098130605,2447.866232540481,-16.855493034411047,2.9354572638374137,0.14405069976014878,0.5470183486238532,Medium Sand
437,3168.0,63.51080914081473,86.53323061113574,49.75310945887147,201.9411254969543,-56.30995260843432,1.7392527130926085,0.9762150350271485,0.88,Very Fine Sand
438,2016.0,50.66409894773703,57.37097324805089,42.54745250054008,129.94112549695427,45.00001609038752,1.3483997249264839,1.5004003042392393,1.0,Silt or smaller
439,3456.0,66.33487669849642,83.1474210116541,52.90091094783471,194.9116882454314,57.78437230190009,1.571757830288505,1.1431621365632298,0.9230769230769231,Very Fine Sand
440,1728.0,46.905841142680316,53.665631459994955,39.191835884530846,120.0,0.0,1.3693063937629155,1.5079644737231006,1.0,Silt or smaller
441,1296.0,40.621650015438455,39.191835884530846,39.191835884530846,96.0,-45.00001609038752,1.0,1.7671458676442586,1.0,Silt or smaller
442,1296.0,40.621650015438455,39.191835884530846,39.191835884530846,96.0,-45.00001609038752,1.0,1.7671458676442586,1.0,Silt or smaller
443,1296.0,40.621650015438455,39.191835884530846,39.191835884530846,96.0,-45.00001609038752,1.0,1.7671458676442586,1.0,Silt or smaller
444,3744.0,69.0435287010191,81.51880149792579,58.3585005645329,201.9411254969543,28.882306066788082,1.3968625086208684,1.1537086777593573,0.9285714285714286,Very Fine Sand
445,2160.0,52.4423246684198,55.42562584220407,48.3189403857328,136.97056274847716,-45.00001609038752,1.1470786693528088,1.446802115179039,1.0,Silt or smaller
446,7200.0,95.74614729634385,108.7626371369031,88.97173013393834,307.88225099390854,40.76799174518646,1.2224403973393736,0.954493673566653,0.9090909090909091,Very Fine Sand
447,1296.0,40.621650015438455,39.191835884530846,39.191835884530846,96.0,-45.00001609038752,1.0,1.7671458676442586,1.0,Silt or smaller
448,4320.0,74.1646467884524,103.29380637886445,55.47602692844596,235.88225099390854,-80.61759717950554,1.8619539303363373,0.9756702971954307,0.9090909090909091,Very Fine Sand
449,16128.0,143.2997117146043,247.4836536222552,100.84168419563537,727.1025971044414,-44.08643691536399,2.454180090270317,0.38335310659837746,0.7671232876712328,Fine Sand
450,3456.0,66.33487669849642,69.28203230275508,63.24555320336758,184.97056274847716,-45.00001609038748,1.0954451150103321,1.2693411579781348,1.0,Very Fine Sand
451,2736.0,59.02188911239122,66.53637880532507,51.548342602979766,160.97056274847716,-12.820507496305085,1.290756898195189,1.3268842295691072,1.0,Silt or smaller
452,1296.0,40.621650015438455,39.191835884530846,39.191835884530846,96.0,-45.00001609038752,1.0,1.7671458676442586,1.0,Silt or smaller
453,78624.0,316.3971965192761,641.6613701704907,198.26334980920058,1957.4987001723339,-68.1455276195409,3.2364094059138804,0.25784697107823057,0.6825,Medium Sand
454,5616.0,84.56070767935114,145.6730825394585,61.131668013419926,324.42640687119285,-59.015239885209134,2.3829397638467777,0.6705089356079464,0.7358490566037735,Very Fine Sand
455,17424.0,148.94605005660765,206.67574868785923,171.77733885702705,774.6761902332485,-33.06742689101185,1.2031607315786785,0.36485248643750573,0.6436170212765957,Fine Sand
456,2736.0,59.02188911239122,66.53637880532506,51.548342602979766,160.97056274847716,77.17952468446995,1.2907568981951887,1.3268842295691072,1.0,Silt or smaller
457,2016.0,50.66409894773703,57.37097324805089,42.54745250054008,129.94112549695427,-45.00001609038752,1.3483997249264839,1.5004003042392393,1.0,Silt or smaller
458,1728.0,46.905841142680316,53.665631459994955,39.191835884530846,120.0,90.00003218077504,1.3693063937629155,1.5079644737231006,1.0,Silt or smaller
459,1296.0,40.621650015438455,39.191835884530846,39.191835884530846,96.0,-45.00001609038752,1.0,1.7671458676442586,1.0,Silt or smaller
460,22896.0,170.739838983924,373.0156847532014,94.4480785804441,859.1025971044414,-39.34110008270111,3.949425868261506,0.3898337329156531,0.7227272727272728,Fine Sand
461,3744.0,69.0435287010191,91.2679908502765,51.6923076923077,201.9411254969543,90.00003218077504,1.7656010134726108,1.1537086777593573,1.0,Very Fine Sand
462,5328.0,82.36395021093237,123.86307900389082,64.16038987565909,290.9116882454314,69.81677491286332,1.9305225427079502,0.7911370777938269,0.8604651162790697,Very Fine Sand
463,4176.0,72.91809335695798,76.67576157947897,71.26857977912601,211.88225099390854,20.556052569688646,1.0758704862242348,1.1689103329366752,0.9666666666666667,Very Fine Sand
464,9504.0,110.00394826170097,170.8951295327284,76.32560843940183,406.79393923934003,59.16207531866149,2.2390274119912106,0.7217176794119224,0.868421052631579,Very Fine Sand
465,864.0,33.16743834924821,39.191835884530846,24.0,72.0,0.0,1.6329931618554518,2.0943951023931953,1.0,Silt or smaller
466,7056.0,94.78385003602305,134.44576406484927,68.28632419970596,317.82337649086287,34.0353664476765,1.9688534364751793,0.8778023956152806,0.9074074074074074,Very Fine Sand
467,173664.0,470.2295953009416,1144.8490078819377,367.96315993468824,5923.261469056598,-21.790174844198802,3.1113142089690258,0.06220107003982827,0.5121019108280255,Medium Sand
468,6048.0,87.75279349717744,127.15606728437632,61.997925094606686,293.82337649086287,32.51320697121781,2.0509729493421043,0.8803370017183276,0.9130434782608695,Very Fine Sand
469,8064.0,101.32819789547406,106.14753123518445,98.49296867280253,314.9116882454314,48.9358538105646,1.0777168427911912,1.0218398202002181,0.9491525423728814,Very Fine Sand
470,2016.0,50.66409894773703,57.37097324805089,42.54745250054008,129.94112549695427,-45.00001609038752,1.3483997249264839,1.5004003042392393,1.0,Silt or smaller
471,8784.0,105.75507628929057,129.46995831379695,88.2796866412459,341.82337649086287,-33.07298508781367,1.4665883312425148,0.944710346055876,0.9104477611940298,Very Fine Sand
472,3312.0,64.93819655767211,80.00737930564563,52.2274976058585,184.97056274847716,-83.83878165895713,1.5319014498728536,1.2164519430623792,1.0,Very Fine Sand
473,7632.0,98.57669199876186,119.1064125376198,83.68539030254975,317.8233764908628,-34.50145487678507,1.423264109864477,0.9494597340328551,0.9137931034482759,Very Fine Sand
474,2160.0,52.4423246684198,55.42562584220407,48.3189403857328,136.97056274847716,-45.00001609038752,1.1470786693528088,1.446802115179039,1.0,Silt or smaller
475,2304.0,54.162200020584606,70.38361039434363,40.86743676641883,153.9411254969543,-26.062517493469926,1.7222418620631117,1.2217519021653156,0.8888888888888888,Silt or smaller
476,5328.0,82.36395021093237,116.8908778888331,66.72422629145902,276.8528137423857,-11.79311410954888,1.7518506303578618,0.873526725426158,0.8409090909090909,Very Fine Sand
477,6048.0,87.75279349717744,102.66520498146284,74.66454621588763,259.88225099390854,42.40416521844602,1.3750194728916338,1.1253002281794295,0.9767441860465116,Very Fine Sand
478,6336.0,89.81784764422932,108.67620091800211,75.279725511178,276.8528137423857,57.026342358859765,1.4436317372313638,1.0387885383446205,0.9361702127659575,Very Fine Sand
479,1728.0,46.905841142680316,53.665631459994955,39.191835884530846,120.0,0.0,1.3693063937629155,1.5079644737231006,1.0,Silt or smaller
480,4176.0,72.91809335695798,80.74154419351143,66.0075605305373,208.97056274847716,-11.170327974104662,1.2232166064697647,1.201711257210482,1.0,Very Fine Sand
481,4896.0,78.95429570975449,123.9131772125627,53.36965767961134,266.9116882454314,13.599012437515452,2.3217907440298404,0.8636068703073434,0.918918918918919,Very Fine Sand
482,5184.0,81.24330003087691,94.30755914898282,70.46729626512331,242.9116882454314,-20.334404300602948,1.3383166965022166,1.1040227738672699,0.9473684210526315,Very Fine Sand
483,25920.0,181.66554158545154,291.90369999501394,135.60877936303376,874.4406922210655,-16.902675913788446,2.152542787908799,0.42597503030545264,0.7725321888412017,Fine Sand
484,2592.0,57.4476883778063,67.93592979450378,48.58713248336697,160.97056274847716,17.296150528236417,1.3982288380109806,1.2570482174865225,0.9473684210526315,Silt or smaller
485,6048.0,87.75279349717744,135.074036064867,58.44432799703117,290.9116882454314,-84.70136271364959,2.3111573131909124,0.8980474937119117,0.9333333333333333,Very Fine Sand
486,6048.0,87.75279349717744,100.87046221332321,75.63504516394613,252.8528137423857,-81.35108032733051,1.333647147227544,1.1887377782920905,1.0,Very Fine Sand
487,2880.0,60.555180528483845,67.88225099390857,53.665631459994955,168.0,0.0,1.2649110640673518,1.282282715750936,1.0,Silt or smaller
488,1296.0,40.621650015438455,39.191835884530846,39.191835884530846,96.0,-45.00001609038752,1.0,1.7671458676442586,1.0,Silt or smaller
489,1296.0,40.621650015438455,39.191835884530846,39.191835884530846,96.0,-45.00001609038752,1.0,1.7671458676442586,1.0,Silt or smaller
490,3168.0,63.51080914081473,78.71959892164276,49.95586434022874,177.94112549695427,77.44261024762024,1.5757829428296166,1.2573100023592203,1.0,Very Fine Sand
491,544032.0,832.2758292785873,1282.3513045506534,901.6648065360591,14666.53549035951,-45.099816936187494,1.4222040111303489,0.03178185447348239,0.5846487155679356,Coarse Sand
492,1728.0,46.905841142680316,53.665631459994955,39.191835884530846,120.0,0.0,1.3693063937629155,1.5079644737231006,1.0,Silt or smaller
493,3456.0,66.33487669849642,69.28203230275508,63.24555320336758,184.97056274847716,-45.00001609038748,1.0954451150103321,1.2693411579781348,1.0,Very Fine Sand
494,1296.0,40.621650015438455,39.191835884530846,39.191835884530846,96.0,-45.00001609038752,1.0,1.7671458676442586,1.0,Silt or smaller
495,58320.0,272.4983123781773,503.93059544623566,215.51718245518555,1751.7930726875625,-35.80511769636688,2.3382386021635306,0.23881509274843019,0.6585365853658537,Medium Sand
496,1296.0,40.621650015438455,39.191835884530846,39.191835884530846,96.0,-45.00001609038752,1.0,1.7671458676442586,1.0,Silt or smaller
497,1296.0,40.621650015438455,39.191835884530846,39.191835884530846,96.0,-45.00001609038752,1.0,1.7671458676442586,1.0,Silt or smaller
498,12528.0,126.29784248530186,143.54709278881492,113.39620039336003,406.7939392393399,-47.56991942604733,1.265889794286444,0.9513551228611711,0.9157894736842105,Fine Sand
499,13680.0,131.9769562157615,204.13281481183165,103.06824358970148,532.6173157302028,-24.59864180004946,1.9805597505323986,0.6059899174319703,0.8050847457627118,Fine Sand
500,3600.0,67.70275002573075,95.60344363379761,50.08997469912799,218.9116882454314,50.64249071740752,1.908634296744054,0.9440053688388872,0.8928571428571429,Very Fine Sand
501,4752.0,77.78453777314289,80.2894981840168,75.8467993868333,225.9411254969543,27.718747586786428,1.0585746377315788,1.1697571821464494,0.9705882352941176,Very Fine Sand
502,5760.0,85.63795757533302,95.19441985826514,77.22967323411602,252.8528137423857,-52.17318439446938,1.2326145621475093,1.1321312174210385,0.9523809523809523,Very Fine Sand
503,52128.0,257.6265339361506,328.60463171267224,223.4880813711307,1144.2640687119285,-49.49307426457229,1.4703452179491487,0.5002975833898519,0.8062360801781737,Medium Sand
504,1296.0,40.621650015438455,39.191835884530846,39.191835884530846,96.0,-45.00001609038752,1.0,1.7671458676442586,1.0,Silt or smaller
505,13536.0,131.28050303657113,260.3337984498211,80.65370724260805,628.6173157302029,-40.076511451168734,3.2277970517428485,0.4304547753201414,0.734375,Fine Sand
506,2592.0,57.4476883778063,64.0,50.59644256269407,153.94112549695427,90.00003218077504,1.2649110640673518,1.3744708899359803,1.0,Silt or smaller
507,3168.0,63.51080914081473,77.6003748819436,51.26112054314501,177.94112549695427,0.0,1.5138251770487456,1.2573100023592203,1.0,Very Fine Sand
508,1728.0,46.905841142680316,53.665631459994955,39.191835884530846,120.0,90.00003218077504,1.3693063937629155,1.5079644737231006,1.0,Silt or smaller
509,7488.0,97.64229468307727,111.50124671421962,102.34108086807433,423.7645019878171,34.99036002107945,1.089506244886679,0.5239942871785096,0.8,Very Fine Sand
510,1728.0,46.905841142680316,53.665631459994955,39.191835884530846,120.0,0.0,1.3693063937629155,1.5079644737231006,1.0,Silt or smaller
511,2160.0,52.4423246684198,67.88225099390857,39.191835884530846,144.0,90.00003218077504,1.7320508075688776,1.308996938995747,1.0,Silt or smaller
512,4608.0,76.59691783707508,86.17436670547585,68.91101887876985,225.9411254969543,-53.326580825999876,1.2505165082100462,1.1343099948086781,0.9696969696969697,Very Fine Sand
513,68976.0,296.34940667673453,414.5016911099267,249.03680235899546,1805.6164491784257,-47.09761487578224,1.6644194238906411,0.26586236547204267,0.7713365539452496,Medium Sand
514,10368.0,114.8953767556126,166.08465901159605,82.86734671819158,406.7939392393399,0.2974638022454313,2.0042232023718944,0.7873283775402794,0.9113924050632911,Very Fine Sand
515,13104.0,129.1686145865534,178.8859965443779,142.03944244814727,645.5878784786801,-42.26732353119915,1.2594107204390201,0.3950963462305816,0.7054263565891473,Fine Sand
516,3456.0,66.33487669849642,83.41062093766864,51.40688975995876,187.88225099390854,-34.57278334219489,1.622557235560239,1.2303030149726661,1.0,Very Fine Sand
517,3888.0,70.35876171402046,77.0580081750734,63.1849268499109,194.9116882454314,12.491582970195905,1.219563146098381,1.2860574036336336,1.0,Very Fine Sand
518,65664.0,289.14702396097687,481.94322076001106,248.38854737612678,2120.528137423857,-59.18032750141436,1.9402795573751634,0.18350551451724698,0.6514285714285715,Medium Sand
519,5472.0,83.46955605962458,92.13825316768558,75.42385809337436,242.9116882454314,-73.61672323694805,1.221606206535058,1.1653573724154516,0.9743589743589743,Very Fine Sand
520,42192.0,231.77688165877544,340.03337043796233,221.62385110347273,1525.4255403194156,3.0260738706320858,1.5342814807383076,0.22785467802206136,0.7590673575129534,Fine Sand
521,5040.0,80.10697413749455,93.76155017069834,68.43200912477232,235.88225099390854,-64.86250692734389,1.3701417124805233,1.1382820133946692,0.9722222222222222,Very Fine Sand
522,3456.0,66.33487669849642,80.86114628468434,55.00431820799962,194.9116882454314,20.49170851055714,1.470087238949254,1.1431621365632298,0.9230769230769231,Very Fine Sand
523,1728.0,46.905841142680316,53.665631459994955,39.191835884530846,120.0,0.0,1.3693063937629155,1.5079644737231006,1.0,Silt or smaller
524,9072.0,107.47478378595324,121.15563838323558,98.09850061595252,338.91168824543144,74.16610430790918,1.2350406746536304,0.9925212454575936,0.9402985074626866,Very Fine Sand
525,6624.0,91.83647828790974,116.56911855175807,74.08999122988375,293.82337649086287,-43.832697855381994,1.5733450175486134,0.9641786209295968,0.8846153846153846,Very Fine Sand
526,2880.0,60.555180528483845,75.13188404399293,49.65158607738529,177.9411254969543,45.000016090387525,1.5131819540849087,1.1430090930538361,0.9523809523809523,Silt or smaller
527,3312.0,64.93819655767211,77.52699389637583,56.77135516689577,194.9116882454314,-71.5650767661759,1.3656005509902462,1.0955303808730954,0.8846153846153846,Very Fine Sand
528,4176.0,72.91809335695798,76.67576157947897,71.26857977912601,211.88225099390854,-20.556052569688646,1.0758704862242348,1.1689103329366752,0.9666666666666667,Very Fine Sand
529,1728.0,46.905841142680316,53.665631459994955,39.191835884530846,120.0,90.00003218077504,1.3693063937629155,1.5079644737231006,1.0,Silt or smaller
530,7056.0,94.78385003602305,103.41167897423097,88.08595719747693,283.88225099390854,83.09549933257173,1.1739859821514549,1.1002514654520041,0.98,Very Fine Sand
531,2160.0,52.4423246684198,67.88225099390857,39.191835884530846,144.0,0.0,1.7320508075688776,1.308996938995747,1.0,Silt or smaller
532,2016.0,50.66409894773703,57.37097324805089,42.54745250054008,129.94112549695427,45.00001609038752,1.3483997249264839,1.5004003042392393,1.0,Silt or smaller
533,10944.0,118.04377822478244,137.16425676050906,120.01041006218097,484.6173157302028,-82.237973906965,1.1429363226860085,0.5855825046802526,0.7916666666666666,Very Fine Sand
534,1728.0,46.905841142680316,53.665631459994955,39.191835884530846,120.0,0.0,1.3693063937629155,1.5079644737231006,1.0,Silt or smaller
535,1440.0,42.81897878766651,67.88225099390857,24.0,120.0,0.0,2.8284271247461903,1.2566370614359172,1.0,Silt or smaller
536,29232.0,192.92314109950178,310.3711666265183,155.99700207603462,1070.558441227157,-4.315888301918858,1.9895969954296944,0.3205144645592169,0.7777777777777778,Fine Sand
537,2880.0,60.555180528483845,81.03332647744384,44.253813395005864,177.9411254969543,-18.43495541459913,1.831103813679221,1.1430090930538361,0.9090909090909091,Silt or smaller
538,12960.0,128.45693636299953,173.9539067563435,106.97996952589256,471.7645019878171,75.84888658787162,1.6260418424800647,0.731752722896573,0.8333333333333334,Fine Sand
539,3168.0,63.51080914081473,80.53781101287771,50.05921953111046,184.97056274847716,-79.92651570568823,1.6088507125610625,1.1635627281466239,0.9565217391304348,Very Fine Sand
540,1296.0,40.621650015438455,39.191835884530846,39.191835884530846,96.0,-45.00001609038752,1.0,1.7671458676442586,1.0,Silt or smaller
541,11088.0,118.81784408085969,182.59116304560968,91.66750609782076,481.7056274847714,-27.11492165831038,1.9918853563089405,0.6004815130654216,0.8020833333333334,Very Fine Sand
542,4608.0,76.59691783707508,125.11894270485703,53.860933675705084,261.9411254969543,-37.59453317963334,2.322999884446751,0.8439465768279056,0.8205128205128205,Very Fine Sand
543,1296.0,40.621650015438455,39.191835884530846,39.191835884530846,96.0,-45.00001609038752,1.0,1.7671458676442586,1.0,Silt or smaller
544,4176.0,72.91809335695798,93.07507063308314,57.142199719948295,218.9116882454314,-22.972974185744736,1.6288324756351777,1.095046227853109,0.9354838709677419,Very Fine Sand
545,58752.0,273.5057032902244,619.6285626604412,196.19614869925798,1777.8519471906088,-89.12222075206226,3.1582096120054195,0.2335830558211994,0.6153846153846154,Medium Sand
546,1728.0,46.905841142680316,53.665631459994955,39.191835884530846,120.0,90.00003218077504,1.3693063937629155,1.5079644737231006,1.0,Silt or smaller
547,1296.0,40.621650015438455,39.191835884530846,39.191835884530846,96.0,-45.00001609038752,1.0,1.7671458676442586,1.0,Silt or smaller
548,2160.0,52.4423246684198,67.88225099390857,39.191835884530846,144.0,0.0,1.7320508075688776,1.308996938995747,1.0,Silt or smaller
549,53568.0,261.1606707227817,411.10652939695046,233.40980572398848,1728.9991334482227,-88.42607785856535,1.7613078770267763,0.22517788972034786,0.6901669758812616,Medium Sand
550,902160.0,1071.7582692371793,1929.7280008827083,1126.7333590796866,24920.822930460527,-60.47772937789884,1.7126749512936281,0.018254446649215113,0.531653088934148,Very Coarse Sand
551,13824.0,132.66975339699283,192.5566776306265,101.47253766342382,529.7056274847714,-36.93456318725743,1.897623554752532,0.6191194039278388,0.8347826086956521,Fine Sand
552,3600.0,67.70275002573075,75.03019955485118,61.52669952759703,194.9116882454314,12.411574624377092,1.2194738240623053,1.1907938922533645,0.9259259259259259,Very Fine Sand
553,1296.0,40.621650015438455,39.191835884530846,39.191835884530846,96.0,-45.00001609038752,1.0,1.7671458676442586,1.0,Silt or smaller
554,17568.0,149.5602631781161,241.557547363247,125.15411282431185,768.4995667241113,84.20393196532069,1.9300807773080484,0.3738048507857636,0.7484662576687117,Fine Sand
555,1296.0,40.621650015438455,39.191835884530846,39.191835884530846,96.0,-45.00001609038752,1.0,1.7671458676442586,1.0,Silt or smaller
556,2880.0,60.555180528483845,67.88225099390857,53.665631459994955,168.0,0.0,1.2649110640673518,1.282282715750936,1.0,Silt or smaller
557,2592.0,57.4476883778063,64.0,50.59644256269407,153.94112549695427,90.00003218077504,1.2649110640673518,1.3744708899359803,1.0,Silt or smaller
558,1728.0,46.905841142680316,53.665631459994955,39.191835884530846,120.0,0.0,1.3693063937629155,1.5079644737231006,1.0,Silt or smaller
559,4320.0,74.1646467884524,90.57674062974519,61.20403627941435,218.9116882454314,-88.8152777250218,1.4799144980608114,1.1328064426066646,0.967741935483871,Very Fine Sand
560,3024.0,62.05059534991693,73.59700630695625,51.98401490372773,177.9411254969543,37.98189184699543,1.4157622577489424,1.200159547706528,0.9130434782608695,Silt or smaller
561,1296.0,40.621650015438455,39.191835884530846,39.191835884530846,96.0,-45.00001609038752,1.0,1.7671458676442586,1.0,Silt or smaller
562,19440.0,157.3269740052594,258.37791574212963,132.85922862963503,818.1320343559643,63.14300680840097,1.944749479634544,0.3649718160956666,0.6716417910447762,Fine Sand
563,6336.0,89.81784764422932,104.40378007403852,80.1639814966316,283.88225099390854,63.06917622226768,1.3023776779154295,0.9879809077528202,0.9166666666666666,Very Fine Sand
564,8208.0,102.22891070135796,196.1930712335989,67.95877532311987,478.7939392393399,-78.36954754384834,2.886942419147056,0.4499351506060143,0.76,Very Fine Sand
565,3312.0,64.93819655767211,80.00737930564563,52.2274976058585,184.97056274847716,83.83878165895713,1.5319014498728536,1.2164519430623792,1.0,Very Fine Sand
566,1296.0,40.621650015438455,39.191835884530846,39.191835884530846,96.0,-45.00001609038752,1.0,1.7671458676442586,1.0,Silt or smaller
567,4176.0,72.91809335695798,103.77220234223128,51.530079041403425,225.9411254969543,6.736581465124854,2.0138180315782614,1.0279684327953644,1.0,Very Fine Sand
568,16272.0,143.9380209393285,201.59441818473405,127.41898168018466,570.6761902332485,46.80837229917124,1.5821380419655688,0.6278722558125229,0.8071428571428572,Fine Sand
569,38880.0,222.49394036535722,317.40257436961184,209.27369958764174,1435.17575695736,-45.157414260853635,1.5166864015642194,0.23720614796749898,0.6958762886597938,Fine Sand
570,3168.0,63.51080914081473,78.71959892164276,49.95586434022874,177.94112549695427,77.44261024762024,1.5757829428296166,1.2573100023592203,1.0,Very Fine Sand
571,5472.0,83.46955605962458,91.13342760537535,77.05022488000441,242.9116882454314,-73.46543954673035,1.182779514885306,1.1653573724154516,1.0,Very Fine Sand
572,7488.0,97.64229468307727,117.23152673758966,86.65520277721124,317.8233764908628,-58.91649402927766,1.3528504115210431,0.9315453994284616,0.8813559322033898,Very Fine Sand
573,2736.0,59.02188911239122,66.53637880532507,51.548342602979766,160.97056274847716,-12.820507496305085,1.290756898195189,1.3268842295691072,1.0,Silt or smaller
574,1296.0,40.621650015438455,39.191835884530846,39.191835884530846,96.0,-45.00001609038752,1.0,1.7671458676442586,1.0,Silt or smaller
575,15408.0,140.06453835742786,247.80367684748313,88.33510574558412,631.5290039756342,-77.85869335609053,2.805268355722446,0.4854779750061894,0.8294573643410853,Fine Sand
576,1296.0,40.621650015438455,39.191835884530846,39.191835884530846,96.0,-45.00001609038752,1.0,1.7671458676442586,1.0,Silt or smaller
577,24336.0,176.0271500669,284.94266517599436,184.5302154153551,1061.8965363437812,-4.250219453156301,1.5441518048121445,0.27120310175454787,0.678714859437751,Fine Sand
578,6048.0,87.75279349717744,91.31421419628882,87.3145848910357,269.8233764908628,-90.00003218077504,1.0458071158471918,1.0439086621127163,0.9767441860465116,Very Fine Sand
579,2592.0,57.4476883778063,64.0,50.59644256269407,153.94112549695427,0.0,1.2649110640673518,1.3744708899359803,1.0,Silt or smaller
580,2880.0,60.555180528483845,92.77212993249402,38.38400588511375,184.97056274847716,-2.9197471997553266,2.416947574731206,1.0577842983151124,1.0,Silt or smaller
581,7344.0,96.69886874485675,132.7136999316565,72.7734395533802,317.8233764908628,18.15062857402397,1.82365572860287,0.9136310648240681,0.9107142857142857,Very Fine Sand
582,1728.0,46.905841142680316,53.665631459994955,39.191835884530846,120.0,90.00003218077504,1.3693063937629155,1.5079644737231006,1.0,Silt or smaller
583,12528.0,126.29784248530186,186.03865154316154,108.19913013058475,512.7350647362942,-28.630200913853994,1.7194098632644534,0.5988327876638341,0.7699115044247787,Fine Sand
584,280080.0,597.1674234998292,1107.1755024250217,464.33814491501863,7319.318610456087,-52.58600400424282,2.3844164313221623,0.0656977743089959,0.6137582833701483,Coarse Sand
585,4896.0,78.95429570975449,120.49845910727187,51.75330994049899,256.97056274847716,-3.6552110975744028,2.328323719696566,0.9317180776588952,0.9714285714285714,Very Fine Sand
586,3024.0,62.05059534991693,73.32121111929345,54.99981447093012,184.97056274847716,-45.00001609038752,1.3331174263878112,1.110673513230868,0.9545454545454546,Silt or smaller
587,55152.0,264.9937874200708,574.0149898252382,169.4654785232749,1657.8519471906084,-43.20838556998806,3.387208975109354,0.25216200131922,0.6569468267581475,Medium Sand
588,12528.0,126.29784248530186,165.1175147377367,116.27928534693044,553.7056274847714,-28.00784868511582,1.4200079940730004,0.5134920615680794,0.8207547169811321,Fine Sand
589,2160.0,52.4423246684198,55.42562584220407,48.3189403857328,136.97056274847716,-45.00001609038752,1.1470786693528088,1.446802115179039,1.0,Silt or smaller
590,6336.0,89.81784764422932,124.83122384023855,70.78386565590273,314.9116882454314,40.70146562493607,1.7635547689225244,0.8028741444430285,0.8627450980392157,Very Fine Sand
591,4032.0,71.64985585730216,78.0894306783797,65.4129738114477,201.9411254969543,0.0,1.1937911721223953,1.2424554991254617,1.0,Very Fine Sand
592,7632.0,98.57669199876186,109.48582777208182,91.33917155908004,314.9116882454314,40.167092514948074,1.1986733172991848,0.9670984012609207,0.9298245614035088,Very Fine Sand
593,6048.0,87.75279349717744,140.53081086257794,66.76420107546508,334.7939392393399,-21.324827493501804,2.1048826856136986,0.6780574183379552,0.8076923076923077,Very Fine Sand
594,1296.0,40.621650015438455,39.191835884530846,39.191835884530846,96.0,-45.00001609038752,1.0,1.7671458676442586,1.0,Silt or smaller
595,7344.0,96.69886874485675,158.4348846521851,74.97953439335265,375.33809511662423,41.8986851906599,2.113041724439292,0.6550843753887677,0.7727272727272727,Very Fine Sand
596,1728.0,46.905841142680316,53.665631459994955,39.191835884530846,120.0,0.0,1.3693063937629155,1.5079644737231006,1.0,Silt or smaller
597,2304.0,54.162200020584606,70.38361039434363,40.86743676641883,153.9411254969543,-63.93751468730511,1.7222418620631117,1.2217519021653156,0.8888888888888888,Silt or smaller
598,1296.0,40.621650015438455,39.191835884530846,39.191835884530846,96.0,-45.00001609038752,1.0,1.7671458676442586,1.0,Silt or smaller
599,6768.0,92.82933393474059,105.6891418187009,82.73211557563477,283.8822509939086,-68.69218320179695,1.2774862710005104,1.0553432423723301,0.94,Very Fine Sand
600,1728.0,46.905841142680316,53.665631459994955,39.191835884530846,120.0,90.00003218077504,1.3693063937629155,1.5079644737231006,1.0,Silt or smaller
601,5760.0,85.63795757533302,104.36706141538721,73.52167361749046,266.9116882454314,87.8779463246806,1.419541426088521,1.0160080827145217,0.9302325581395349,Very Fine Sand
602,20880.0,163.04981353583386,238.52453583540495,164.74544729306237,806.5584412271571,-31.450024281944867,1.447836888694705,0.4033375694032695,0.69377990430622,Fine Sand
603,1296.0,40.621650015438455,39.191835884530846,39.191835884530846,96.0,-45.00001609038752,1.0,1.7671458676442586,1.0,Silt or smaller
604,2160.0,52.4423246684198,55.42562584220407,48.3189403857328,136.97056274847716,-45.00001609038752,1.1470786693528088,1.446802115179039,1.0,Silt or smaller
605,5760.0,85.63795757533302,114.29274532456085,65.60158813759827,269.82337649086287,-39.829056320350574,1.7422252809616998,0.9941987258216342,0.9523809523809523,Very Fine Sand
606,2160.0,52.4423246684198,55.42562584220407,48.3189403857328,136.97056274847716,45.00001609038752,1.1470786693528088,1.446802115179039,1.0,Silt or smaller
607,2304.0,54.162200020584606,53.665631459994955,53.665631459994955,144.0,-45.00001609038752,1.0,1.3962634015954636,1.0,Silt or smaller
608,7488.0,97.64229468307727,190.70967944572115,68.77109229992261,422.9116882454314,48.45611825730222,2.7731081922329124,0.5261097174405887,0.7027027027027027,Very Fine Sand
609,7488.0,97.64229468307727,148.96083257797738,66.87917615992023,348.85281374238565,-7.321221109779479,2.227312612550505,0.7731989210293205,0.896551724137931,Very Fine Sand
610,1296.0,40.621650015438455,39.191835884530846,39.191835884530846,96.0,-45.00001609038752,1.0,1.7671458676442586,1.0,Silt or smaller
611,6048.0,87.75279349717744,97.86899785905632,86.52253494889291,290.9116882454314,67.00679777601557,1.1311388173828418,0.8980474937119117,0.8936170212765957,Very Fine Sand
612,1296.0,40.621650015438455,39.191835884530846,39.191835884530846,96.0,-45.00001609038752,1.0,1.7671458676442586,1.0,Silt or smaller
613,1728.0,46.905841142680316,53.665631459994955,39.191835884530846,120.0,0.0,1.3693063937629155,1.5079644737231006,1.0,Silt or smaller
614,3024.0,62.05059534991693,77.92242766912692,49.225152862260856,177.94112549695427,-4.447930075251495,1.5829799023106177,1.2001595477065286,0.9545454545454546,Silt or smaller
615,2592.0,57.4476883778063,67.93592979450378,48.58713248336697,160.97056274847716,-72.70388165253863,1.3982288380109806,1.2570482174865225,0.9473684210526315,Silt or smaller
616,2016.0,50.66409894773703,57.37097324805089,42.54745250054008,129.94112549695427,45.00001609038752,1.3483997249264839,1.5004003042392393,1.0,Silt or smaller
617,3744.0,69.0435287010191,81.47134156302216,57.749974520997114,194.9116882454314,60.53260408703174,1.4107597836844115,1.2384256479434992,1.0,Very Fine Sand
618,2016.0,50.66409894773703,57.37097324805089,42.54745250054008,129.94112549695427,-45.00001609038752,1.3483997249264839,1.5004003042392393,1.0,Silt or smaller
619,2160.0,52.4423246684198,55.42562584220407,48.3189403857328,136.97056274847716,-45.00001609038752,1.1470786693528088,1.446802115179039,1.0,Silt or smaller
620,2160.0,52.4423246684198,55.42562584220407,48.3189403857328,136.97056274847716,45.00001609038752,1.1470786693528088,1.446802115179039,1.0,Silt or smaller
621,1296.0,40.621650015438455,39.191835884530846,39.191835884530846,96.0,-45.00001609038752,1.0,1.7671458676442586,1.0,Silt or smaller
622,10512.0,115.69050995762804,194.5719415691591,80.7680859305228,478.7939392393399,-49.23702069096184,2.4090200891541627,0.5762327367410359,0.7849462365591398,Very Fine Sand
623,2016.0,50.66409894773703,57.37097324805089,42.54745250054008,129.94112549695427,-45.00001609038752,1.3483997249264839,1.5004003042392393,1.0,Silt or smaller
624,1296.0,40.621650015438455,39.191835884530846,39.191835884530846,96.0,-45.00001609038752,1.0,1.7671458676442586,1.0,Silt or smaller
625,20448.0,161.3542754647196,310.12321211439564,106.62550253615223,809.0437226013955,-26.306357935356885,2.9085275542710423,0.3925696451863047,0.7553191489361702,Fine Sand
626,1296.0,40.621650015438455,39.191835884530846,39.191835884530846,96.0,-45.00001609038752,1.0,1.7671458676442586,1.0,Silt or smaller
627,2736.0,59.02188911239122,66.53637880532506,51.548342602979766,160.97056274847716,12.820507496305092,1.2907568981951887,1.3268842295691072,1.0,Silt or smaller
628,1296.0,40.621650015438455,39.191835884530846,39.191835884530846,96.0,-45.00001609038752,1.0,1.7671458676442586,1.0,Silt or smaller
629,16560.0,145.2062218391977,220.1665538395321,132.81332987734598,673.7056274847714,75.85914304393764,1.6577142824659048,0.45848997735770386,0.7055214723926381,Fine Sand
630,8064.0,101.32819789547406,119.18708784571353,90.25942954323614,324.8528137423857,-23.463095370834377,1.3204945837666795,0.960256194713113,0.9180327868852459,Very Fine Sand
631,4608.0,76.59691783707508,94.80693672047651,61.39336079479247,221.8233764908628,-35.227930587375575,1.5442538980292844,1.1768136879086513,1.0,Very Fine Sand
632,54432.0,263.25838049153225,549.2692191183128,159.0632763606323,1592.0285706997456,20.276844106231213,3.453149159790948,0.2698748669480366,0.6872727272727273,Medium Sand
633,1728.0,46.905841142680316,53.665631459994955,39.191835884530846,120.0,0.0,1.3693063937629155,1.5079644737231006,1.0,Silt or smaller
634,5184.0,81.24330003087691,108.09337912995399,61.73275062217088,252.8528137423857,-43.679935920958435,1.7509891919692464,1.0189180956789345,0.9473684210526315,Very Fine Sand
635,4896.0,78.95429570975449,122.30288423800272,54.80545342444297,281.82337649086287,-53.43198881024683,2.231582380877743,0.7746352316494561,0.8717948717948718,Very Fine Sand
636,1296.0,40.621650015438455,39.191835884530846,39.191835884530846,96.0,-45.00001609038752,1.0,1.7671458676442586,1.0,Silt or smaller
637,1728.0,46.905841142680316,53.665631459994955,39.191835884530846,120.0,0.0,1.3693063937629155,1.5079644737231006,1.0,Silt or smaller
638,1296.0,40.621650015438455,39.191835884530846,39.191835884530846,96.0,-45.00001609038752,1.0,1.7671458676442586,1.0,Silt or smaller
639,2160.0,52.4423246684198,67.88225099390857,39.191835884530846,144.0,90.00003218077504,1.7320508075688776,1.308996938995747,1.0,Silt or smaller
640,2736.0,59.02188911239122,76.71681935215952,46.43481106184904,177.94112549695427,42.44718849383443,1.6521402283725508,1.0858586384011448,0.9047619047619048,Silt or smaller
641,567648.0,850.148152435695,2014.3464285845391,706.0081819900131,16564.88700427423,-64.30284047784932,2.8531488444039494,0.025996328760340463,0.4914599177159955,Coarse Sand
642,5472.0,83.46955605962458,117.31308572085564,82.79835684656136,338.91168824543144,-7.429048787482362,1.4168528240029643,0.5986636083712469,0.7450980392156863,Very Fine Sand
643,5616.0,84.56070767935114,128.5708780048148,65.14137818281276,300.85281374238565,-62.905169397457634,1.9737205688831683,0.7797022867168735,0.8297872340425532,Very Fine Sand
644,162288.0,454.56737590370483,1186.6514854079007,369.43068906659016,4678.09999744911,-74.11255096081597,3.212108578218324,0.09318741622336985,0.47174550020929257,Medium Sand
645,16128.0,143.2997117146043,215.97776079006462,101.97415992833294,525.58787847868,33.03334436901412,2.1179655801219934,0.7336682034546015,0.8615384615384616,Fine Sand
646,13536.0,131.28050303657113,246.06826984298783,114.88806158247614,670.7939392393399,-22.31125886132994,2.1418088742522623,0.37802624265666346,0.6619718309859155,Fine Sand
647,6336.0,89.81784764422932,99.55460374693928,81.48957169035499,269.82337649086287,-21.46783235948437,1.2216852007178047,1.0936185984037976,0.9361702127659575,Very Fine Sand
648,3168.0,63.51080914081473,80.53781101287771,50.059219531110465,184.97056274847716,10.073516475086809,1.6088507125610623,1.1635627281466239,0.9565217391304348,Very Fine Sand
649,5904.0,86.7018239261228,110.38883411184673,71.87671717447418,276.8528137423857,25.463933190338008,1.5358079563356781,0.9679620470938508,0.9111111111111111,Very Fine Sand
650,2160.0,52.4423246684198,67.88225099390857,39.191835884530846,144.0,90.00003218077504,1.7320508075688776,1.308996938995747,1.0,Silt or smaller
651,1296.0,40.621650015438455,39.191835884530846,39.191835884530846,96.0,-45.00001609038752,1.0,1.7671458676442586,1.0,Silt or smaller
652,7488.0,97.64229468307727,141.49973991021434,70.08550100766593,334.79393923934003,-34.4655989956044,2.01895881281832,0.8394996607993725,0.9285714285714286,Very Fine Sand
653,27648.0,187.62336457072126,416.16643951312733,172.99980382349153,1231.5290039756344,8.062981917927713,2.40558908342887,0.22907848165599667,0.5175202156334232,Fine Sand
654,10944.0,118.04377822478244,187.7227855728567,90.16034094160429,509.8233764908628,-33.51434310589549,2.0820993311731417,0.5291105956748057,0.8,Very Fine Sand
655,1296.0,40.621650015438455,39.191835884530846,39.191835884530846,96.0,-45.00001609038752,1.0,1.7671458676442586,1.0,Silt or smaller
656,4896.0,78.95429570975449,79.17218762998561,78.85688495304814,225.9411254969543,0.0,1.0039984165888014,1.2052043694842205,1.0,Very Fine Sand
657,18144.0,151.99229684321108,205.4666752439795,129.21113700661934,679.5290039756342,38.30256493305085,1.590162272416608,0.4937725067841284,0.84,Fine Sand
658,5040.0,80.10697413749455,88.22649056554893,73.15536608463457,235.88225099390854,4.672891022524879,1.2060152971345717,1.1382820133946692,0.9459459459459459,Very Fine Sand
659,26496.0,183.67295657581948,316.269141827614,147.2862266952597,1055.2935059634515,46.92106506725822,2.14730969028072,0.2989810397851332,0.6865671641791045,Fine Sand
660,2160.0,52.4423246684198,55.42562584220407,48.3189403857328,136.97056274847716,45.00001609038752,1.1470786693528088,1.446802115179039,1.0,Silt or smaller
661,4320.0,74.1646467884524,109.24322442255553,51.85207727529506,242.9116882454314,-87.71307073308942,2.106824454545132,0.9200189782227248,0.967741935483871,Very Fine Sand
662,7776.0,99.50231504774462,115.87196773549012,91.34527189758543,317.8233764908628,27.152992861000588,1.268505367912239,0.9673740686372485,0.9310344827586207,Very Fine Sand
663,1296.0,40.621650015438455,39.191835884530846,39.191835884530846,96.0,-45.00001609038752,1.0,1.7671458676442586,1.0,Silt or smaller
664,7200.0,95.74614729634385,104.27416631014384,88.6892949589998,283.88225099390854,-80.22449500591716,1.1757243797952028,1.122705576991841,0.9803921568627451,Very Fine Sand
665,76320.0,311.72687092098363,655.5340977443068,283.5605294667945,2281.4987001723343,-69.70106402722848,2.311795999876884,0.18425011786837928,0.5252725470763132,Medium Sand
666,5904.0,86.7018239261228,136.2711261711642,62.90922834393276,314.9116882454314,-69.27965818255602,2.166154787754709,0.7481327255037311,0.8367346938775511,Very Fine Sand
667,1296.0,40.621650015438455,39.191835884530846,39.191835884530846,96.0,-45.00001609038752,1.0,1.7671458676442586,1.0,Silt or smaller
668,129168.0,405.53890752226414,885.6858532508174,358.477150475333,4198.380084614466,-66.63515134927837,2.470689839161065,0.09208762930120205,0.5224228305183459,Medium Sand
669,10224.0,114.09470235454539,164.12145347988456,81.57659499169611,392.73506473629425,-42.187116976289026,2.0118693786691013,0.8329738128813,0.9342105263157895,Very Fine Sand
670,1296.0,40.621650015438455,39.191835884530846,39.191835884530846,96.0,-45.00001609038752,1.0,1.7671458676442586,1.0,Silt or smaller
671,3312.0,64.93819655767211,70.77213895435062,58.36020085193556,177.94112549695427,-45.00001609038752,1.212678125181665,1.314460457011912,1.0,Very Fine Sand
672,236592.0,548.8517927163778,956.898941744392,535.1802262010656,5828.967096541369,13.186707178100356,1.787993828802053,0.08750375940575512,0.5976718806838851,Coarse Sand
673,2736.0,59.02188911239122,66.53637880532506,51.548342602979766,160.97056274847716,77.17952468446995,1.2907568981951887,1.3268842295691072,1.0,Silt or smaller
674,1296.0,40.621650015438455,39.191835884530846,39.191835884530846,96.0,-45.00001609038752,1.0,1.7671458676442586,1.0,Silt or smaller
675,3168.0,63.51080914081473,78.71959892164276,49.95586434022874,177.94112549695427,-12.557421933154789,1.5757829428296166,1.2573100023592203,1.0,Very Fine Sand
676,8496.0,104.00693809583063,121.60806654054198,93.7563196346373,331.8822509939086,-64.58467373870009,1.297065275326946,0.9692957615328368,0.9516129032258065,Very Fine Sand
677,12096.0,124.10119069983386,220.06699681319645,91.29938739175837,594.6761902332485,-59.55404104695395,2.410388537098355,0.4298238810144658,0.7241379310344828,Very Fine Sand
678,2160.0,52.4423246684198,67.88225099390857,39.191835884530846,144.0,0.0,1.7320508075688776,1.308996938995747,1.0,Silt or smaller
679,5328.0,82.36395021093237,90.3396629729111,75.18409015393743,242.9116882454314,-62.99675278915271,1.2015795201876225,1.1346900731413607,0.9487179487179487,Very Fine Sand
680,359856.0,676.8920812139974,1844.364939242268,462.2655028805027,9710.096531242001,-66.65522400265898,3.9898390162136823,0.04796136308477837,0.4644118193644304,Coarse Sand
681,15696.0,141.36749235295613,206.09513992296968,114.86302033959308,635.6467529817256,15.439194345727126,1.7942688544463519,0.48816561796972263,0.8384615384615385,Fine Sand
682,24480.0,176.54717232263107,246.25981277089699,138.02502146987342,730.4406922210657,-77.14195761092385,1.7841679004893172,0.5765690935881804,0.8292682926829268,Fine Sand
683,1296.0,40.621650015438455,39.191835884530846,39.191835884530846,96.0,-45.00001609038752,1.0,1.7671458676442586,1.0,Silt or smaller
684,21456.0,165.28347670543977,301.96936852067586,101.89247622140195,757.3523804664972,-19.412576044891676,2.9636081064957853,0.4700701078563517,0.7801047120418848,Fine Sand
685,14976.0,138.0870574020382,208.38970489827813,98.97153140425404,539.6467529817257,-72.80400528656449,2.105551989966693,0.6462291717840621,0.8524590163934426,Fine Sand
686,1728.0,46.905841142680316,53.665631459994955,39.191835884530846,120.0,90.00003218077504,1.3693063937629155,1.5079644737231006,1.0,Silt or smaller
687,1296.0,40.621650015438455,39.191835884530846,39.191835884530846,96.0,-45.00001609038752,1.0,1.7671458676442586,1.0,Silt or smaller
688,3168.0,63.51080914081473,66.03380051093043,59.671829808773865,170.9116882454314,45.00001609038752,1.106615981486479,1.362860827097002,1.0,Very Fine Sand
689,4032.0,71.64985585730216,104.25248384007136,51.18983497738975,235.88225099390854,-54.74041968734526,2.0365856597529386,0.9106256107157354,0.875,Very Fine Sand
690,20160.0,160.2139482749891,193.0916787373288,176.02123808069706,690.6761902332486,-47.83138233565601,1.0969794374972286,0.5310695760540393,0.7692307692307693,Fine Sand
691,11376.0,120.35104096312259,240.34551442726126,89.39998344693825,570.6761902332485,8.553554619432036,2.688429070794113,0.43895493990433015,0.7383177570093458,Very Fine Sand
692,2448.0,55.82911790017533,80.65613284001336,40.32806642000668,187.88225099390854,-45.00001609038752,2.0,0.8714646356056385,0.8947368421052632,Silt or smaller
693,4320.0,74.1646467884524,93.36924114003384,58.2321630109531,218.9116882454314,69.11694060427129,1.603396410373279,1.1328064426066646,0.967741935483871,Very Fine Sand
694,1296.0,40.621650015438455,39.191835884530846,39.191835884530846,96.0,-45.00001609038752,1.0,1.7671458676442586,1.0,Silt or smaller
695,4608.0,76.59691783707508,91.70360914032818,63.99959430057285,225.9411254969543,15.128223991073508,1.4328779759078465,1.1343099948086781,0.9696969696969697,Very Fine Sand
696,19872.0,159.06544638285573,371.11207965313315,98.28017387801324,888.4995667241113,-49.73351918269502,3.7760625058901787,0.31632753842897154,0.6602870813397129,Fine Sand
697,4752.0,77.78453777314289,112.76464951222903,58.35911850727467,266.9116882454314,49.07611688857943,1.932254160044801,0.8382066682394804,0.8461538461538461,Very Fine Sand
698,2160.0,52.4423246684198,55.42562584220407,48.3189403857328,136.97056274847716,45.00001609038752,1.1470786693528088,1.446802115179039,1.0,Silt or smaller
699,9504.0,110.00394826170097,137.1207835991358,94.97040754079532,372.8528137423857,11.72458333896306,1.4438264207746443,0.8590954956018935,0.9295774647887324,Very Fine Sand
700,2592.0,57.4476883778063,64.0,50.59644256269407,153.94112549695427,90.00003218077504,1.2649110640673518,1.3744708899359803,1.0,Silt or smaller
701,3888.0,70.35876171402046,78.21669333887425,63.56080587615559,201.9411254969543,-8.307888681001879,1.2305805796621707,1.1980820884424095,0.9642857142857143,Very Fine Sand
702,2160.0,52.4423246684198,67.88225099390857,39.191835884530846,144.0,0.0,1.7320508075688776,1.308996938995747,1.0,Silt or smaller
703,16272.0,143.9380209393285,221.5317243782278,111.68545729031348,577.7056274847714,-35.20604548889024,1.983532411049557,0.6126855016376113,0.795774647887324,Fine Sand
704,1296.0,40.621650015438455,39.191835884530846,39.191835884530846,96.0,-45.00001609038752,1.0,1.7671458676442586,1.0,Silt or smaller
705,13248.0,129.87639311534423,169.5189205696432,118.81074620544035,587.6467529817257,-28.222433125882183,1.4267978780010466,0.4820893104647984,0.8070175438596491,Fine Sand
706,1296.0,40.621650015438455,39.191835884530846,39.191835884530846,96.0,-45.00001609038752,1.0,1.7671458676442586,1.0,Silt or smaller
707,1296.0,40.621650015438455,39.191835884530846,39.191835884530846,96.0,-45.00001609038752,1.0,1.7671458676442586,1.0,Silt or smaller
708,273024.0,589.5972807448937,1024.9262274153416,554.2232482819451,7203.009952590986,42.4694160376242,1.8493021189431231,0.06612758454150083,0.572118286059143,Coarse Sand
709,7344.0,96.69886874485675,178.91316944591708,64.8647377255212,406.3675323681472,-10.519676715429807,2.7582501019737142,0.5588619332108214,0.85,Very Fine Sand
710,2016.0,50.66409894773703,57.37097324805089,42.54745250054008,129.94112549695427,45.00001609038752,1.3483997249264839,1.5004003042392393,1.0,Silt or smaller
711,8928.0,106.61839735897146,122.26579039325198,96.44902637610929,344.73506473629425,-24.978080124001032,1.2676726244645387,0.9440459333079646,0.8857142857142857,Very Fine Sand
712,1728.0,46.905841142680316,53.665631459994955,39.191835884530846,120.0,0.0,1.3693063937629155,1.5079644737231006,1.0,Silt or smaller
713,7488.0,97.64229468307727,115.40049909845538,88.35393095680409,317.8233764908628,1.0810412204770927,1.3061161834992294,0.9315453994284616,0.9285714285714286,Very Fine Sand
714,25632.0,180.65346941216404,223.4300867939969,149.8684361014407,652.6173157302028,-62.29576176364637,1.4908415181083554,0.7562670399850483,0.9035532994923858,Fine Sand
715,10368.0,114.8953767556126,151.9312116624165,98.92318136654768,399.7645019878171,-14.39831253643115,1.5358504403477895,0.8152604943534597,0.8888888888888888,Very Fine Sand
716,2592.0,57.4476883778063,67.93592979450379,48.58713248336697,160.97056274847716,-72.70388165253863,1.398228838010981,1.2570482174865225,0.9473684210526315,Silt or smaller
717,2160.0,52.4423246684198,67.88225099390857,39.191835884530846,144.0,90.00003218077504,1.7320508075688776,1.308996938995747,1.0,Silt or smaller
718,5184.0,81.24330003087691,108.42228866242192,61.76070837498734,259.88225099390854,-58.414484161848385,1.755522103213638,0.9645430527252252,0.9230769230769231,Very Fine Sand
719,2016.0,50.66409894773703,57.37097324805089,42.54745250054008,129.94112549695427,45.00001609038752,1.3483997249264839,1.5004003042392393,1.0,Silt or smaller
720,12384.0,125.56989496690778,148.8310056741151,115.71111153899696,464.7350647362943,-41.21312603289658,1.2862291589339374,0.7205430341702568,0.8431372549019608,Fine Sand
721,1296.0,40.621650015438455,39.191835884530846,39.191835884530846,96.0,-45.00001609038752,1.0,1.7671458676442586,1.0,Silt or smaller
722,3600.0,67.70275002573075,67.88225099390857,67.88225099390857,192.0,-45.00001609038752,1.0,1.227184630308513,1.0,Very Fine Sand
723,1728.0,46.905841142680316,53.665631459994955,39.191835884530846,120.0,90.00003218077504,1.3693063937629155,1.5079644737231006,1.0,Silt or smaller
724,5904.0,86.7018239261228,115.06531860311782,66.06150441467702,276.8528137423857,-52.554635518502174,1.7417907694144719,0.9679620470938508,0.9111111111111111,Very Fine Sand
725,4608.0,76.59691783707508,88.1647653133269,68.7439026914096,228.8528137423857,-65.56910781744739,1.2825103298120455,1.105630018541109,0.9411764705882353,Very Fine Sand
726,2160.0,52.4423246684198,55.42562584220407,48.3189403857328,136.97056274847716,-45.00001609038752,1.1470786693528088,1.446802115179039,1.0,Silt or smaller
727,3888.0,70.35876171402046,78.97325914177748,62.819865103618056,201.9411254969543,-7.190699866680992,1.257138311448381,1.1980820884424095,0.9642857142857143,Very Fine Sand
728,151488.0,439.1816391344705,598.5633673162629,569.3078962207678,4619.732465080962,-87.6510375488019,1.0513877838155794,0.08919786193938115,0.6119837114601513,Medium Sand
729,3456.0,66.33487669849642,80.62454976756372,59.427956171970465,194.48528137423855,-37.98189184699543,1.3566771425598976,1.148180372938663,0.9230769230769231,Very Fine Sand
730,2304.0,54.162200020584606,53.665631459994955,53.665631459994955,144.0,-45.00001609038752,1.0,1.3962634015954636,1.0,Silt or smaller
731,18000.0,151.3879513212096,257.1894908280888,109.8225121529663,683.6467529817256,18.562453250403557,2.3418649399483997,0.48397046416796946,0.7575757575757576,Fine Sand
732,18288.0,152.59424888938855,197.15064104780706,157.98809618343515,720.0731598529186,-75.26889829963318,1.2478828836503066,0.44322355273613057,0.7514792899408284,Fine Sand
733,6192.0,88.79132424398303,111.81912147767301,75.14566006523334,297.9411254969543,-79.45510771758113,1.4880316625152235,0.8765564780268765,0.9347826086956522,Very Fine Sand
734,18144.0,151.99229684321108,229.57705351070655,106.897242678527,587.6467529817256,-58.86805189101677,2.1476424251756954,0.6602527512887459,0.863013698630137,Fine Sand
735,1296.0,40.621650015438455,39.191835884530846,39.191835884530846,96.0,-45.00001609038752,1.0,1.7671458676442586,1.0,Silt or smaller
736,1296.0,40.621650015438455,39.191835884530846,39.191835884530846,96.0,-45.00001609038752,1.0,1.7671458676442586,1.0,Silt or smaller
737,30096.0,195.7534606037642,325.69414741567266,146.2894299325457,1028.38181771802,-42.278955784711535,2.2263682862517875,0.35761017173786286,0.774074074074074,Fine Sand
738,1296.0,40.621650015438455,39.191835884530846,39.191835884530846,96.0,-45.00001609038752,1.0,1.7671458676442586,1.0,Silt or smaller
739,1296.0,40.621650015438455,39.191835884530846,39.191835884530846,96.0,-45.00001609038752,1.0,1.7671458676442586,1.0,Silt or smaller
740,1296.0,40.621650015438455,39.191835884530846,39.191835884530846,96.0,-45.00001609038752,1.0,1.7671458676442586,1.0,Silt or smaller
741,2160.0,52.4423246684198,55.42562584220407,48.3189403857328,136.97056274847716,-45.00001609038752,1.1470786693528088,1.446802115179039,1.0,Silt or smaller
742,73296.0,305.4887324778256,449.21757699167597,310.9017496944963,2539.3220766631975,-59.32245084673917,1.4448859726041876,0.1428415524617284,0.6759628154050464,Medium Sand
743,15264.0,139.4084947585244,165.7162587272401,146.49855571515195,570.6761902332485,-40.62425368418602,1.1311801534033863,0.5889775143020127,0.8153846153846154,Fine Sand
744,2880.0,60.555180528483845,74.78364958166196,48.24319387485856,170.91168824543144,42.11454694786035,1.550138860533334,1.2389643882700012,0.9523809523809523,Silt or smaller
745,14832.0,137.42157373393718,148.5202309601253,130.72365932797697,454.79393923934003,-55.28507569887629,1.1361388728225388,0.901115051525607,0.911504424778761,Fine Sand
746,3312.0,64.93819655767211,80.54985365051247,52.890521620221264,187.88225099390854,-64.09762341149784,1.5229544194874496,1.1790403893488048,0.9583333333333334,Very Fine Sand
747,12096.0,124.10119069983386,218.43757545483717,83.54764690212227,502.7939392393399,72.61027196389382,2.6145269622104514,0.601272822501179,0.8235294117647058,Very Fine Sand
748,1296.0,40.621650015438455,39.191835884530846,39.191835884530846,96.0,-45.00001609038752,1.0,1.7671458676442586,1.0,Silt or smaller
749,26640.0,184.17139156705292,243.80304368682687,149.97871359090672,853.352380466497,-22.745389687288164,1.6255843102631382,0.4597135194988276,0.8525345622119815,Fine Sand
750,1296.0,40.621650015438455,39.191835884530846,39.191835884530846,96.0,-45.00001609038752,1.0,1.7671458676442586,1.0,Silt or smaller
751,34704.0,210.2058637633334,330.81473137236094,193.70164222683638,1508.38181771802,80.31096295043693,1.7078571331107084,0.19167559553278316,0.6866096866096866,Fine Sand
752,52560.0,258.69184461687263,402.07545843864466,252.80634152318157,1703.793072687563,-55.274962522801744,1.5904484674557722,0.22752625800020695,0.6797020484171322,Medium Sand
753,22464.0,169.12141535870228,253.46172775636222,148.69847142118317,895.5290039756342,-31.270483001391174,1.7045348572443682,0.3519959302211123,0.7393364928909952,Fine Sand
754,2160.0,52.4423246684198,55.42562584220407,48.3189403857328,136.97056274847716,45.00001609038753,1.1470786693528088,1.446802115179039,1.0,Silt or smaller
755,2160.0,52.4423246684198,55.42562584220407,48.3189403857328,136.97056274847716,-45.00001609038752,1.1470786693528088,1.446802115179039,1.0,Silt or smaller
756,10944.0,118.04377822478244,190.5056631697846,86.87126815575164,471.7645019878171,51.8093013050409,2.192965145026163,0.6179245215571061,0.7835051546391752,Very Fine Sand
757,3168.0,63.51080914081473,72.07152646335487,55.275202087409184,177.94112549695427,-49.41672499525329,1.303867263106246,1.2573100023592203,0.9565217391304348,Very Fine Sand
758,3168.0,63.51080914081473,80.53781101287771,50.05921953111046,184.97056274847716,79.92651570568823,1.6088507125610625,1.1635627281466239,0.9565217391304348,Very Fine Sand
759,1296.0,40.621650015438455,39.191835884530846,39.191835884530846,96.0,-45.00001609038752,1.0,1.7671458676442586,1.0,Silt or smaller
760,21600.0,165.83719174624105,232.7414636266098,141.87043070683714,707.6467529817256,-18.94192009980636,1.6405213014934008,0.5420390539974616,0.8064516129032258,Fine Sand
761,4176.0,72.91809335695798,114.7559684775097,60.20622441740182,261.9411254969543,-63.145508948308716,1.906048246472353,0.7648265852502893,0.7837837837837838,Very Fine Sand
762,11664.0,121.86495004631536,168.01235023395077,119.49513580162879,521.8233764908628,69.60503695400173,1.4060183212215795,0.5382825657176545,0.7641509433962265,Very Fine Sand
763,22176.0,168.03380655108356,209.04012181608138,163.00262494498037,802.4406922210658,27.2387454076745,1.2824340828047427,0.4327800065781964,0.7586206896551724,Fine Sand
764,25776.0,181.16021225725464,334.6576592761766,111.43069375232474,867.4112549695428,-37.155364126477146,3.0032807658903655,0.4305021067938777,0.8063063063063063,Fine Sand
765,163440.0,456.1778942381086,770.6822947407104,388.08063230825815,4777.791339584008,-26.257942362432065,1.9858818775798792,0.08997334355496264,0.642331635540464,Medium Sand
766,2016.0,50.66409894773703,57.37097324805089,42.54745250054008,129.94112549695427,45.00001609038752,1.3483997249264839,1.5004003042392393,1.0,Silt or smaller
767,7920.0,100.41940646260807,109.51449402101626,95.77530727498771,310.79393923934003,15.741926140765072,1.1434522857397986,1.0303623084893767,0.9649122807017544,Very Fine Sand
768,2592.0,57.4476883778063,67.93592979450378,48.58713248336697,160.97056274847716,17.296150528236417,1.3982288380109806,1.2570482174865225,0.9473684210526315,Silt or smaller
769,18288.0,152.59424888938855,273.5697958851623,93.74179628781278,710.5584412271571,-22.812808748158897,2.91833319520813,0.4551729771895494,0.8141025641025641,Fine Sand
770,1296.0,40.621650015438455,39.191835884530846,39.191835884530846,96.0,-45.00001609038752,1.0,1.7671458676442586,1.0,Silt or smaller
771,2448.0,55.82911790017533,68.34367819768178,44.475331873088976,153.94112549695427,65.09828039726953,1.5366648278803514,1.2981113960506483,0.9444444444444444,Silt or smaller
772,1728.0,46.905841142680316,53.665631459994955,39.191835884530846,120.0,0.0,1.3693063937629155,1.5079644737231006,1.0,Silt or smaller
773,1296.0,40.621650015438455,39.191835884530846,39.191835884530846,96.0,-45.00001609038752,1.0,1.7671458676442586,1.0,Silt or smaller
774,205920.0,512.0405130962439,1092.3511219502136,396.1848277779755,5435.452377915606,88.94611484775247,2.7571755538361358,0.0875864659907732,0.5553398058252427,Coarse Sand
775,49104.0,250.0423056298182,334.57286631597196,235.63644200679673,1486.5138520739843,-64.60686698308177,1.4198689450009667,0.2792471915705359,0.7611607142857143,Medium Sand
776,1728.0,46.905841142680316,53.665631459994955,39.191835884530846,120.0,90.00003218077504,1.3693063937629155,1.5079644737231006,1.0,Silt or smaller
777,2304.0,54.162200020584606,53.665631459994955,53.665631459994955,144.0,-45.00001609038752,1.0,1.3962634015954636,1.0,Silt or smaller
778,1296.0,40.621650015438455,39.191835884530846,39.191835884530846,96.0,-45.00001609038752,1.0,1.7671458676442586,1.0,Silt or smaller
779,18000.0,151.3879513212096,248.56421604785817,155.05579766172465,835.1025971044414,-42.39751111278394,1.603063025028802,0.3243416341475048,0.6756756756756757,Fine Sand
780,1728.0,46.905841142680316,53.665631459994955,39.191835884530846,120.0,90.00003218077504,1.3693063937629155,1.5079644737231006,1.0,Silt or smaller
781,1296.0,40.621650015438455,39.191835884530846,39.191835884530846,96.0,-45.00001609038752,1.0,1.7671458676442586,1.0,Silt or smaller
782,34992.0,211.0762851420614,351.79540245075316,165.67699488110296,1443.411254969543,-48.362520198350325,2.123381116993442,0.21105636543648695,0.7363636363636363,Fine Sand
783,3312.0,64.93819655767211,80.00737930564563,52.2274976058585,184.97056274847716,-83.83878165895713,1.5319014498728536,1.2164519430623792,1.0,Very Fine Sand
784,8784.0,105.75507628929057,158.71422751600423,96.43560388105342,473.8233764908628,53.64346866505585,1.6458052952285873,0.491664922217499,0.7530864197530864,Very Fine Sand
785,18720.0,154.38602358193648,238.3592996743144,109.93091213213114,604.6173157302028,9.691474263581972,2.1682645495365227,0.6435088836573188,0.8227848101265823,Fine Sand
786,12384.0,125.56989496690778,133.52139629617864,125.28336711051352,420.8528137423857,74.06300226133787,1.0657551706636228,0.87863871834538,0.9052631578947369,Fine Sand
787,2880.0,60.555180528483845,67.88225099390857,53.665631459994955,168.0,90.00003218077504,1.2649110640673518,1.282282715750936,1.0,Silt or smaller
788,1296.0,40.621650015438455,39.191835884530846,39.191835884530846,96.0,-45.00001609038752,1.0,1.7671458676442586,1.0,Silt or smaller
789,1296.0,40.621650015438455,39.191835884530846,39.191835884530846,96.0,-45.00001609038752,1.0,1.7671458676442586,1.0,Silt or smaller
790,2592.0,57.4476883778063,67.93592979450378,48.58713248336697,160.97056274847716,72.70388165253861,1.3982288380109806,1.2570482174865225,0.9473684210526315,Silt or smaller
791,44928.0,239.1737992880102,480.50246248125563,198.36231598144013,1645.8519471906088,63.75032604898761,2.4223475114407016,0.20842289256602414,0.6141732283464567,Fine Sand
792,2160.0,52.4423246684198,67.88225099390857,39.191835884530846,144.0,0.0,1.7320508075688776,1.308996938995747,1.0,Silt or smaller
793,1728.0,46.905841142680316,53.665631459994955,39.191835884530846,120.0,90.00003218077504,1.3693063937629155,1.5079644737231006,1.0,Silt or smaller
794,1296.0,40.621650015438455,39.191835884530846,39.191835884530846,96.0,-45.00001609038752,1.0,1.7671458676442586,1.0,Silt or smaller
795,2160.0,52.4423246684198,55.42562584220407,48.3189403857328,136.97056274847716,45.00001609038752,1.1470786693528088,1.446802115179039,1.0,Silt or smaller
796,1296.0,40.621650015438455,39.191835884530846,39.191835884530846,96.0,-45.00001609038752,1.0,1.7671458676442586,1.0,Silt or smaller
797,1728.0,46.905841142680316,53.665631459994955,39.191835884530846,120.0,0.0,1.3693063937629155,1.5079644737231006,1.0,Silt or smaller
798,1296.0,40.621650015438455,39.191835884530846,39.191835884530846,96.0,-45.00001609038752,1.0,1.7671458676442586,1.0,Silt or smaller
799,2016.0,50.66409894773703,57.37097324805089,42.54745250054008,129.94112549695427,45.00001609038752,1.3483997249264839,1.5004003042392393,1.0,Silt or smaller
800,145296.0,430.11232590085143,706.3232559626855,363.4831344887613,3336.365799264592,-52.55691850677613,1.9432077830959846,0.16402732451316976,0.7176386913229018,Medium Sand
801,277056.0,593.9348914705595,1172.822941143485,691.2408410888602,7891.127701597077,80.82258437227877,1.6966921967400312,0.055911260144139864,0.4915687276443536,Coarse Sand
802,11376.0,120.35104096312259,163.10229898678398,93.29381481750869,420.8528137423857,-4.081431070477697,1.7482648694967307,0.8071216133637791,0.9080459770114943,Very Fine Sand
803,3168.0,63.51080914081473,80.53781101287771,50.059219531110465,184.97056274847716,79.92651570568823,1.6088507125610623,1.1635627281466239,0.9565217391304348,Very Fine Sand
804,5616.0,84.56070767935114,120.96807376086741,65.65611266733157,300.8528137423857,29.869976451275885,1.8424495274917083,0.7797022867168731,0.8666666666666667,Very Fine Sand
805,3744.0,69.0435287010191,74.42084075352508,65.63589723556127,201.9411254969543,-90.00003218077504,1.1338435808447236,1.1537086777593573,0.9285714285714286,Very Fine Sand
806,1728.0,46.905841142680316,53.665631459994955,39.191835884530846,120.0,90.00003218077504,1.3693063937629155,1.5079644737231006,1.0,Silt or smaller
807,2736.0,59.02188911239122,76.71681935215953,46.43481106184905,177.94112549695427,47.552843686940605,1.6521402283725508,1.0858586384011448,0.9047619047619048,Silt or smaller
808,34992.0,211.0762851420614,301.1600973416521,215.71950648481584,1377.2346314604058,-7.420193062096176,1.3960726234224454,0.23182633005803877,0.6603260869565217,Fine Sand
809,9792.0,111.65823580035067,199.95557975500165,78.1105243492485,498.24978336205567,-37.415354494870144,2.5599057415228508,0.4956636055980093,0.7727272727272727,Very Fine Sand
810,34848.0,210.64152405195648,402.30490181192806,168.41234402721884,1330.0874452027913,16.6939698734993,2.388808873457087,0.24752971045077596,0.6335078534031413,Fine Sand
811,3024.0,62.05059534991693,79.72673034947627,47.251557564504616,177.94112549695427,-15.818023655270224,1.687282588317618,1.2001595477065286,0.9545454545454546,Silt or smaller
812,1296.0,40.621650015438455,39.191835884530846,39.191835884530846,96.0,-45.00001609038752,1.0,1.7671458676442586,1.0,Silt or smaller
813,11952.0,123.36028144696601,179.56669018597904,101.32750181017278,549.1614716074871,21.77240303024965,1.77214168886133,0.4980240643210723,0.83,Very Fine Sand
814,61632.0,280.1290767148557,454.3897882848537,254.92054657859086,2364.2194795587557,-62.376818961781396,1.7824761259279953,0.13856085117065667,0.6388059701492538,Medium Sand
815,1728.0,46.905841142680316,53.665631459994955,39.191835884530846,120.0,0.0,1.3693063937629155,1.5079644737231006,1.0,Silt or smaller
816,1296.0,40.621650015438455,39.191835884530846,39.191835884530846,96.0,-45.00001609038752,1.0,1.7671458676442586,1.0,Silt or smaller
817,2736.0,59.02188911239122,66.53637880532507,51.548342602979766,160.97056274847716,12.820507496305085,1.290756898195189,1.3268842295691072,1.0,Silt or smaller
818,20448.0,161.3542754647196,265.8681438643646,144.04320703082794,772.6173157302029,1.8834269713849607,1.8457527386728054,0.430459033301426,0.6995073891625616,Fine Sand
819,60192.0,276.8371988673107,465.50482353776965,215.92502802028167,1806.4692629208116,-60.960559056915685,2.1558632077335895,0.2317861516818876,0.6909090909090909,Medium Sand
820,3312.0,64.93819655767211,64.86373677044892,64.32432003098063,177.94112549695427,0.0,1.0083858910472507,1.314460457011912,1.0,Very Fine Sand
821,2016.0,50.66409894773703,57.37097324805089,42.54745250054008,129.94112549695427,-45.00001609038752,1.3483997249264839,1.5004003042392393,1.0,Silt or smaller
822,3024.0,62.05059534991693,82.33754731408911,47.747184298370776,184.97056274847716,-11.048950008551556,1.7244482271365815,1.110673513230868,0.9545454545454546,Silt or smaller
823,5184.0,81.24330003087691,104.41132480429799,65.66960845652733,266.9116882454314,65.58571499609485,1.5899489468315822,0.9144072744430695,0.9,Very Fine Sand
824,1296.0,40.621650015438455,39.191835884530846,39.191835884530846,96.0,-45.00001609038752,1.0,1.7671458676442586,1.0,Silt or smaller
825,1728.0,46.905841142680316,53.665631459994955,39.191835884530846,120.0,90.00003218077504,1.3693063937629155,1.5079644737231006,1.0,Silt or smaller
826,3744.0,69.0435287010191,77.64827388854063,62.44258901644713,201.9411254969543,0.0,1.24351464459759,1.1537086777593573,0.9285714285714286,Very Fine Sand
827,51408.0,255.84115876016756,473.4190362145455,190.85136029638502,1771.1757569573601,-14.665623831502778,2.4805641179572597,0.20592887831836743,0.655045871559633,Medium Sand
828,51264.0,255.48258653243548,382.1914926194021,194.5555413030348,1238.6316010800758,1.1919562745269383,1.964433858114122,0.41989242727134063,0.8516746411483254,Medium Sand
829,2160.0,52.4423246684198,55.42562584220407,48.3189403857328,136.97056274847716,45.00001609038752,1.1470786693528088,1.446802115179039,1.0,Silt or smaller
830,3312.0,64.93819655767211,106.55988193212438,38.53146742951073,208.97056274847716,-2.1256687610934435,2.765528775333161,0.9530813419255546,1.0,Very Fine Sand
831,2160.0,52.4423246684198,67.88225099390857,39.191835884530846,144.0,0.0,1.7320508075688776,1.308996938995747,1.0,Silt or smaller
832,9936.0,112.47625578978247,129.31548149248928,99.89462126609646,358.79393923934003,36.332566648455774,1.2945189626178406,0.96990958280044,0.9324324324324325,Very Fine Sand
833,1296.0,40.621650015438455,39.191835884530846,39.191835884530846,96.0,-45.00001609038752,1.0,1.7671458676442586,1.0,Silt or smaller
834,1296.0,40.621650015438455,39.191835884530846,39.191835884530846,96.0,-45.00001609038752,1.0,1.7671458676442586,1.0,Silt or smaller
835,1728.0,46.905841142680316,53.665631459994955,39.191835884530846,120.0,90.00003218077504,1.3693063937629155,1.5079644737231006,1.0,Silt or smaller
836,115632.0,383.7020133343274,664.2605088963614,330.11213995080055,3191.1597385039327,-72.16689465374559,2.0122268420524065,0.1426891048133779,0.6759259259259259,Medium Sand
837,3456.0,66.33487669849642,81.97560612767678,53.665631459994955,192.0,0.0,1.5275252316519465,1.1780972450961724,1.0,Very Fine Sand
838,5904.0,86.7018239261228,94.85797663289554,80.30423240431242,256.97056274847716,9.899441716946834,1.1812325925152805,1.1235423877651385,1.0,Very Fine Sand
839,4752.0,77.78453777314289,80.1981018303431,74.7358986395062,218.9116882454314,-45.000016090387554,1.0730867399773196,1.246087086867331,1.0,Very Fine Sand
840,5040.0,80.10697413749455,106.33951800793636,66.67551620242754,269.82337649086287,-12.91734031392939,1.5948810607643218,0.8699238850939299,0.875,Very Fine Sand
841,72720.0,304.2860162628921,519.2200331870775,237.0302836780976,1995.5575746753798,-1.3680598027013766,2.190521924583324,0.22947491074387216,0.6880108991825613,Medium Sand
842,5760.0,85.63795757533302,110.99001336176372,66.97773461349311,266.9116882454314,-69.87875310887055,1.6571180557576524,1.0160080827145217,0.9302325581395349,Very Fine Sand
843,1728.0,46.905841142680316,53.665631459994955,39.191835884530846,120.0,0.0,1.3693063937629155,1.5079644737231006,1.0,Silt or smaller
844,7632.0,98.57669199876186,146.81163733452416,72.6796025802989,348.8528137423857,16.86586704531453,2.019984041221492,0.788068131049115,0.8833333333333333,Very Fine Sand
845,2304.0,54.162200020584606,53.665631459994955,53.665631459994955,144.0,-45.00001609038752,1.0,1.3962634015954636,1.0,Silt or smaller
846,3312.0,64.93819655767211,95.73885453380385,44.735727815037926,201.9411254969543,-11.599299404316442,2.140098288545586,1.0205884457102006,0.92,Very Fine Sand
847,1728.0,46.905841142680316,53.665631459994955,39.191835884530846,120.0,0.0,1.3693063937629155,1.5079644737231006,1.0,Silt or smaller
848,4464.0,75.39059177177062,95.09304005389792,60.05445411119748,225.9411254969543,74.90818645586255,1.583446914325832,1.0988628074709068,0.96875,Very Fine Sand
849,1296.0,40.621650015438455,39.191835884530846,39.191835884530846,96.0,-45.00001609038752,1.0,1.7671458676442586,1.0,Silt or smaller
850,10944.0,118.04377822478244,227.892231560601,72.10011923167244,546.2497833620557,-15.631752006824543,3.1607746837191297,0.4608964817103529,0.7916666666666666,Very Fine Sand
851,2016.0,50.66409894773703,57.37097324805089,42.54745250054008,129.94112549695427,45.00001609038752,1.3483997249264839,1.5004003042392393,1.0,Silt or smaller
852,14832.0,137.42157373393718,247.70807496314285,104.27278846716956,675.7645019878171,-44.55488187563013,2.3755773544037724,0.4081490893549085,0.6912751677852349,Fine Sand
853,13680.0,131.9769562157615,251.67681617050408,90.56208064960622,628.1909088590099,-20.572706641900446,2.779052936562566,0.43562487152295487,0.7307692307692307,Fine Sand
854,2160.0,52.4423246684198,67.88225099390857,39.191835884530846,144.0,0.0,1.7320508075688776,1.308996938995747,1.0,Silt or smaller
855,8928.0,106.61839735897146,113.6384655785018,107.01736987620116,385.27922061357856,-8.738013059817657,1.0618693555070544,0.7558104150854271,0.9117647058823529,Very Fine Sand
856,7776.0,99.50231504774462,121.75598928973852,84.38227278857786,317.8233764908628,-33.82432748200398,1.442909574085561,0.9673740686372485,0.9152542372881356,Very Fine Sand
857,1728.0,46.905841142680316,53.665631459994955,39.191835884530846,120.0,90.00003218077504,1.3693063937629155,1.5079644737231006,1.0,Silt or smaller
858,8640.0,104.8846493368396,142.83626545529154,78.21842027799778,348.8528137423857,-75.81956988435725,1.8261205601907335,0.8921526011876774,0.8955223880597015,Very Fine Sand
859,22608.0,169.66260527108665,252.20652695012348,123.32882126430076,696.4995667241113,-29.088504646851074,2.0449926007938597,0.585639427398378,0.8440860215053764,Fine Sand
860,1728.0,46.905841142680316,53.665631459994955,39.191835884530846,120.0,90.00003218077504,1.3693063937629155,1.5079644737231006,1.0,Silt or smaller
861,28512.0,190.5324274224442,264.228930405042,149.04465214604107,792.4995667241113,-66.87862292427016,1.7728172504045152,0.5704787600288797,0.8389830508474576,Fine Sand
862,4752.0,77.78453777314289,120.50801557648279,51.63124174341483,259.88225099390854,90.00003218077504,2.334013506306047,0.8841644649981232,0.9705882352941176,Very Fine Sand
863,39888.0,225.35966577982884,333.56852590071827,204.91667355380525,1343.2935059634513,58.979337958190904,1.627825203853569,0.27778596202634787,0.7139175257731959,Fine Sand
864,1296.0,40.621650015438455,39.191835884530846,39.191835884530846,96.0,-45.00001609038752,1.0,1.7671458676442586,1.0,Silt or smaller
865,2448.0,55.82911790017533,68.34367819768178,44.47533187308896,153.94112549695427,-24.90175178350549,1.536664827880352,1.2981113960506483,0.9444444444444444,Silt or smaller
866,13104.0,129.1686145865534,176.66052742631828,97.5400955815077,450.6761902332485,-78.76747517989831,1.8111580306859034,0.8107454493419984,0.8921568627450981,Fine Sand
867,1296.0,40.621650015438455,39.191835884530846,39.191835884530846,96.0,-45.00001609038752,1.0,1.7671458676442586,1.0,Silt or smaller
868,47232.0,245.22979055761397,461.2327249425264,202.68832101676455,1719.4844148224613,-53.86574656564483,2.275576227721465,0.2007472997281678,0.6319845857418112,Fine Sand
869,7776.0,99.50231504774462,151.52446747364007,72.48492361789118,372.8528137423857,81.01703670530098,2.090427359383184,0.7028963145833673,0.8852459016393442,Very Fine Sand
870,864.0,33.16743834924821,39.191835884530846,24.0,72.0,0.0,1.6329931618554518,2.0943951023931953,1.0,Silt or smaller
871,8640.0,104.8846493368396,155.5371885672507,75.2097265823743,372.8528137423857,-29.67997160794967,2.0680461907662546,0.7809959050926304,0.8823529411764706,Very Fine Sand
872,1296.0,40.621650015438455,39.191835884530846,39.191835884530846,96.0,-45.00001609038752,1.0,1.7671458676442586,1.0,Silt or smaller
873,4752.0,77.78453777314289,123.22649374099556,55.403178898289994,283.88225099390854,23.94393037886911,2.2241773160203797,0.7409856808146151,0.8048780487804879,Very Fine Sand
874,61632.0,280.1290767148557,456.32396290727735,253.5407026545027,1980.6458864299486,-37.9029987282658,1.7998055465244385,0.197425139026706,0.6837060702875399,Medium Sand
875,1296.0,40.621650015438455,39.191835884530846,39.191835884530846,96.0,-45.00001609038752,1.0,1.7671458676442586,1.0,Silt or smaller
876,1728.0,46.905841142680316,53.665631459994955,39.191835884530846,120.0,90.00003218077504,1.3693063937629155,1.5079644737231006,1.0,Silt or smaller
877,5040.0,80.10697413749455,87.0098677296098,74.57306825867192,235.88225099390854,12.395065339822153,1.1667733373635412,1.1382820133946692,0.9459459459459459,Very Fine Sand
878,12960.0,128.45693636299953,214.7541055878624,84.10405406955735,488.7350647362943,-21.253231198001888,2.5534334576815088,0.6818170661156469,0.8411214953271028,Fine Sand
879,1296.0,40.621650015438455,39.191835884530846,39.191835884530846,96.0,-45.00001609038752,1.0,1.7671458676442586,1.0,Silt or smaller
880,8928.0,106.61839735897146,114.28444646116239,102.5392985778669,331.88225099390854,84.87534857277922,1.1145428927854075,1.018581986695524,0.9538461538461539,Very Fine Sand
881,130032.0,406.89296440341985,726.7402685524044,359.97228044452834,3632.3212101114195,35.21307441273395,2.0188784193465,0.12384874584836589,0.6040133779264214,Medium Sand
882,1296.0,40.621650015438455,39.191835884530846,39.191835884530846,96.0,-45.00001609038752,1.0,1.7671458676442586,1.0,Silt or smaller
883,7632.0,98.57669199876186,156.09448820824727,67.90632014750238,372.8528137423857,57.104455942132844,2.298673935933907,0.6898797161651569,0.8412698412698413,Very Fine Sand
884,3600.0,67.70275002573075,81.73165447382127,55.577843219864974,194.9116882454314,55.7805855575503,1.470579816321628,1.1907938922533645,0.9615384615384616,Very Fine Sand
885,1296.0,40.621650015438455,39.191835884530846,39.191835884530846,96.0,-45.00001609038752,1.0,1.7671458676442586,1.0,Silt or smaller
886,2592.0,57.4476883778063,81.97560612767678,39.191835884530846,168.0,0.0,2.091650066335189,1.1540544441758422,1.0,Silt or smaller
887,292752.0,610.5271682737045,1489.2508741188528,424.8712344005283,9699.582679168016,-26.460733185256686,3.5051816963323255,0.03910241999597373,0.5095238095238095,Coarse Sand
888,15120.0,138.7493492467466,212.2819892185212,103.366285074788,539.6467529817257,-58.07523197279213,2.0536869353961023,0.6524429138204473,0.8333333333333334,Fine Sand
889,33408.0,206.24351313559492,290.661656256451,234.42477257331365,1193.1168824543142,-37.84472859128806,1.239893092636146,0.2949133001895023,0.6535211267605634,Fine Sand
890,25920.0,181.66554158545154,279.01904409966016,158.67036314580935,881.4701294725885,-59.26032322478708,1.758482419576093,0.41920809605634657,0.7142857142857143,Fine Sand
891,4176.0,72.91809335695798,80.7415441935114,66.00756053053729,208.97056274847716,-78.82970420667037,1.2232166064697647,1.201711257210482,1.0,Very Fine Sand
892,1296.0,40.621650015438455,39.191835884530846,39.191835884530846,96.0,-45.00001609038752,1.0,1.7671458676442586,1.0,Silt or smaller
893,7632.0,98.57669199876186,128.56786579373966,91.55352295934999,372.8528137423857,5.837090658411758,1.404291846320585,0.6898797161651569,0.803030303030303,Very Fine Sand
894,5184.0,81.24330003087691,122.01599965704612,58.18826003129406,276.8528137423857,-55.04793954649901,2.096917824857197,0.8499178950092348,0.9,Very Fine Sand
895,7488.0,97.64229468307727,105.86610338820579,93.56648801801283,304.97056274847716,27.39312623068676,1.131453211836113,1.011718886749281,0.9629629629629629,Very Fine Sand
896,1728.0,46.905841142680316,53.665631459994955,39.191835884530846,120.0,0.0,1.3693063937629155,1.5079644737231006,1.0,Silt or smaller
897,3456.0,66.33487669849642,78.98636602265432,56.96625301470404,194.9116882454314,66.0107007932786,1.3865466279178742,1.1431621365632298,0.9230769230769231,Very Fine Sand
898,7488.0,97.64229468307727,124.59481676247773,82.70179718256654,327.7645019878171,-42.16205916518273,1.5065551294783979,0.8758946372355519,0.9122807017543859,Very Fine Sand
899,8784.0,105.75507628929057,120.8133807012637,106.72499896550602,433.27922061357856,7.077175391839798,1.1320063890589598,0.5879852995066948,0.8243243243243243,Very Fine Sand
900,9648.0,110.83417851730056,133.21882819433603,93.62384626662326,348.8528137423857,74.92412789756847,1.422915565922742,0.9962370713262397,0.9436619718309859,Very Fine Sand
901,3888.0,70.35876171402046,83.09710003235001,61.099052271175516,208.97056274847716,-73.72502461532089,1.360039099518937,1.118834618782173,0.9642857142857143,Very Fine Sand
902,2160.0,52.4423246684198,55.42562584220407,48.3189403857328,136.97056274847716,-45.00001609038752,1.1470786693528088,1.446802115179039,1.0,Silt or smaller
903,27504.0,187.13412419544414,308.89510271373445,153.86844482626879,1001.8965363437812,65.83361121079646,2.007527294257797,0.34431819497520827,0.7318007662835249,Fine Sand
904,9216.0,108.32440004116921,148.27603871865384,89.66551088297145,406.79393923934003,-59.67109305231497,1.6536574348210538,0.6998474467024702,0.810126582278481,Very Fine Sand
905,1728.0,46.905841142680316,53.665631459994955,39.191835884530846,120.0,90.00003218077504,1.3693063937629155,1.5079644737231006,1.0,Silt or smaller
906,1728.0,46.905841142680316,53.665631459994955,39.191835884530846,120.0,0.0,1.3693063937629155,1.5079644737231006,1.0,Silt or smaller
907,14400.0,135.4055000514615,237.6282910661422,89.40332927237561,587.6467529817256,-3.9201462437961365,2.657935593675548,0.5240101200704332,0.8771929824561403,Fine Sand
908,4176.0,72.91809335695798,88.06232494715562,60.256009946327126,211.8822509939086,79.85564464043647,1.4614695700162836,1.1689103329366746,0.9666666666666667,Very Fine Sand
909,7488.0,97.64229468307727,109.25237869543602,90.28089301109155,310.79393923934003,-13.363277174596508,1.2101384362914278,0.9741607280263197,0.896551724137931,Very Fine Sand
910,1296.0,40.621650015438455,39.191835884530846,39.191835884530846,96.0,-45.00001609038752,1.0,1.7671458676442586,1.0,Silt or smaller
911,2592.0,57.4476883778063,67.93592979450378,48.58713248336697,160.97056274847716,-17.296150528236417,1.3982288380109806,1.2570482174865225,0.9473684210526315,Silt or smaller
912,18000.0,151.3879513212096,367.1309573695978,86.80419149374379,830.5584412271571,-68.76444733396224,4.229415089892957,0.3279004224572665,0.6793478260869565,Fine Sand
913,4176.0,72.91809335695798,80.7415441935114,66.00756053053729,208.97056274847716,-78.82970420667037,1.2232166064697647,1.201711257210482,1.0,Very Fine Sand
914,2736.0,59.02188911239122,66.53637880532506,51.548342602979766,160.97056274847716,-77.17952468446995,1.2907568981951887,1.3268842295691072,1.0,Silt or smaller
915,864.0,33.16743834924821,39.191835884530846,24.0,72.0,0.0,1.6329931618554518,2.0943951023931953,1.0,Silt or smaller
916,1296.0,40.621650015438455,39.191835884530846,39.191835884530846,96.0,-45.00001609038752,1.0,1.7671458676442586,1.0,Silt or smaller
917,5472.0,83.46955605962458,90.54261786194229,76.81453003069461,242.9116882454314,-19.342339627968045,1.178717331548628,1.1653573724154516,0.9743589743589743,Very Fine Sand
918,4032.0,71.64985585730216,106.22189181800056,47.988216077266884,225.9411254969543,80.9633987958644,2.213499490103369,0.9925212454575935,0.9655172413793104,Very Fine Sand
919,7344.0,96.69886874485675,156.9400085846085,71.11241504811326,372.8528137423857,-46.64228732921775,2.2069284031265988,0.6638465193287358,0.796875,Very Fine Sand
920,2592.0,57.4476883778063,94.99473669630333,39.191835884530846,168.0,-33.69007957234072,2.4238399287081647,1.1540544441758422,0.8181818181818182,Silt or smaller
921,2160.0,52.4423246684198,55.42562584220407,48.3189403857328,136.97056274847716,-45.00001609038752,1.1470786693528088,1.446802115179039,1.0,Silt or smaller
922,2736.0,59.02188911239122,66.53637880532506,51.548342602979766,160.97056274847716,12.820507496305092,1.2907568981951887,1.3268842295691072,1.0,Silt or smaller
923,12240.0,124.83770274864239,194.11435852796677,118.66880097728594,613.7056274847714,-62.883350082008164,1.6357657356386508,0.40838621162419103,0.6854838709677419,Very Fine Sand
924,2304.0,54.162200020584606,53.665631459994955,53.665631459994955,144.0,-45.00001609038752,1.0,1.3962634015954636,1.0,Silt or smaller
925,2160.0,52.4423246684198,55.42562584220407,48.3189403857328,136.97056274847716,-45.00001609038752,1.1470786693528088,1.446802115179039,1.0,Silt or smaller
926,1728.0,46.905841142680316,53.665631459994955,39.191835884530846,120.0,0.0,1.3693063937629155,1.5079644737231006,1.0,Silt or smaller
927,1296.0,40.621650015438455,39.191835884530846,39.191835884530846,96.0,-45.00001609038752,1.0,1.7671458676442586,1.0,Silt or smaller
928,4608.0,76.59691783707508,108.12997348821071,66.3148462520939,283.8822509939086,-44.00128118171284,1.6305545379259097,0.718531569274778,0.8205128205128205,Very Fine Sand
929,1728.0,46.905841142680316,53.665631459994955,39.191835884530846,120.0,90.00003218077504,1.3693063937629155,1.5079644737231006,1.0,Silt or smaller
930,3888.0,70.35876171402046,92.64138481760304,56.511713998752384,218.9116882454314,84.52299890068572,1.6393306495649431,1.0195257983459982,0.9,Very Fine Sand
931,1296.0,40.621650015438455,39.191835884530846,39.191835884530846,96.0,-45.00001609038752,1.0,1.7671458676442586,1.0,Silt or smaller
932,4752.0,77.78453777314289,101.06427961885429,59.552836294687665,235.88225099390854,-1.9650884755077132,1.6970523304507932,1.0732373269149738,0.9428571428571428,Very Fine Sand
933,3024.0,62.05059534991693,82.33754731408911,47.74718429837077,184.97056274847716,11.048950008551552,1.7244482271365817,1.110673513230868,0.9545454545454546,Silt or smaller
934,4464.0,75.39059177177062,108.09600959420732,52.010223261901594,235.88225099390854,-70.4909397157975,2.078360807064436,1.0081926404352783,0.9393939393939394,Very Fine Sand
935,7488.0,97.64229468307727,131.0762009611137,83.90978504804335,365.8233764908628,-88.97913187592394,1.5621086490218605,0.7031254082748152,0.8666666666666667,Very Fine Sand
936,1296.0,40.621650015438455,39.191835884530846,39.191835884530846,96.0,-45.00001609038752,1.0,1.7671458676442586,1.0,Silt or smaller
937,2016.0,50.66409894773703,57.37097324805089,42.54745250054008,129.94112549695427,-45.00001609038752,1.3483997249264839,1.5004003042392393,1.0,Silt or smaller
938,1728.0,46.905841142680316,53.665631459994955,39.191835884530846,120.0,0.0,1.3693063937629155,1.5079644737231006,1.0,Silt or smaller
939,1728.0,46.905841142680316,53.665631459994955,39.191835884530846,120.0,90.00003218077504,1.3693063937629155,1.5079644737231006,1.0,Silt or smaller
940,19008.0,155.56907554628577,220.48463228278433,117.59271911254717,577.7056274847714,-48.720050227984345,1.8749854068070322,0.7157034178421654,0.88,Fine Sand
941,1296.0,40.621650015438455,39.191835884530846,39.191835884530846,96.0,-45.00001609038752,1.0,1.7671458676442586,1.0,Silt or smaller
942,1296.0,40.621650015438455,39.191835884530846,39.191835884530846,96.0,-45.00001609038752,1.0,1.7671458676442586,1.0,Silt or smaller
943,2448.0,55.82911790017533,68.34367819768178,44.475331873088976,153.94112549695427,-65.09828039726953,1.5366648278803514,1.2981113960506483,0.9444444444444444,Silt or smaller
944,25920.0,181.66554158545154,272.15878351263393,144.45531758694625,860.3818177180199,-52.40966818924928,1.8840343717276051,0.4400098648593039,0.821917808219178,Fine Sand
945,8496.0,104.00693809583063,126.68447097135423,99.00192964844842,385.27922061357856,-16.59082496745328,1.2796161794139298,0.7192389433877451,0.8309859154929577,Very Fine Sand
946,2880.0,60.555180528483845,67.88225099390857,53.665631459994955,168.0,0.0,1.2649110640673518,1.282282715750936,1.0,Silt or smaller
947,1296.0,40.621650015438455,39.191835884530846,39.191835884530846,96.0,-45.00001609038752,1.0,1.7671458676442586,1.0,Silt or smaller
948,4320.0,74.1646467884524,90.07608450386238,62.942982138226085,225.9411254969543,78.1479159975511,1.4310743063627105,1.0634156201331357,0.967741935483871,Very Fine Sand
949,2880.0,60.555180528483845,81.6854560805809,44.80855124758539,177.94112549695427,-16.11893816715957,1.8229881084357242,1.1430090930538366,0.9523809523809523,Silt or smaller
950,45216.0,239.9391574019237,386.8125251632281,178.75704826470087,1215.0580079512686,-61.29464938814488,2.163900830307075,0.38486461220287393,0.7677261613691931,Fine Sand
951,1296.0,40.621650015438455,39.191835884530846,39.191835884530846,96.0,-45.00001609038752,1.0,1.7671458676442586,1.0,Silt or smaller
952,29808.0,194.81458967301634,304.99902343623717,201.73674574932875,1315.1757569573601,7.581506103405727,1.5118664787783314,0.2165584388599845,0.6613418530351438,Fine Sand
953,4464.0,75.39059177177062,79.01326960829775,72.29492147568774,218.9116882454314,-60.94541769281253,1.0929297382924654,1.17056665736022,0.9393939393939394,Very Fine Sand
954,29088.0,192.44737430595515,370.49230690969,114.79891369449297,1048.2640687119285,-5.925895903321314,3.2273154421622627,0.33264601572027763,0.7829457364341085,Fine Sand
955,6912.0,93.81168228536063,105.02480536523419,84.9458077717475,283.88225099390854,67.14951114895142,1.2363742028027997,1.0777973539121675,0.96,Very Fine Sand
956,1728.0,46.905841142680316,53.665631459994955,39.191835884530846,120.0,90.00003218077504,1.3693063937629155,1.5079644737231006,1.0,Silt or smaller
957,6048.0,87.75279349717744,145.52578501883082,55.41127285994382,314.9116882454314,-85.61029601545209,2.6262848245095944,0.7663798651501635,0.875,Very Fine Sand
958,2016.0,50.66409894773703,57.37097324805089,42.54745250054008,129.94112549695427,-45.00001609038752,1.3483997249264839,1.5004003042392393,1.0,Silt or smaller
959,1296.0,40.621650015438455,39.191835884530846,39.191835884530846,96.0,-45.00001609038752,1.0,1.7671458676442586,1.0,Silt or smaller
960,1296.0,40.621650015438455,39.191835884530846,39.191835884530846,96.0,-45.00001609038752,1.0,1.7671458676442586,1.0,Silt or smaller
961,1296.0,40.621650015438455,39.191835884530846,39.191835884530846,96.0,-45.00001609038752,1.0,1.7671458676442586,1.0,Silt or smaller
962,4032.0,71.64985585730216,91.93814052296489,57.82407124320069,218.9116882454314,-75.21343154825776,1.589963116507047,1.0572860130995538,0.9032258064516129,Very Fine Sand
963,7488.0,97.64229468307727,112.8878549349878,90.34791867752452,317.82337649086287,-16.70316112773846,1.2494793082939104,0.9315453994284612,0.9122807017543859,Very Fine Sand
964,1296.0,40.621650015438455,39.191835884530846,39.191835884530846,96.0,-45.00001609038752,1.0,1.7671458676442586,1.0,Silt or smaller
965,1728.0,46.905841142680316,53.665631459994955,39.191835884530846,120.0,90.00003218077504,1.3693063937629155,1.5079644737231006,1.0,Silt or smaller
966,9504.0,110.00394826170097,195.62676179273205,75.07167806402873,454.7939392393399,-54.92631667469595,2.605866377808709,0.5774135281620397,0.8148148148148148,Very Fine Sand
967,1296.0,40.621650015438455,39.191835884530846,39.191835884530846,96.0,-45.00001609038752,1.0,1.7671458676442586,1.0,Silt or smaller
968,43776.0,236.0875564495649,352.0215686383242,238.23923758899804,1479.0580079512683,16.59055987890018,1.4775969407928489,0.2514638297047369,0.6755555555555556,Fine Sand
969,2880.0,60.555180528483845,75.13188404399293,49.65158607738529,177.9411254969543,-45.00001609038752,1.5131819540849087,1.1430090930538361,0.9523809523809523,Silt or smaller
970,5760.0,85.63795757533302,142.07062174617496,60.96768354345829,317.82337649086287,-55.34430797186,2.3302611070159127,0.7165733841757393,0.8,Very Fine Sand
971,2160.0,52.4423246684198,55.42562584220407,48.3189403857328,136.97056274847716,45.00001609038752,1.1470786693528088,1.446802115179039,1.0,Silt or smaller
972,4752.0,77.78453777314289,94.51062737303997,64.62688198836345,232.97056274847716,-80.92764670502433,1.462404257566647,1.1002318134634794,0.9705882352941176,Very Fine Sand
973,2736.0,59.02188911239122,66.53637880532506,51.548342602979766,160.97056274847716,12.820507496305092,1.2907568981951887,1.3268842295691072,1.0,Silt or smaller
974,8784.0,105.75507628929057,124.6652400956908,96.73355911635451,355.88225099390854,-89.25989659902218,1.2887486125237995,0.8715444334535504,0.9104477611940298,Very Fine Sand
975,12816.0,127.74129326621774,179.76790859211889,98.99825223254877,457.7056274847714,18.89536678495708,1.8158695182803901,0.7687583722668648,0.8557692307692307,Fine Sand
976,9360.0,109.16740419521352,154.73585407008494,87.68673307581408,399.7645019878171,72.83456899061564,1.764643847961585,0.735999057402429,0.8552631578947368,Very Fine Sand
977,2160.0,52.4423246684198,55.42562584220407,48.3189403857328,136.97056274847716,45.00001609038752,1.1470786693528088,1.446802115179039,1.0,Silt or smaller
978,5472.0,83.46955605962458,91.40681046718615,82.14889183414945,259.88225099390854,-65.93019350035615,1.1126968170395715,1.0181287778766266,0.9047619047619048,Very Fine Sand
979,3888.0,70.35876171402046,93.74070664643415,52.54640198787753,208.97056274847716,3.7973230420818878,1.783960520609197,1.118834618782173,1.0,Very Fine Sand
980,3312.0,64.93819655767211,70.77213895435062,58.36020085193556,177.94112549695427,45.00001609038752,1.212678125181665,1.314460457011912,1.0,Very Fine Sand
981,4752.0,77.78453777314289,93.16204817963737,64.55523397463898,225.9411254969543,-10.90070864087732,1.4431370230373077,1.1697571821464494,1.0,Very Fine Sand
982,2016.0,50.66409894773703,57.37097324805089,42.54745250054008,129.94112549695427,-45.00001609038752,1.3483997249264839,1.5004003042392393,1.0,Silt or smaller
983,1296.0,40.621650015438455,39.191835884530846,39.191835884530846,96.0,-45.00001609038752,1.0,1.7671458676442586,1.0,Silt or smaller
984,1296.0,40.621650015438455,39.191835884530846,39.191835884530846,96.0,-45.00001609038752,1.0,1.7671458676442586,1.0,Silt or smaller
985,7056.0,94.78385003602305,118.0742921721161,76.49297068547318,290.9116882454314,-13.723232493764504,1.543596635272784,1.0477220759972303,0.98,Very Fine Sand
986,1296.0,40.621650015438455,39.191835884530846,39.191835884530846,96.0,-45.00001609038752,1.0,1.7671458676442586,1.0,Silt or smaller
987,4032.0,71.64985585730216,78.0894306783797,65.4129738114477,201.9411254969543,90.00003218077504,1.1937911721223953,1.2424554991254617,1.0,Very Fine Sand
988,2016.0,50.66409894773703,57.37097324805089,42.54745250054008,129.94112549695427,45.00001609038752,1.3483997249264839,1.5004003042392393,1.0,Silt or smaller
989,1296.0,40.621650015438455,39.191835884530846,39.191835884530846,96.0,-45.00001609038752,1.0,1.7671458676442586,1.0,Silt or smaller
990,1296.0,40.621650015438455,39.191835884530846,39.191835884530846,96.0,-45.00001609038752,1.0,1.7671458676442586,1.0,Silt or smaller
991,6768.0,92.82933393474059,120.19800027708426,72.36054029240707,290.9116882454314,-10.066937118529136,1.6610987119688059,1.0049579096299963,0.94,Very Fine Sand
992,10656.0,116.4802154389229,151.32716003180158,102.60743832705509,449.8233764908628,63.912392302631254,1.4748166653323445,0.6617897456097332,0.8409090909090909,Very Fine Sand
993,2592.0,57.4476883778063,67.93592979450379,48.58713248336697,160.97056274847716,72.70388165253863,1.398228838010981,1.2570482174865225,0.9473684210526315,Silt or smaller
994,2160.0,52.4423246684198,67.88225099390857,39.191835884530846,144.0,0.0,1.7320508075688776,1.308996938995747,1.0,Silt or smaller
995,1728.0,46.905841142680316,53.665631459994955,39.191835884530846,120.0,0.0,1.3693063937629155,1.5079644737231006,1.0,Silt or smaller
996,3168.0,63.51080914081473,80.53781101287771,50.05921953111047,184.97056274847716,-10.073516475086809,1.6088507125610618,1.1635627281466239,0.9565217391304348,Very Fine Sand
997,1296.0,40.621650015438455,39.191835884530846,39.191835884530846,96.0,-45.00001609038752,1.0,1.7671458676442586,1.0,Silt or smaller
998,33264.0,205.79854279384597,324.7486705977229,214.18998345820464,1157.1168824543142,51.153539420466636,1.5161711362711403,0.3121978270283615,0.6294277929155313,Fine Sand
999,3168.0,63.51080914081473,78.71959892164276,49.95586434022874,177.94112549695427,-77.44261024762024,1.5757829428296166,1.2573100023592203,1.0,Very Fine Sand
1000,1728.0,46.905841142680316,53.665631459994955,39.191835884530846,120.0,90.00003218077504,1.3693063937629155,1.5079644737231006,1.0,Silt or smaller
1001,13968.0,133.35895155879396,145.00151864753207,130.51258412054634,467.6467529817256,-65.67961123475916,1.1110156129741726,0.8026167961994163,0.9065420560747663,Fine Sand
1002,2592.0,57.4476883778063,64.0,50.59644256269407,153.94112549695427,90.00003218077504,1.2649110640673518,1.3744708899359803,1.0,Silt or smaller
1003,1296.0,40.621650015438455,39.191835884530846,39.191835884530846,96.0,-45.00001609038752,1.0,1.7671458676442586,1.0,Silt or smaller
1004,4752.0,77.78453777314289,98.68929557476045,64.3055191912926,249.9411254969543,-54.5868588591099,1.534694017183577,0.9558964609704171,0.9166666666666666,Very Fine Sand
1005,1728.0,46.905841142680316,81.97560612767678,24.0,144.0,0.0,3.415650255319866,1.0471975511965976,1.0,Silt or smaller
1006,6336.0,89.81784764422932,153.6874121438736,63.45856337701404,355.88225099390854,-40.23280850377968,2.4218545766754977,0.6286550011796102,0.7719298245614035,Very Fine Sand
1007,10944.0,118.04377822478244,126.57008902123397,118.5330527208237,389.8233764908628,4.097868080159609,1.0678041788001493,0.905003358112557,0.9156626506024096,Very Fine Sand
1008,12960.0,128.45693636299953,154.26154192614788,122.19503087873994,488.7350647362943,21.14365361514392,1.2624207450729243,0.6818170661156469,0.8737864077669902,Fine Sand
1009,4608.0,76.59691783707508,100.62650097272912,58.06941795803833,235.88225099390854,85.16688090696955,1.7328656720038602,1.0407149836751262,0.9142857142857143,Very Fine Sand
1010,1296.0,40.621650015438455,39.191835884530846,39.191835884530846,96.0,-45.00001609038752,1.0,1.7671458676442586,1.0,Silt or smaller
1011,6912.0,93.81168228536063,146.41862958167158,68.12917812087015,348.8528137423857,-38.392254212089284,2.1491324806811205,0.7137220809501419,0.8421052631578947,Very Fine Sand
1012,1296.0,40.621650015438455,39.191835884530846,39.191835884530846,96.0,-45.00001609038752,1.0,1.7671458676442586,1.0,Silt or smaller
1013,1296.0,40.621650015438455,39.191835884530846,39.191835884530846,96.0,-45.00001609038752,1.0,1.7671458676442586,1.0,Silt or smaller
1014,3600.0,67.70275002573075,78.84994860243967,60.516424261456656,201.9411254969543,-86.51954942315528,1.3029512163801087,1.109335267076305,0.9259259259259259,Very Fine Sand
1015,1296.0,40.621650015438455,39.191835884530846,39.191835884530846,96.0,-45.00001609038752,1.0,1.7671458676442586,1.0,Silt or smaller
1016,1296.0,40.621650015438455,39.191835884530846,39.191835884530846,96.0,-45.00001609038752,1.0,1.7671458676442586,1.0,Silt or smaller
1017,1296.0,40.621650015438455,39.191835884530846,39.191835884530846,96.0,-45.00001609038752,1.0,1.7671458676442586,1.0,Silt or smaller
1018,7632.0,98.57669199876186,144.51789045615408,78.02793030055822,368.7350647362943,-19.241125996531185,1.852130255146857,0.7053738389133407,0.828125,Very Fine Sand
1019,3456.0,66.33487669849642,78.25815016947263,57.72055034432945,194.9116882454314,12.181230863226205,1.3558108802259683,1.1431621365632298,0.9230769230769231,Very Fine Sand
1020,2160.0,52.4423246684198,67.88225099390857,39.191835884530846,144.0,0.0,1.7320508075688776,1.308996938995747,1.0,Silt or smaller
1021,3168.0,63.51080914081473,78.71959892164276,49.95586434022874,177.94112549695427,-12.557421933154789,1.5757829428296166,1.2573100023592203,1.0,Very Fine Sand
1022,4896.0,78.95429570975449,92.76916323358114,70.7010862619233,242.9116882454314,60.42218292353845,1.3121320779981114,1.0426881753190882,0.9714285714285714,Very Fine Sand
1023,2880.0,60.555180528483845,74.78364958166196,48.24319387485855,170.91168824543144,-42.114546947860354,1.5501388605333344,1.2389643882700012,0.9523809523809523,Silt or smaller
1024,2160.0,52.4423246684198,55.42562584220407,48.3189403857328,136.97056274847716,-45.00001609038752,1.1470786693528088,1.446802115179039,1.0,Silt or smaller
1025,64656.0,286.91911055974765,513.6912959671265,199.84747680792785,1999.2489168102784,-55.08947795416308,2.5704167206515796,0.20327546272519614,0.7115689381933439,Medium Sand
1026,2736.0,59.02188911239122,66.53637880532506,51.548342602979766,160.97056274847716,-77.17952468446995,1.2907568981951887,1.3268842295691072,1.0,Silt or smaller
1027,128448.0,404.4070635413558,824.3733991026771,327.52977368091297,4113.673590577917,-68.31312909813235,2.516941864057222,0.09538444417948405,0.5795971410006497,Medium Sand
1028,1728.0,46.905841142680316,53.665631459994955,39.191835884530846,120.0,0.0,1.3693063937629155,1.5079644737231006,1.0,Silt or smaller
1029,5328.0,82.36395021093237,145.95532690051982,57.931593939657965,321.9411254969543,-39.200687325252304,2.519442621457095,0.6459831117639074,0.7551020408163265,Very Fine Sand
1030,4032.0,71.64985585730216,81.59989910491966,63.45742053667935,208.97056274847716,16.206159103915315,1.285900032097171,1.1602729379963275,0.9655172413793104,Very Fine Sand
1031,6192.0,88.79132424398303,90.24617494954153,88.46115463215159,259.88225099390854,0.0,1.0201785780980657,1.1520930907551303,1.0,Very Fine Sand
1032,22608.0,169.66260527108665,273.266364484786,131.6049430448715,758.5584412271571,-56.42232786366103,2.0764141388793744,0.493735003153064,0.7584541062801933,Fine Sand
1033,26640.0,184.17139156705292,227.47994885387553,184.44357606749156,970.0142853498727,-16.649944428649594,1.2333308305117447,0.355785155716857,0.8043478260869565,Fine Sand
1034,2160.0,52.4423246684198,67.88225099390857,39.191835884530846,144.0,90.00003218077504,1.7320508075688776,1.308996938995747,1.0,Silt or smaller
1035,17424.0,148.94605005660765,192.05520069098088,120.84615986922411,529.7056274847714,-53.939293045367435,1.5892536502510046,0.7803484153673802,0.8832116788321168,Fine Sand
1036,3888.0,70.35876171402046,97.10521403596357,51.29348741774291,218.9116882454314,67.33051191274409,1.893129497027998,1.0195257983459982,0.9,Very Fine Sand
1037,4896.0,78.95429570975449,107.59541373057536,59.90467014098277,249.9411254969543,-76.84856139496488,1.796110611699467,0.9848630203937631,0.9444444444444444,Very Fine Sand
1038,864.0,33.16743834924821,39.191835884530846,24.0,72.0,0.0,1.6329931618554518,2.0943951023931953,1.0,Silt or smaller
1039,1296.0,40.621650015438455,39.191835884530846,39.191835884530846,96.0,-45.00001609038752,1.0,1.7671458676442586,1.0,Silt or smaller
1040,1296.0,40.621650015438455,39.191835884530846,39.191835884530846,96.0,-45.00001609038752,1.0,1.7671458676442586,1.0,Silt or smaller
1041,5904.0,86.7018239261228,148.16550939100102,51.6856860589416,307.88225099390854,-87.49205081690812,2.866664267976152,0.7826848123246556,0.9761904761904762,Very Fine Sand
1042,2160.0,52.4423246684198,67.88225099390857,39.191835884530846,144.0,90.00003218077504,1.7320508075688776,1.308996938995747,1.0,Silt or smaller
1043,2160.0,52.4423246684198,55.42562584220407,48.3189403857328,136.97056274847716,-45.00001609038752,1.1470786693528088,1.446802115179039,1.0,Silt or smaller
1044,1296.0,40.621650015438455,39.191835884530846,39.191835884530846,96.0,-45.00001609038752,1.0,1.7671458676442586,1.0,Silt or smaller
1045,3600.0,67.70275002573075,82.66370801829962,56.18590015889491,201.9411254969543,-31.845950810679568,1.471253602496799,1.109335267076305,0.9615384615384616,Very Fine Sand
1046,56592.0,268.4309451528499,358.1867429571065,302.95184900047644,1833.3077913133243,-33.130990595931536,1.1823223530038371,0.21158951262828507,0.6495867768595042,Medium Sand
1047,4176.0,72.91809335695798,94.75048903522236,63.39548028316322,242.9116882454314,29.577849257236583,1.4945937567159107,0.889351678948634,0.8285714285714286,Very Fine Sand
1048,160416.0,451.9380431079418,805.190172615304,394.14102540892554,4728.585278823348,-68.01063339996348,2.0428986598893393,0.09015609557586308,0.5998922994076468,Medium Sand
1049,6912.0,93.81168228536063,134.028044700821,73.64430211275499,334.79393923934003,-44.93376508409148,1.8199377393191118,0.7749227638148054,0.8571428571428571,Very Fine Sand
1050,1296.0,40.621650015438455,39.191835884530846,39.191835884530846,96.0,-45.00001609038752,1.0,1.7671458676442586,1.0,Silt or smaller
1051,14400.0,135.4055000514615,191.5292450243686,122.54168719417635,659.6467529817256,21.274393711304036,1.5629721559233665,0.4158622491400642,0.78125,Fine Sand
1052,1296.0,40.621650015438455,39.191835884530846,39.191835884530846,96.0,-45.00001609038752,1.0,1.7671458676442586,1.0,Silt or smaller
1053,24192.0,175.50558699435487,229.8826897756095,149.02674038471798,734.5584412271571,-35.76400005521832,1.5425600075674937,0.5634156810997297,0.84,Fine Sand
1054,1296.0,40.621650015438455,39.191835884530846,39.191835884530846,96.0,-45.00001609038752,1.0,1.7671458676442586,1.0,Silt or smaller
1055,6480.0,90.83277079272577,104.94668575650115,81.38810883561123,283.88225099390854,-85.4666231811166,1.289459692059854,1.010435019292657,0.9,Very Fine Sand
1056,1296.0,40.621650015438455,39.191835884530846,39.191835884530846,96.0,-45.00001609038752,1.0,1.7671458676442586,1.0,Silt or smaller
1057,1296.0,40.621650015438455,39.191835884530846,39.191835884530846,96.0,-45.00001609038752,1.0,1.7671458676442586,1.0,Silt or smaller
1058,1728.0,46.905841142680316,53.665631459994955,39.191835884530846,120.0,0.0,1.3693063937629155,1.5079644737231006,1.0,Silt or smaller
1059,2880.0,60.555180528483845,75.13188404399293,49.65158607738529,177.9411254969543,45.00001609038752,1.5131819540849087,1.1430090930538361,0.9523809523809523,Silt or smaller
1060,133632.0,412.48702627118985,518.4232072816421,457.8892462830775,3784.556708123602,55.885240010156764,1.1322021896996926,0.11724391125914128,0.6763848396501457,Medium Sand
1061,31536.0,200.3818412001649,260.99974117538545,207.4404937574841,1049.8965363437815,-5.299660151701314,1.258190898255944,0.35952033936719696,0.7711267605633803,Fine Sand
1062,1728.0,46.905841142680316,53.665631459994955,39.191835884530846,120.0,90.00003218077504,1.3693063937629155,1.5079644737231006,1.0,Silt or smaller
1063,2160.0,52.4423246684198,67.88225099390857,39.191835884530846,144.0,0.0,1.7320508075688776,1.308996938995747,1.0,Silt or smaller
1064,374976.0,690.9661869633075,1860.3965603273568,453.2059720743975,10251.728998873852,-79.70635981435734,4.1049692081770655,0.04483519898424849,0.5429524603836531,Coarse Sand
1065,242928.0,556.1524396453041,857.4126453626503,525.2882035319517,6679.4077887624335,-85.47784340685074,1.6322708935733725,0.06842448248309277,0.6409574468085106,Coarse Sand
1066,4320.0,74.1646467884524,103.23210731524905,58.616823687853525,249.9411254969543,-54.59327718779479,1.7611344460590523,0.8689967827003792,0.8823529411764706,Very Fine Sand
1067,17280.0,148.3292935769048,245.11316613464973,120.69405862530101,669.5878784786801,33.651034994369276,2.0308635646731563,0.48432672738425336,0.7407407407407407,Fine Sand
1068,132336.0,410.48194648738513,524.1070227294914,444.60583138250405,3486.262335608374,42.53001625883492,1.1788127499357757,0.13682571918990863,0.6737536656891495,Medium Sand
1069,2160.0,52.4423246684198,55.42562584220407,48.3189403857328,136.97056274847716,45.00001609038752,1.1470786693528088,1.446802115179039,1.0,Silt or smaller
1070,11232.0,119.5868996440051,158.80321380544933,99.68566392793423,430.7939392393399,71.74497928292085,1.5930396362736066,0.7605500329537563,0.8666666666666667,Very Fine Sand
1071,2592.0,57.4476883778063,67.93592979450379,48.58713248336697,160.97056274847716,-17.29615052823642,1.398228838010981,1.2570482174865225,0.9473684210526315,Silt or smaller
1072,10224.0,114.09470235454539,208.71000885147453,72.38503042574732,478.7939392393399,-78.90630747957717,2.8833310924082514,0.5604455384741581,0.8255813953488372,Very Fine Sand
1073,7488.0,97.64229468307727,127.69497854318752,74.91773495687053,307.88225099390854,8.353998026532977,1.7044692904383771,0.9926734205093193,0.9454545454545454,Very Fine Sand
1074,2880.0,60.555180528483845,75.13188404399293,49.65158607738529,177.9411254969543,-45.00001609038752,1.5131819540849087,1.1430090930538361,0.9523809523809523,Silt or smaller
1075,3456.0,66.33487669849642,84.5436229273259,52.157222149210895,194.9116882454314,-28.679052345343894,1.6209379917792457,1.1431621365632298,0.96,Very Fine Sand
1076,4752.0,77.78453777314289,91.87846805733095,65.79306401686483,225.9411254969543,90.00003218077504,1.3964765044804663,1.1697571821464494,1.0,Very Fine Sand
1077,6480.0,90.83277079272577,118.2167280878908,81.03237131044413,334.79393923934003,-9.267561397533349,1.458882742490519,0.72649009107638,0.8653846153846154,Very Fine Sand
1078,68544.0,295.41992375993703,648.4640200562109,221.02655746460897,2094.8225099390856,-55.17552219229769,2.9338737728838025,0.1962839752182829,0.5920398009950248,Medium Sand
1079,2160.0,52.4423246684198,55.42562584220407,48.3189403857328,136.97056274847716,-45.00001609038752,1.1470786693528088,1.446802115179039,1.0,Silt or smaller
1080,11376.0,120.35104096312259,142.4261967976195,121.29709462064775,474.6761902332485,32.81950291386111,1.1741929783483458,0.6344604447566369,0.8586956521739131,Very Fine Sand
1081,9072.0,107.47478378595324,140.72472511893665,87.59408699107848,368.7350647362943,-64.56543915497508,1.6065550764090908,0.8384632424818955,0.875,Very Fine Sand
1082,2160.0,52.4423246684198,55.42562584220407,48.3189403857328,136.97056274847716,45.00001609038752,1.1470786693528088,1.446802115179039,1.0,Silt or smaller
1083,5472.0,83.46955605962458,95.15121722921745,73.0852868653956,242.9116882454314,62.582782863550825,1.3019202812251616,1.1653573724154516,1.0,Very Fine Sand
1084,2160.0,52.4423246684198,67.88225099390857,39.191835884530846,144.0,0.0,1.7320508075688776,1.308996938995747,1.0,Silt or smaller
1085,2160.0,52.4423246684198,55.42562584220407,48.3189403857328,136.97056274847716,45.00001609038752,1.1470786693528088,1.446802115179039,1.0,Silt or smaller
1086,3024.0,62.05059534991693,77.92242766912692,49.225152862260856,177.94112549695427,85.55210210552355,1.5829799023106177,1.2001595477065286,0.9545454545454546,Silt or smaller
1087,1296.0,40.621650015438455,39.191835884530846,39.191835884530846,96.0,-45.00001609038752,1.0,1.7671458676442586,1.0,Silt or smaller
1088,14544.0,136.08084339328664,177.87016244880033,131.86651435171487,601.7056274847714,-5.793717331737981,1.3488652773090244,0.5048072497333602,0.8015873015873016,Fine Sand
1089,8352.0,103.12175656779746,152.44862362389006,79.94729110447525,413.8233764908628,78.04337702174537,1.9068641540920996,0.6128727471868097,0.8405797101449275,Very Fine Sand
1090,6048.0,87.75279349717744,113.22656244613034,71.34845968547384,293.82337649086287,-25.019128482606156,1.5869517428304434,0.8803370017183276,0.8936170212765957,Very Fine Sand
1091,2880.0,60.555180528483845,67.88225099390857,53.665631459994955,168.0,90.00003218077504,1.2649110640673518,1.282282715750936,1.0,Silt or smaller
1092,8784.0,105.75507628929057,137.4883770264657,90.05364453627108,416.7350647362943,-29.32309056781658,1.5267386204573792,0.6355973864127886,0.8714285714285714,Very Fine Sand
1093,1296.0,40.621650015438455,39.191835884530846,39.191835884530846,96.0,-45.00001609038752,1.0,1.7671458676442586,1.0,Silt or smaller
1094,19728.0,158.48807443632876,246.17823411299958,148.09370812679032,802.4406922210658,-13.51678059889103,1.6623139310026207,0.3850055902676163,0.7287234042553191,Fine Sand
1095,31824.0,201.29474725300665,325.8462639759904,133.50037286676476,815.2935059634515,-62.46459049386169,2.44078916769161,0.601639946096628,0.8467432950191571,Fine Sand
1096,6624.0,91.83647828790974,131.42608680623877,71.11438349903187,334.79393923934,-51.62671193960075,1.84809430019214,0.7426343153225221,0.8679245283018868,Very Fine Sand
1097,1296.0,40.621650015438455,39.191835884530846,39.191835884530846,96.0,-45.00001609038752,1.0,1.7671458676442586,1.0,Silt or smaller
1098,4608.0,76.59691783707508,81.3445871472275,71.7987335671536,218.9116882454314,-49.96314061834822,1.1329529520342532,1.2083268721137757,0.9696969696969697,Very Fine Sand
1099,9648.0,110.83417851730056,125.41953331862103,111.61489383104293,423.33809511662423,-79.55160365372113,1.1236809803221681,0.6765072516121998,0.8170731707317073,Very Fine Sand
1100,5328.0,82.36395021093237,100.93685350949343,70.63191733751292,259.88225099390854,76.85850079120532,1.429054417809007,0.9913359153009259,0.9024390243902439,Very Fine Sand
1101,3600.0,67.70275002573075,92.14804074982786,48.82231647482601,201.9411254969543,79.27271153704756,1.887416398960538,1.109335267076305,0.9615384615384616,Very Fine Sand
1102,10224.0,114.09470235454539,136.37701569562753,105.95615196041456,399.7645019878171,-64.05808620733596,1.2871080458506863,0.8039374319318839,0.8987341772151899,Very Fine Sand
1103,15840.0,142.01448654487672,258.5018177604451,103.60052155170507,663.7645019878171,-13.12704240489544,2.495178729688457,0.45179039732462756,0.7971014492753623,Fine Sand
1104,3456.0,66.33487669849642,78.95032559191506,55.16199859441825,187.88225099390857,-62.83149329080746,1.431244835278755,1.2303030149726657,0.96,Very Fine Sand
1105,1728.0,46.905841142680316,53.665631459994955,39.191835884530846,120.0,0.0,1.3693063937629155,1.5079644737231006,1.0,Silt or smaller
1106,33552.0,206.6875255184845,265.9621817719068,180.6878581965609,966.3229432149742,-69.73077400284762,1.4719427438371668,0.4515269689259098,0.8694029850746269,Fine Sand
1107,2736.0,59.02188911239122,66.53637880532506,51.548342602979766,160.97056274847716,77.17952468446995,1.2907568981951887,1.3268842295691072,1.0,Silt or smaller
1108,24912.0,178.09812895828628,261.61639654208415,191.0011312669009,1073.0437226013958,64.06099510243462,1.3697112410109602,0.2718839825139718,0.6603053435114504,Fine Sand
1109,16416.0,144.57351198048843,187.48273754157842,126.73564595227566,570.6761902332485,14.648618174698372,1.47932127644797,0.6334286474568817,0.8382352941176471,Fine Sand
1110,1296.0,40.621650015438455,39.191835884530846,39.191835884530846,96.0,-45.00001609038752,1.0,1.7671458676442586,1.0,Silt or smaller
1111,2304.0,54.162200020584606,53.665631459994955,53.665631459994955,144.0,-45.00001609038752,1.0,1.3962634015954636,1.0,Silt or smaller
1112,7920.0,100.41940646260807,129.94175782599535,80.47705942535138,331.88225099390854,-60.26042957542206,1.6146434617995238,0.9035807946492551,0.9166666666666666,Very Fine Sand
1113,9216.0,108.32440004116921,130.52817077549514,93.3920988842374,358.79393923934003,84.45413816750359,1.397636120559718,0.8996262796989588,0.9014084507042254,Very Fine Sand
1114,5184.0,81.24330003087691,103.70852251349746,64.5814569384248,245.82337649086287,-21.690466300353073,1.605856037165256,1.078024168905294,0.9230769230769231,Very Fine Sand
1115,20016.0,159.64073016438823,269.1828754221744,103.84437771298438,649.7056274847714,-66.60045399847148,2.5921757282437508,0.5958732636835835,0.7988505747126436,Fine Sand
1116,10080.0,113.28836926591555,159.4381012571472,84.49126286290634,403.8822509939086,19.51494818496747,1.887036550937201,0.7765346869534135,0.875,Very Fine Sand
1117,10368.0,114.8953767556126,136.19434416916474,108.41684245283213,430.79393923934003,0.07120734942986812,1.2562102076383335,0.7020461842650054,0.8674698795180723,Very Fine Sand
1118,10800.0,117.26460285670078,213.6064717899653,70.89913969465886,498.6761902332485,-59.237622475423485,3.0128217734362326,0.5457532789539671,0.8064516129032258,Very Fine Sand
1119,7488.0,97.64229468307727,113.63393455004449,85.06616245957781,300.8528137423857,24.188595728896054,1.3358300323473704,1.0396030489558308,0.9454545454545454,Very Fine Sand
1120,24336.0,176.0271500669,310.48378298892453,106.3833016027773,748.6173157302029,-86.93346719798558,2.918538702137995,0.5456816179778745,0.8756476683937824,Fine Sand
1121,8352.0,103.12175656779746,130.87427476459013,91.05261219863885,351.33809511662423,22.815566493873142,1.4373478322519402,0.8502563127709533,0.8787878787878788,Very Fine Sand
1122,8208.0,102.22891070135796,119.025427886683,93.61484796846779,324.8528137423857,27.529256994659402,1.2714374959704495,0.9774036267615615,0.95,Very Fine Sand
1123,9792.0,111.65823580035067,137.1728783703409,95.89492548468513,372.8528137423857,82.47124076435684,1.4304498144925097,0.8851286924383145,0.9066666666666666,Very Fine Sand
1124,5904.0,86.7018239261228,101.51781391425357,80.9146933042125,283.88225099390854,23.475256210600595,1.254627679704354,0.9206185731333097,0.8913043478260869,Very Fine Sand
1125,864.0,33.16743834924821,39.191835884530846,24.0,72.0,0.0,1.6329931618554518,2.0943951023931953,1.0,Silt or smaller
1126,1296.0,40.621650015438455,39.191835884530846,39.191835884530846,96.0,-45.00001609038752,1.0,1.7671458676442586,1.0,Silt or smaller
1127,4176.0,72.91809335695798,96.44877547210848,57.87129462899068,235.88225099390854,-53.041529666968685,1.6666082224431933,0.943147953955583,0.8787878787878788,Very Fine Sand
1128,7200.0,95.74614729634385,134.08284501270492,72.44276273927537,317.82337649086287,-86.67007183152647,1.850879783468155,0.8957167302196741,0.9615384615384616,Very Fine Sand
1129,4032.0,71.64985585730216,89.25685560811381,63.98397003023392,218.48528137423855,30.47270884640627,1.394987769060561,1.0614169454273126,0.875,Very Fine Sand
1130,3888.0,70.35876171402046,83.09710003235001,61.099052271175516,208.97056274847716,73.7250246153209,1.360039099518937,1.118834618782173,0.9642857142857143,Very Fine Sand
1131,1296.0,40.621650015438455,39.191835884530846,39.191835884530846,96.0,-45.00001609038752,1.0,1.7671458676442586,1.0,Silt or smaller
1132,2880.0,60.555180528483845,98.37072735321215,38.6243446546346,184.97056274847716,90.00003218077504,2.5468581598680533,1.0577842983151124,0.9523809523809523,Silt or smaller
1133,2160.0,52.4423246684198,76.10741758456585,35.68278280359475,139.4558441227157,86.48583280474891,2.132889074360497,1.3956938910021737,0.9375,Silt or smaller
1134,1296.0,40.621650015438455,39.191835884530846,39.191835884530846,96.0,-45.00001609038752,1.0,1.7671458676442586,1.0,Silt or smaller
1135,1296.0,40.621650015438455,39.191835884530846,39.191835884530846,96.0,-45.00001609038752,1.0,1.7671458676442586,1.0,Silt or smaller
1136,1296.0,40.621650015438455,39.191835884530846,39.191835884530846,96.0,-45.00001609038752,1.0,1.7671458676442586,1.0,Silt or smaller
1137,1728.0,46.905841142680316,53.665631459994955,39.191835884530846,120.0,90.00003218077504,1.3693063937629155,1.5079644737231006,1.0,Silt or smaller
1138,864.0,33.16743834924821,39.191835884530846,24.0,72.0,90.00003218077504,1.6329931618554518,2.0943951023931953,1.0,Silt or smaller
1139,864.0,33.16743834924821,39.191835884530846,24.0,72.0,90.00003218077504,1.6329931618554518,2.0943951023931953,1.0,Silt or smaller
1140,2304.0,54.162200020584606,109.98181667894016,24.0,192.0,90.00003218077504,4.58257569495584,0.7853981633974483,1.0,Silt or smaller
1141,1152.0,38.29845891853754,53.665631459994955,24.0,96.0,90.00003218077504,2.23606797749979,1.5707963267948966,1.0,Silt or smaller
